usageKey,scientificName,canonicalName,authorship,rank,code,status,genericName,specificEpithet,type,formattedName,matchType,confidence,timeTaken,kingdom,phylum,order,family,genus,species,kingdomKey,phylumKey,orderKey,familyKey,genusKey,speciesKey,value,verbatim_name,is_alternative,class,classKey,note,infraspecificEpithet,subspecies,subspeciesKey,form,formKey,acceptedUsageKey,acceptedScientificName,variety,varietyKey,species_requested,taxon_group
5206304,"Abbottina rivularis (Basilewsky, 1855)",Abbottina rivularis,"(Basilewsky, 1855)",SPECIES,ZOOLOGICAL,ACCEPTED,Abbottina,rivularis,SCIENTIFIC,"<i>Abbottina</i> <i>rivularis</i> (Basilewsky, 1855)",EXACT,99,10,Animalia,Chordata,Cypriniformes,Cyprinidae,Abbottina,Abbottina rivularis,1,44,1153,7336,2362542,5206304,FALSE,Abbottina rivularis,FALSE,NA,NA,NA,NA,NA,NA,NA,NA,NA,NA,NA,NA,Abbottina rivularis,Fish
9809222,"Abramis brama (Linnaeus, 1758)",Abramis brama,"(Linnaeus, 1758)",SPECIES,ZOOLOGICAL,ACCEPTED,Abramis,brama,SCIENTIFIC,"<i>Abramis</i> <i>brama</i> (Linnaeus, 1758)",EXACT,97,12,Animalia,Chordata,Cypriniformes,Cyprinidae,Abramis,Abramis brama,1,44,1153,7336,2363407,9809222,FALSE,Abramis brama,FALSE,NA,NA,NA,NA,NA,NA,NA,NA,NA,NA,NA,NA,Abramis brama,Fish
2355545,"Abramites hypselonotus (Günther, 1868)",Abramites hypselonotus,"(Günther, 1868)",SPECIES,ZOOLOGICAL,ACCEPTED,Abramites,hypselonotus,SCIENTIFIC,"<i>Abramites</i> <i>hypselonotus</i> (Günther, 1868)",EXACT,99,15,Animalia,Chordata,Characiformes,Anostomidae,Abramites,Abramites hypselonotus,1,44,537,7200,2355542,2355545,FALSE,Abramites hypselonotus,FALSE,NA,NA,NA,NA,NA,NA,NA,NA,NA,NA,NA,NA,Abramites hypselonotus,Fish
2360162,"Acanthobrama lissneri Tortonese, 1952",Acanthobrama lissneri,"Tortonese, 1952",SPECIES,ZOOLOGICAL,ACCEPTED,Acanthobrama,lissneri,SCIENTIFIC,"<i>Acanthobrama</i> <i>lissneri</i> Tortonese, 1952",EXACT,99,12,Animalia,Chordata,Cypriniformes,Cyprinidae,Acanthobrama,Acanthobrama lissneri,1,44,1153,7336,2360145,2360162,FALSE,Acanthobrama lissneri,FALSE,NA,NA,NA,NA,NA,NA,NA,NA,NA,NA,NA,NA,Acanthobrama lissneri,Fish
7762008,"Acanthobrama microlepis (De Filippi, 1863)",Acanthobrama microlepis,"(De Filippi, 1863)",SPECIES,ZOOLOGICAL,ACCEPTED,Acanthobrama,microlepis,SCIENTIFIC,"<i>Acanthobrama</i> <i>microlepis</i> (De Filippi, 1863)",EXACT,99,12,Animalia,Chordata,Cypriniformes,Cyprinidae,Acanthobrama,Acanthobrama microlepis,1,44,1153,7336,2360145,7762008,FALSE,Acanthobrama microlepis,FALSE,NA,NA,NA,NA,NA,NA,NA,NA,NA,NA,NA,NA,Acanthobrama microlepis,Fish
2375974,"Acanthogobius flavimanus (Temminck & Schlegel, 1845)",Acanthogobius flavimanus,"(Temminck & Schlegel, 1845)",SPECIES,ZOOLOGICAL,ACCEPTED,Acanthogobius,flavimanus,SCIENTIFIC,"<i>Acanthogobius</i> <i>flavimanus</i> (Temminck & Schlegel, 1845)",EXACT,99,13,Animalia,Chordata,Perciformes,Gobiidae,Acanthogobius,Acanthogobius flavimanus,1,44,587,4274,2375969,2375974,FALSE,Acanthogobius flavimanus,FALSE,NA,NA,NA,NA,NA,NA,NA,NA,NA,NA,NA,NA,Acanthogobius flavimanus,Fish
2368334,"Acantopsis dialuzona Van Hasselt, 1823",Acantopsis dialuzona,"Van Hasselt, 1823",SPECIES,ZOOLOGICAL,ACCEPTED,Acantopsis,dialuzona,SCIENTIFIC,"<i>Acantopsis</i> <i>dialuzona</i> Van Hasselt, 1823",EXACT,99,11,Animalia,Chordata,Cypriniformes,Cobitidae,Acantopsis,Acantopsis dialuzona,1,44,1153,3385,2368324,2368334,FALSE,Acantopsis dialuzona,FALSE,NA,NA,NA,NA,NA,NA,NA,NA,NA,NA,NA,NA,Acantopsis dialuzona,Fish
2371393,"Acarichthys heckelii (Müller & Troschel, 1849)",Acarichthys heckelii,"(Müller & Troschel, 1849)",SPECIES,ZOOLOGICAL,ACCEPTED,Acarichthys,heckelii,SCIENTIFIC,"<i>Acarichthys</i> <i>heckelii</i> (Müller & Troschel, 1849)",EXACT,99,12,Animalia,Chordata,Perciformes,Cichlidae,Acarichthys,Acarichthys heckelii,1,44,587,8522,2371392,2371393,FALSE,Acarichthys heckelii,FALSE,NA,NA,NA,NA,NA,NA,NA,NA,NA,NA,NA,NA,Acarichthys heckelii,Fish
2359432,"Acheilognathus cyanostigma Jordan & Fowler, 1903",Acheilognathus cyanostigma,"Jordan & Fowler, 1903",SPECIES,ZOOLOGICAL,ACCEPTED,Acheilognathus,cyanostigma,SCIENTIFIC,"<i>Acheilognathus</i> <i>cyanostigma</i> Jordan & Fowler, 1903",EXACT,99,14,Animalia,Chordata,Cypriniformes,Cyprinidae,Acheilognathus,Acheilognathus cyanostigma,1,44,1153,7336,2359376,2359432,FALSE,Acheilognathus cyanostigma,FALSE,NA,NA,NA,NA,NA,NA,NA,NA,NA,NA,NA,NA,Acheilognathus cyanostigma,Fish
2359405,"Acheilognathus macropterus (Bleeker, 1871)",Acheilognathus macropterus,"(Bleeker, 1871)",SPECIES,ZOOLOGICAL,ACCEPTED,Acheilognathus,macropterus,SCIENTIFIC,"<i>Acheilognathus</i> <i>macropterus</i> (Bleeker, 1871)",EXACT,99,15,Animalia,Chordata,Cypriniformes,Cyprinidae,Acheilognathus,Acheilognathus macropterus,1,44,1153,7336,2359376,2359405,FALSE,Acheilognathus macropterus,FALSE,NA,NA,NA,NA,NA,NA,NA,NA,NA,NA,NA,NA,Acheilognathus macropterus,Fish
2359434,"Acheilognathus rhombeus (Temminck & Schlegel, 1846)",Acheilognathus rhombeus,"(Temminck & Schlegel, 1846)",SPECIES,ZOOLOGICAL,ACCEPTED,Acheilognathus,rhombeus,SCIENTIFIC,"<i>Acheilognathus</i> <i>rhombeus</i> (Temminck & Schlegel, 1846)",EXACT,99,13,Animalia,Chordata,Cypriniformes,Cyprinidae,Acheilognathus,Acheilognathus rhombeus,1,44,1153,7336,2359376,2359434,FALSE,Acheilognathus rhombeus,FALSE,NA,NA,NA,NA,NA,NA,NA,NA,NA,NA,NA,NA,Acheilognathus rhombeus,Fish
4286919,"Acheilognathus tabira Jordan & Thompson, 1914",Acheilognathus tabira,"Jordan & Thompson, 1914",SPECIES,ZOOLOGICAL,ACCEPTED,Acheilognathus,tabira,SCIENTIFIC,"<i>Acheilognathus</i> <i>tabira</i> Jordan & Thompson, 1914",EXACT,99,13,Animalia,Chordata,Cypriniformes,Cyprinidae,Acheilognathus,Acheilognathus tabira,1,44,1153,7336,2359376,4286919,FALSE,Acheilognathus tabira,FALSE,NA,NA,NA,NA,NA,NA,NA,NA,NA,NA,NA,NA,Acheilognathus tabira,Fish
2359448,"Acheilognathus typus (Bleeker, 1863)",Acheilognathus typus,"(Bleeker, 1863)",SPECIES,ZOOLOGICAL,ACCEPTED,Acheilognathus,typus,SCIENTIFIC,"<i>Acheilognathus</i> <i>typus</i> (Bleeker, 1863)",EXACT,99,12,Animalia,Chordata,Cypriniformes,Cyprinidae,Acheilognathus,Acheilognathus typus,1,44,1153,7336,2359376,2359448,FALSE,Acheilognathus typus,FALSE,NA,NA,NA,NA,NA,NA,NA,NA,NA,NA,NA,NA,Acheilognathus typus,Fish
4287131,"Acipenser baerii Brandt, 1869",Acipenser baerii,"Brandt, 1869",SPECIES,ZOOLOGICAL,ACCEPTED,Acipenser,baerii,SCIENTIFIC,"<i>Acipenser</i> <i>baerii</i> Brandt, 1869",EXACT,99,12,Animalia,Chordata,Acipenseriformes,Acipenseridae,Acipenser,Acipenser baerii,1,44,1103,2947,2340025,4287131,FALSE,Acipenser baerii,FALSE,NA,NA,NA,NA,NA,NA,NA,NA,NA,NA,NA,NA,Acipenser baerii,Fish
2402120,"Acipenser fulvescens Rafinesque, 1817",Acipenser fulvescens,"Rafinesque, 1817",SPECIES,ZOOLOGICAL,ACCEPTED,Acipenser,fulvescens,SCIENTIFIC,"<i>Acipenser</i> <i>fulvescens</i> Rafinesque, 1817",EXACT,99,12,Animalia,Chordata,Acipenseriformes,Acipenseridae,Acipenser,Acipenser fulvescens,1,44,1103,2947,2340025,2402120,FALSE,Acipenser fulvescens,FALSE,NA,NA,NA,NA,NA,NA,NA,NA,NA,NA,NA,NA,Acipenser fulvescens,Fish
2402129,"Acipenser gueldenstaedtii Brandt & Ratzeburg, 1833",Acipenser gueldenstaedtii,"Brandt & Ratzeburg, 1833",SPECIES,ZOOLOGICAL,ACCEPTED,Acipenser,gueldenstaedtii,SCIENTIFIC,"<i>Acipenser</i> <i>gueldenstaedtii</i> Brandt & Ratzeburg, 1833",EXACT,99,21,Animalia,Chordata,Acipenseriformes,Acipenseridae,Acipenser,Acipenser gueldenstaedtii,1,44,1103,2947,2340025,2402129,FALSE,Acipenser gueldenstaedtii,FALSE,NA,NA,NA,NA,NA,NA,NA,NA,NA,NA,NA,NA,Acipenser gueldenstaedtii,Fish
2402193,"Acipenser naccarii Bonaparte, 1836",Acipenser naccarii,"Bonaparte, 1836",SPECIES,ZOOLOGICAL,ACCEPTED,Acipenser,naccarii,SCIENTIFIC,"<i>Acipenser</i> <i>naccarii</i> Bonaparte, 1836",EXACT,99,10,Animalia,Chordata,Acipenseriformes,Acipenseridae,Acipenser,Acipenser naccarii,1,44,1103,2947,2340025,2402193,FALSE,Acipenser naccarii,FALSE,NA,NA,NA,NA,NA,NA,NA,NA,NA,NA,NA,NA,Acipenser naccarii,Fish
2402154,"Acipenser nudiventris Lovetsky, 1828",Acipenser nudiventris,"Lovetsky, 1828",SPECIES,ZOOLOGICAL,ACCEPTED,Acipenser,nudiventris,SCIENTIFIC,"<i>Acipenser</i> <i>nudiventris</i> Lovetsky, 1828",EXACT,99,12,Animalia,Chordata,Acipenseriformes,Acipenseridae,Acipenser,Acipenser nudiventris,1,44,1103,2947,2340025,2402154,FALSE,Acipenser nudiventris,FALSE,NA,NA,NA,NA,NA,NA,NA,NA,NA,NA,NA,NA,Acipenser nudiventris,Fish
2402168,"Acipenser ruthenus Linnaeus, 1758",Acipenser ruthenus,"Linnaeus, 1758",SPECIES,ZOOLOGICAL,ACCEPTED,Acipenser,ruthenus,SCIENTIFIC,"<i>Acipenser</i> <i>ruthenus</i> Linnaeus, 1758",EXACT,99,10,Animalia,Chordata,Acipenseriformes,Acipenseridae,Acipenser,Acipenser ruthenus,1,44,1103,2947,2340025,2402168,FALSE,Acipenser ruthenus,FALSE,NA,NA,NA,NA,NA,NA,NA,NA,NA,NA,NA,NA,Acipenser ruthenus,Fish
2402151,"Acipenser sinensis Gray, 1835",Acipenser sinensis,"Gray, 1835",SPECIES,ZOOLOGICAL,ACCEPTED,Acipenser,sinensis,SCIENTIFIC,"<i>Acipenser</i> <i>sinensis</i> Gray, 1835",EXACT,99,10,Animalia,Chordata,Acipenseriformes,Acipenseridae,Acipenser,Acipenser sinensis,1,44,1103,2947,2340025,2402151,FALSE,Acipenser sinensis,FALSE,NA,NA,NA,NA,NA,NA,NA,NA,NA,NA,NA,NA,Acipenser sinensis,Fish
2402159,"Acipenser stellatus Pallas, 1771",Acipenser stellatus,"Pallas, 1771",SPECIES,ZOOLOGICAL,ACCEPTED,Acipenser,stellatus,SCIENTIFIC,"<i>Acipenser</i> <i>stellatus</i> Pallas, 1771",EXACT,99,10,Animalia,Chordata,Acipenseriformes,Acipenseridae,Acipenser,Acipenser stellatus,1,44,1103,2947,2340025,2402159,FALSE,Acipenser stellatus,FALSE,NA,NA,NA,NA,NA,NA,NA,NA,NA,NA,NA,NA,Acipenser stellatus,Fish
2402122,"Acipenser transmontanus Richardson, 1836",Acipenser transmontanus,"Richardson, 1836",SPECIES,ZOOLOGICAL,ACCEPTED,Acipenser,transmontanus,SCIENTIFIC,"<i>Acipenser</i> <i>transmontanus</i> Richardson, 1836",EXACT,99,17,Animalia,Chordata,Acipenseriformes,Acipenseridae,Acipenser,Acipenser transmontanus,1,44,1103,2947,2340025,2402122,FALSE,Acipenser transmontanus,FALSE,NA,NA,NA,NA,NA,NA,NA,NA,NA,NA,NA,NA,Acipenser transmontanus,Fish
2343984,"Agamyxis pectinifrons (Cope, 1870)",Agamyxis pectinifrons,"(Cope, 1870)",SPECIES,ZOOLOGICAL,ACCEPTED,Agamyxis,pectinifrons,SCIENTIFIC,"<i>Agamyxis</i> <i>pectinifrons</i> (Cope, 1870)",EXACT,99,13,Animalia,Chordata,Siluriformes,Doradidae,Agamyxis,Agamyxis pectinifrons,1,44,708,5150,2343981,2343984,FALSE,Agamyxis pectinifrons,FALSE,NA,NA,NA,NA,NA,NA,NA,NA,NA,NA,NA,NA,Agamyxis pectinifrons,Fish
2359113,"Agosia chrysogaster Girard, 1856",Agosia chrysogaster,"Girard, 1856",SPECIES,ZOOLOGICAL,ACCEPTED,Agosia,chrysogaster,SCIENTIFIC,"<i>Agosia</i> <i>chrysogaster</i> Girard, 1856",EXACT,99,11,Animalia,Chordata,Cypriniformes,Cyprinidae,Agosia,Agosia chrysogaster,1,44,1153,7336,2359112,2359113,FALSE,Agosia chrysogaster,FALSE,NA,NA,NA,NA,NA,NA,NA,NA,NA,NA,NA,NA,Agosia chrysogaster,Fish
2360305,"Alburnoides bipunctatus (Bloch, 1782)",Alburnoides bipunctatus,"(Bloch, 1782)",SPECIES,ZOOLOGICAL,ACCEPTED,Alburnoides,bipunctatus,SCIENTIFIC,"<i>Alburnoides</i> <i>bipunctatus</i> (Bloch, 1782)",EXACT,99,12,Animalia,Chordata,Cypriniformes,Cyprinidae,Alburnoides,Alburnoides bipunctatus,1,44,1153,7336,2360279,2360305,FALSE,Alburnoides bipunctatus,FALSE,NA,NA,NA,NA,NA,NA,NA,NA,NA,NA,NA,NA,Alburnoides bipunctatus,Fish
2362925,"Alburnus alburnus (Linnaeus, 1758)",Alburnus alburnus,"(Linnaeus, 1758)",SPECIES,ZOOLOGICAL,ACCEPTED,Alburnus,alburnus,SCIENTIFIC,"<i>Alburnus</i> <i>alburnus</i> (Linnaeus, 1758)",EXACT,99,8,Animalia,Chordata,Cypriniformes,Cyprinidae,Alburnus,Alburnus alburnus,1,44,1153,7336,2362898,2362925,FALSE,Alburnus alburnus,FALSE,NA,NA,NA,NA,NA,NA,NA,NA,NA,NA,NA,NA,Alburnus alburnus,Fish
2362973,"Alburnus chalcoides (Güldenstädt, 1772)",Alburnus chalcoides,"(Güldenstädt, 1772)",SPECIES,ZOOLOGICAL,ACCEPTED,Alburnus,chalcoides,SCIENTIFIC,"<i>Alburnus</i> <i>chalcoides</i> (Güldenstädt, 1772)",EXACT,99,12,Animalia,Chordata,Cypriniformes,Cyprinidae,Alburnus,Alburnus chalcoides,1,44,1153,7336,2362898,2362973,FALSE,Alburnus chalcoides,FALSE,NA,NA,NA,NA,NA,NA,NA,NA,NA,NA,NA,NA,Alburnus chalcoides,Fish
2362899,"Alburnus tarichi (Güldenstädt, 1814)",Alburnus tarichi,"(Güldenstädt, 1814)",SPECIES,ZOOLOGICAL,ACCEPTED,Alburnus,tarichi,SCIENTIFIC,"<i>Alburnus</i> <i>tarichi</i> (Güldenstädt, 1814)",EXACT,99,11,Animalia,Chordata,Cypriniformes,Cyprinidae,Alburnus,Alburnus tarichi,1,44,1153,7336,2362898,2362899,FALSE,Alburnus tarichi,FALSE,NA,NA,NA,NA,NA,NA,NA,NA,NA,NA,NA,NA,Alburnus tarichi,Fish
2865152,Alisma gramineum Lej.,Alisma gramineum,Lej.,SPECIES,NA,ACCEPTED,Alisma,gramineum,SCIENTIFIC,<i>Alisma</i> <i>gramineum</i> Lej.,EXACT,98,6,Plantae,Tracheophyta,Alismatales,Alismataceae,Alisma,Alisma gramineum,6,7707728,551,3720,2865099,2865152,FALSE,Alisma gramineum,FALSE,Liliopsida,196,NA,NA,NA,NA,NA,NA,NA,NA,NA,NA,Alisma gramineum,Plant (strict freshwater habitat tag only)
2865125,Alisma lanceolatum With.,Alisma lanceolatum,With.,SPECIES,NA,ACCEPTED,Alisma,lanceolatum,SCIENTIFIC,<i>Alisma</i> <i>lanceolatum</i> With.,EXACT,97,12,Plantae,Tracheophyta,Alismatales,Alismataceae,Alisma,Alisma lanceolatum,6,7707728,551,3720,2865099,2865125,FALSE,Alisma lanceolatum,FALSE,Liliopsida,196,NA,NA,NA,NA,NA,NA,NA,NA,NA,NA,Alisma lanceolatum,Plant (strict freshwater habitat tag only)
2865100,Alisma plantago-aquatica L.,Alisma plantago-aquatica,L.,SPECIES,NA,ACCEPTED,Alisma,plantago-aquatica,SCIENTIFIC,<i>Alisma</i> <i>plantago-aquatica</i> L.,EXACT,99,15,Plantae,Tracheophyta,Alismatales,Alismataceae,Alisma,Alisma plantago-aquatica,6,7707728,551,3720,2865099,2865100,FALSE,Alisma plantago-aquatica,FALSE,Liliopsida,196,NA,NA,NA,NA,NA,NA,NA,NA,NA,NA,Alisma plantago-aquatica,Plant (strict freshwater habitat tag only)
2865181,Alisma subcordatum Raf.,Alisma subcordatum,Raf.,SPECIES,NA,ACCEPTED,Alisma,subcordatum,SCIENTIFIC,<i>Alisma</i> <i>subcordatum</i> Raf.,EXACT,99,12,Plantae,Tracheophyta,Alismatales,Alismataceae,Alisma,Alisma subcordatum,6,7707728,551,3720,2865099,2865181,FALSE,Alisma subcordatum,FALSE,Liliopsida,196,NA,NA,NA,NA,NA,NA,NA,NA,NA,NA,Alisma subcordatum,Plant (strict freshwater habitat tag only)
2412708,"Alosa aestivalis (Mitchill, 1814)",Alosa aestivalis,"(Mitchill, 1814)",SPECIES,ZOOLOGICAL,ACCEPTED,Alosa,aestivalis,SCIENTIFIC,"<i>Alosa</i> <i>aestivalis</i> (Mitchill, 1814)",EXACT,99,13,Animalia,Chordata,Clupeiformes,Clupeidae,Alosa,Alosa aestivalis,1,44,538,7332,2412615,2412708,FALSE,Alosa aestivalis,FALSE,NA,NA,NA,NA,NA,NA,NA,NA,NA,NA,NA,NA,Alosa aestivalis,Fish
4284114,"Alosa caspia (Eichwald, 1838)",Alosa caspia,"(Eichwald, 1838)",SPECIES,ZOOLOGICAL,ACCEPTED,Alosa,caspia,SCIENTIFIC,"<i>Alosa</i> <i>caspia</i> (Eichwald, 1838)",EXACT,99,7,Animalia,Chordata,Clupeiformes,Clupeidae,Alosa,Alosa caspia,1,44,538,7332,2412615,4284114,FALSE,Alosa caspia,FALSE,NA,NA,NA,NA,NA,NA,NA,NA,NA,NA,NA,NA,Alosa caspia,Fish
2412681,"Alosa chrysochloris (Rafinesque, 1820)",Alosa chrysochloris,"(Rafinesque, 1820)",SPECIES,ZOOLOGICAL,ACCEPTED,Alosa,chrysochloris,SCIENTIFIC,"<i>Alosa</i> <i>chrysochloris</i> (Rafinesque, 1820)",EXACT,99,10,Animalia,Chordata,Clupeiformes,Clupeidae,Alosa,Alosa chrysochloris,1,44,538,7332,2412615,2412681,FALSE,Alosa chrysochloris,FALSE,NA,NA,NA,NA,NA,NA,NA,NA,NA,NA,NA,NA,Alosa chrysochloris,Fish
2412637,"Alosa immaculata Bennett, 1835",Alosa immaculata,"Bennett, 1835",SPECIES,ZOOLOGICAL,ACCEPTED,Alosa,immaculata,SCIENTIFIC,"<i>Alosa</i> <i>immaculata</i> Bennett, 1835",EXACT,99,11,Animalia,Chordata,Clupeiformes,Clupeidae,Alosa,Alosa immaculata,1,44,538,7332,2412615,2412637,FALSE,Alosa immaculata,FALSE,NA,NA,NA,NA,NA,NA,NA,NA,NA,NA,NA,NA,Alosa immaculata,Fish
2412740,"Alosa pseudoharengus (Wilson, 1811)",Alosa pseudoharengus,"(Wilson, 1811)",SPECIES,ZOOLOGICAL,ACCEPTED,Alosa,pseudoharengus,SCIENTIFIC,"<i>Alosa</i> <i>pseudoharengus</i> (Wilson, 1811)",EXACT,99,12,Animalia,Chordata,Clupeiformes,Clupeidae,Alosa,Alosa pseudoharengus,1,44,538,7332,2412615,2412740,FALSE,Alosa pseudoharengus,FALSE,NA,NA,NA,NA,NA,NA,NA,NA,NA,NA,NA,NA,Alosa pseudoharengus,Fish
2412661,"Alosa sapidissima (Wilson, 1811)",Alosa sapidissima,"(Wilson, 1811)",SPECIES,ZOOLOGICAL,ACCEPTED,Alosa,sapidissima,SCIENTIFIC,"<i>Alosa</i> <i>sapidissima</i> (Wilson, 1811)",EXACT,99,11,Animalia,Chordata,Clupeiformes,Clupeidae,Alosa,Alosa sapidissima,1,44,538,7332,2412615,2412661,FALSE,Alosa sapidissima,FALSE,NA,NA,NA,NA,NA,NA,NA,NA,NA,NA,NA,NA,Alosa sapidissima,Fish
2372765,"Altolamprologus compressiceps (Boulenger, 1898)",Altolamprologus compressiceps,"(Boulenger, 1898)",SPECIES,ZOOLOGICAL,ACCEPTED,Altolamprologus,compressiceps,SCIENTIFIC,"<i>Altolamprologus</i> <i>compressiceps</i> (Boulenger, 1898)",EXACT,99,16,Animalia,Chordata,Perciformes,Cichlidae,Altolamprologus,Altolamprologus compressiceps,1,44,587,8522,2372760,2372765,FALSE,Altolamprologus compressiceps,FALSE,NA,NA,NA,NA,NA,NA,NA,NA,NA,NA,NA,NA,Altolamprologus compressiceps,Fish
4416900,"Amathillina cristata G.O.Sars, 1894",Amathillina cristata,"G.O.Sars, 1894",SPECIES,ZOOLOGICAL,ACCEPTED,Amathillina,cristata,SCIENTIFIC,"<i>Amathillina</i> <i>cristata</i> G.O.Sars, 1894",EXACT,99,10,Animalia,Arthropoda,Amphipoda,Gammaridae,Amathillina,Amathillina cristata,1,54,1231,4434,4416899,4416900,FALSE,Amathillina cristata,FALSE,Malacostraca,229,NA,NA,NA,NA,NA,NA,NA,NA,NA,NA,Amathillina cristata,Crayfish/crab (Malacostraca)
2370027,"Amatitlania nigrofasciata (Günther, 1867)",Amatitlania nigrofasciata,"(Günther, 1867)",SPECIES,ZOOLOGICAL,ACCEPTED,Amatitlania,nigrofasciata,SCIENTIFIC,"<i>Amatitlania</i> <i>nigrofasciata</i> (Günther, 1867)",EXACT,99,16,Animalia,Chordata,Perciformes,Cichlidae,Amatitlania,Amatitlania nigrofasciata,1,44,587,8522,2370023,2370027,FALSE,Amatitlania nigrofasciata,FALSE,NA,NA,NA,NA,NA,NA,NA,NA,NA,NA,NA,NA,Amatitlania nigrofasciata,Fish
2394516,"Ambloplites cavifrons Cope, 1868",Ambloplites cavifrons,"Cope, 1868",SPECIES,ZOOLOGICAL,ACCEPTED,Ambloplites,cavifrons,SCIENTIFIC,"<i>Ambloplites</i> <i>cavifrons</i> Cope, 1868",EXACT,99,8,Animalia,Chordata,Perciformes,Centrarchidae,Ambloplites,Ambloplites cavifrons,1,44,587,8513,2394512,2394516,FALSE,Ambloplites cavifrons,FALSE,NA,NA,NA,NA,NA,NA,NA,NA,NA,NA,NA,NA,Ambloplites cavifrons,Fish
2394513,"Ambloplites constellatus Cashner & Suttkus, 1977",Ambloplites constellatus,"Cashner & Suttkus, 1977",SPECIES,ZOOLOGICAL,ACCEPTED,Ambloplites,constellatus,SCIENTIFIC,"<i>Ambloplites</i> <i>constellatus</i> Cashner & Suttkus, 1977",EXACT,99,6,Animalia,Chordata,Perciformes,Centrarchidae,Ambloplites,Ambloplites constellatus,1,44,587,8513,2394512,2394513,FALSE,Ambloplites constellatus,FALSE,NA,NA,NA,NA,NA,NA,NA,NA,NA,NA,NA,NA,Ambloplites constellatus,Fish
2394514,"Ambloplites rupestris (Rafinesque, 1817)",Ambloplites rupestris,"(Rafinesque, 1817)",SPECIES,ZOOLOGICAL,ACCEPTED,Ambloplites,rupestris,SCIENTIFIC,"<i>Ambloplites</i> <i>rupestris</i> (Rafinesque, 1817)",EXACT,99,10,Animalia,Chordata,Perciformes,Centrarchidae,Ambloplites,Ambloplites rupestris,1,44,587,8513,2394512,2394514,FALSE,Ambloplites rupestris,FALSE,NA,NA,NA,NA,NA,NA,NA,NA,NA,NA,NA,NA,Ambloplites rupestris,Fish
2347699,"Ameca splendens Miller & Fitzsimons, 1971",Ameca splendens,"Miller & Fitzsimons, 1971",SPECIES,ZOOLOGICAL,ACCEPTED,Ameca,splendens,SCIENTIFIC,"<i>Ameca</i> <i>splendens</i> Miller & Fitzsimons, 1971",EXACT,98,14,Animalia,Chordata,Cyprinodontiformes,Goodeidae,Ameca,Ameca splendens,1,44,547,7657,2347698,2347699,FALSE,Ameca splendens,FALSE,NA,NA,NA,NA,NA,NA,NA,NA,NA,NA,NA,NA,Ameca splendens,Fish
2340984,"Ameiurus brunneus Jordan, 1877",Ameiurus brunneus,"Jordan, 1877",SPECIES,ZOOLOGICAL,ACCEPTED,Ameiurus,brunneus,SCIENTIFIC,"<i>Ameiurus</i> <i>brunneus</i> Jordan, 1877",EXACT,99,9,Animalia,Chordata,Siluriformes,Ictaluridae,Ameiurus,Ameiurus brunneus,1,44,708,5153,2340965,2340984,FALSE,Ameiurus brunneus,FALSE,NA,NA,NA,NA,NA,NA,NA,NA,NA,NA,NA,NA,Ameiurus brunneus,Fish
2340972,"Ameiurus catus (Linnaeus, 1758)",Ameiurus catus,"(Linnaeus, 1758)",SPECIES,ZOOLOGICAL,ACCEPTED,Ameiurus,catus,SCIENTIFIC,"<i>Ameiurus</i> <i>catus</i> (Linnaeus, 1758)",EXACT,99,8,Animalia,Chordata,Siluriformes,Ictaluridae,Ameiurus,Ameiurus catus,1,44,708,5153,2340965,2340972,FALSE,Ameiurus catus,FALSE,NA,NA,NA,NA,NA,NA,NA,NA,NA,NA,NA,NA,Ameiurus catus,Fish
2340977,"Ameiurus melas (Rafinesque, 1820)",Ameiurus melas,"(Rafinesque, 1820)",SPECIES,ZOOLOGICAL,ACCEPTED,Ameiurus,melas,SCIENTIFIC,"<i>Ameiurus</i> <i>melas</i> (Rafinesque, 1820)",EXACT,99,8,Animalia,Chordata,Siluriformes,Ictaluridae,Ameiurus,Ameiurus melas,1,44,708,5153,2340965,2340977,FALSE,Ameiurus melas,FALSE,NA,NA,NA,NA,NA,NA,NA,NA,NA,NA,NA,NA,Ameiurus melas,Fish
2340969,"Ameiurus natalis (Lesueur, 1819)",Ameiurus natalis,"(Lesueur, 1819)",SPECIES,ZOOLOGICAL,ACCEPTED,Ameiurus,natalis,SCIENTIFIC,"<i>Ameiurus</i> <i>natalis</i> (Lesueur, 1819)",EXACT,99,9,Animalia,Chordata,Siluriformes,Ictaluridae,Ameiurus,Ameiurus natalis,1,44,708,5153,2340965,2340969,FALSE,Ameiurus natalis,FALSE,NA,NA,NA,NA,NA,NA,NA,NA,NA,NA,NA,NA,Ameiurus natalis,Fish
2340989,"Ameiurus nebulosus (Lesueur, 1819)",Ameiurus nebulosus,"(Lesueur, 1819)",SPECIES,ZOOLOGICAL,ACCEPTED,Ameiurus,nebulosus,SCIENTIFIC,"<i>Ameiurus</i> <i>nebulosus</i> (Lesueur, 1819)",EXACT,99,11,Animalia,Chordata,Siluriformes,Ictaluridae,Ameiurus,Ameiurus nebulosus,1,44,708,5153,2340965,2340989,FALSE,Ameiurus nebulosus,FALSE,NA,NA,NA,NA,NA,NA,NA,NA,NA,NA,NA,NA,Ameiurus nebulosus,Fish
2340966,"Ameiurus platycephalus (Girard, 1859)",Ameiurus platycephalus,"(Girard, 1859)",SPECIES,ZOOLOGICAL,ACCEPTED,Ameiurus,platycephalus,SCIENTIFIC,"<i>Ameiurus</i> <i>platycephalus</i> (Girard, 1859)",EXACT,99,12,Animalia,Chordata,Siluriformes,Ictaluridae,Ameiurus,Ameiurus platycephalus,1,44,708,5153,2340965,2340966,FALSE,Ameiurus platycephalus,FALSE,NA,NA,NA,NA,NA,NA,NA,NA,NA,NA,NA,NA,Ameiurus platycephalus,Fish
4606282,"Amerianna carinata (H.Adams, 1861)",Amerianna carinata,"(H.Adams, 1861)",SPECIES,ZOOLOGICAL,ACCEPTED,Amerianna,carinata,SCIENTIFIC,"<i>Amerianna</i> <i>carinata</i> (H.Adams, 1861)",EXACT,99,11,Animalia,Mollusca,NA,Planorbidae,Amerianna,Amerianna carinata,1,52,NA,2851,3243742,4606282,FALSE,Amerianna carinata,FALSE,Gastropoda,225,NA,NA,NA,NA,NA,NA,NA,NA,NA,NA,Amerianna carinata,Gastropod
5207891,"Amia calva Linnaeus, 1766",Amia calva,"Linnaeus, 1766",SPECIES,ZOOLOGICAL,ACCEPTED,Amia,calva,SCIENTIFIC,"<i>Amia</i> <i>calva</i> Linnaeus, 1766",EXACT,99,2,Animalia,Chordata,Amiiformes,Amiidae,Amia,Amia calva,1,44,494,7164,2352082,5207891,FALSE,Amia calva,FALSE,NA,NA,NA,NA,NA,NA,NA,NA,NA,NA,NA,NA,Amia calva,Fish
2381973,"Ammocrypta bifascia Williams, 1975",Ammocrypta bifascia,"Williams, 1975",SPECIES,ZOOLOGICAL,ACCEPTED,Ammocrypta,bifascia,SCIENTIFIC,"<i>Ammocrypta</i> <i>bifascia</i> Williams, 1975",EXACT,99,10,Animalia,Chordata,Perciformes,Percidae,Ammocrypta,Ammocrypta bifascia,1,44,587,4481,2381970,2381973,FALSE,Ammocrypta bifascia,FALSE,NA,NA,NA,NA,NA,NA,NA,NA,NA,NA,NA,NA,Ammocrypta bifascia,Fish
2381980,"Ammocrypta clara Jordan & Meek, 1885",Ammocrypta clara,"Jordan & Meek, 1885",SPECIES,ZOOLOGICAL,ACCEPTED,Ammocrypta,clara,SCIENTIFIC,"<i>Ammocrypta</i> <i>clara</i> Jordan & Meek, 1885",EXACT,99,9,Animalia,Chordata,Perciformes,Percidae,Ammocrypta,Ammocrypta clara,1,44,587,4481,2381970,2381980,FALSE,Ammocrypta clara,FALSE,NA,NA,NA,NA,NA,NA,NA,NA,NA,NA,NA,NA,Ammocrypta clara,Fish
2374606,"Amniataba percoides (Günther, 1864)",Amniataba percoides,"(Günther, 1864)",SPECIES,ZOOLOGICAL,ACCEPTED,Amniataba,percoides,SCIENTIFIC,"<i>Amniataba</i> <i>percoides</i> (Günther, 1864)",EXACT,99,11,Animalia,Chordata,Perciformes,Terapontidae,Amniataba,Amniataba percoides,1,44,587,5072,2374602,2374606,FALSE,Amniataba percoides,FALSE,NA,NA,NA,NA,NA,NA,NA,NA,NA,NA,NA,NA,Amniataba percoides,Fish
2370102,"Amphilophus citrinellus (Günther, 1864)",Amphilophus citrinellus,"(Günther, 1864)",SPECIES,ZOOLOGICAL,ACCEPTED,Amphilophus,citrinellus,SCIENTIFIC,"<i>Amphilophus</i> <i>citrinellus</i> (Günther, 1864)",EXACT,99,12,Animalia,Chordata,Perciformes,Cichlidae,Amphilophus,Amphilophus citrinellus,1,44,587,8522,2370101,2370102,FALSE,Amphilophus citrinellus,FALSE,NA,NA,NA,NA,NA,NA,NA,NA,NA,NA,NA,NA,Amphilophus citrinellus,Fish
2370147,"Amphilophus labiatus (Günther, 1864)",Amphilophus labiatus,"(Günther, 1864)",SPECIES,ZOOLOGICAL,ACCEPTED,Amphilophus,labiatus,SCIENTIFIC,"<i>Amphilophus</i> <i>labiatus</i> (Günther, 1864)",EXACT,99,10,Animalia,Chordata,Perciformes,Cichlidae,Amphilophus,Amphilophus labiatus,1,44,587,8522,2370101,2370147,FALSE,Amphilophus labiatus,FALSE,NA,NA,NA,NA,NA,NA,NA,NA,NA,NA,NA,NA,Amphilophus labiatus,Fish
9991201,"Ampullaceana balthica (Linnaeus, 1758)",Ampullaceana balthica,"(Linnaeus, 1758)",SPECIES,ZOOLOGICAL,ACCEPTED,Ampullaceana,balthica,SCIENTIFIC,"<i>Ampullaceana</i> <i>balthica</i> (Linnaeus, 1758)",EXACT,99,10,Animalia,Mollusca,NA,Lymnaeidae,Ampullaceana,Ampullaceana balthica,1,52,NA,2852,4606565,9991201,FALSE,Ampullaceana balthica,FALSE,Gastropoda,225,NA,NA,NA,NA,NA,NA,NA,NA,NA,NA,Ampullaceana balthica,Gastropod
2391579,"Anabas testudineus (Bloch, 1792)",Anabas testudineus,"(Bloch, 1792)",SPECIES,ZOOLOGICAL,ACCEPTED,Anabas,testudineus,SCIENTIFIC,"<i>Anabas</i> <i>testudineus</i> (Bloch, 1792)",EXACT,99,13,Animalia,Chordata,Perciformes,Anabantidae,Anabas,Anabas testudineus,1,44,587,8488,2391574,2391579,FALSE,Anabas testudineus,FALSE,NA,NA,NA,NA,NA,NA,NA,NA,NA,NA,NA,NA,Anabas testudineus,Fish
7924816,"Anablepsoides hartii (Boulenger, 1890)",Anablepsoides hartii,"(Boulenger, 1890)",SPECIES,ZOOLOGICAL,ACCEPTED,Anablepsoides,hartii,SCIENTIFIC,"<i>Anablepsoides</i> <i>hartii</i> (Boulenger, 1890)",EXACT,99,12,Animalia,Chordata,Cyprinodontiformes,Rivulidae,Anablepsoides,Anablepsoides hartii,1,44,547,3696,4839887,7924816,FALSE,Anablepsoides hartii,FALSE,NA,NA,NA,NA,NA,NA,NA,NA,NA,NA,NA,NA,Anablepsoides hartii,Fish
5961398,"Ancistrus temminckii (Valenciennes, 1840)",Ancistrus temminckii,"(Valenciennes, 1840)",SPECIES,ZOOLOGICAL,ACCEPTED,Ancistrus,temminckii,SCIENTIFIC,"<i>Ancistrus</i> <i>temminckii</i> (Valenciennes, 1840)",EXACT,99,11,Animalia,Chordata,Siluriformes,Loricariidae,Ancistrus,Ancistrus temminckii,1,44,708,5158,2339294,5961398,FALSE,Ancistrus temminckii,FALSE,NA,NA,NA,NA,NA,NA,NA,NA,NA,NA,NA,NA,Ancistrus temminckii,Fish
7856519,"Andinoacara latifrons (Steindachner, 1878)",Andinoacara latifrons,"(Steindachner, 1878)",SPECIES,ZOOLOGICAL,ACCEPTED,Andinoacara,latifrons,SCIENTIFIC,"<i>Andinoacara</i> <i>latifrons</i> (Steindachner, 1878)",EXACT,99,12,Animalia,Chordata,Perciformes,Cichlidae,Andinoacara,Andinoacara latifrons,1,44,587,8522,2371060,7856519,FALSE,Andinoacara latifrons,FALSE,NA,NA,NA,NA,NA,NA,NA,NA,NA,NA,NA,NA,Andinoacara latifrons,Fish
7525430,"Andinoacara pulcher (Gill, 1858)",Andinoacara pulcher,"(Gill, 1858)",SPECIES,ZOOLOGICAL,ACCEPTED,Andinoacara,pulcher,SCIENTIFIC,"<i>Andinoacara</i> <i>pulcher</i> (Gill, 1858)",EXACT,99,12,Animalia,Chordata,Perciformes,Cichlidae,Andinoacara,Andinoacara pulcher,1,44,587,8522,2371060,7525430,FALSE,Andinoacara pulcher,FALSE,NA,NA,NA,NA,NA,NA,NA,NA,NA,NA,NA,NA,Andinoacara pulcher,Fish
7570042,"Andinoacara rivulatus (Günther, 1860)",Andinoacara rivulatus,"(Günther, 1860)",SPECIES,ZOOLOGICAL,ACCEPTED,Andinoacara,rivulatus,SCIENTIFIC,"<i>Andinoacara</i> <i>rivulatus</i> (Günther, 1860)",EXACT,99,12,Animalia,Chordata,Perciformes,Cichlidae,Andinoacara,Andinoacara rivulatus,1,44,587,8522,2371060,7570042,FALSE,Andinoacara rivulatus,FALSE,NA,NA,NA,NA,NA,NA,NA,NA,NA,NA,NA,NA,Andinoacara rivulatus,Fish
9510074,"Anentome helena Busch, 1847",Anentome helena,"Busch, 1847",SPECIES,ZOOLOGICAL,ACCEPTED,Anentome,helena,SCIENTIFIC,"<i>Anentome</i> <i>helena</i> Busch, 1847",EXACT,99,8,Animalia,Mollusca,Neogastropoda,Nassariidae,Anentome,Anentome helena,1,52,982,2688,8342989,9510074,FALSE,Anentome helena,FALSE,Gastropoda,225,NA,NA,NA,NA,NA,NA,NA,NA,NA,NA,Anentome helena,Gastropod
5212973,"Anguilla anguilla (Linnaeus, 1758)",Anguilla anguilla,"(Linnaeus, 1758)",SPECIES,ZOOLOGICAL,ACCEPTED,Anguilla,anguilla,SCIENTIFIC,"<i>Anguilla</i> <i>anguilla</i> (Linnaeus, 1758)",EXACT,99,9,Animalia,Chordata,Anguilliformes,Anguillidae,Anguilla,Anguilla anguilla,1,44,495,2949,2403092,5212973,FALSE,Anguilla anguilla,FALSE,NA,NA,NA,NA,NA,NA,NA,NA,NA,NA,NA,NA,Anguilla anguilla,Fish
5712356,"Anguilla australis Richardson, 1841",Anguilla australis,"Richardson, 1841",SPECIES,ZOOLOGICAL,ACCEPTED,Anguilla,australis,SCIENTIFIC,"<i>Anguilla</i> <i>australis</i> Richardson, 1841",EXACT,99,16,Animalia,Chordata,Anguilliformes,Anguillidae,Anguilla,Anguilla australis,1,44,495,2949,2403092,5712356,FALSE,Anguilla australis,FALSE,NA,NA,NA,NA,NA,NA,NA,NA,NA,NA,NA,NA,Anguilla australis,Fish
8723307,Anguilla australis f. australis,Anguilla australis australis,NA,FORM,NA,ACCEPTED,Anguilla,australis,SCIENTIFIC,<i>Anguilla</i> <i>australis</i> f. <i>australis</i>,EXACT,97,13,Animalia,Chordata,Anguilliformes,Anguillidae,Anguilla,Anguilla australis,1,44,495,2949,2403092,5712356,FALSE,Anguilla australis australis,FALSE,NA,NA,NA,australis,NA,NA,Anguilla australis australis,8723307,NA,NA,NA,NA,Anguilla australis australis,Fish
5213022,"Anguilla japonica Temminck & Schlegel, 1846",Anguilla japonica,"Temminck & Schlegel, 1846",SPECIES,ZOOLOGICAL,ACCEPTED,Anguilla,japonica,SCIENTIFIC,"<i>Anguilla</i> <i>japonica</i> Temminck & Schlegel, 1846",EXACT,99,10,Animalia,Chordata,Anguilliformes,Anguillidae,Anguilla,Anguilla japonica,1,44,495,2949,2403092,5213022,FALSE,Anguilla japonica,FALSE,NA,NA,NA,NA,NA,NA,NA,NA,NA,NA,NA,NA,Anguilla japonica,Fish
5213048,"Anguilla marmorata Quoy & Gaimard, 1824",Anguilla marmorata,"Quoy & Gaimard, 1824",SPECIES,ZOOLOGICAL,ACCEPTED,Anguilla,marmorata,SCIENTIFIC,"<i>Anguilla</i> <i>marmorata</i> Quoy & Gaimard, 1824",EXACT,99,12,Animalia,Chordata,Anguilliformes,Anguillidae,Anguilla,Anguilla marmorata,1,44,495,2949,2403092,5213048,FALSE,Anguilla marmorata,FALSE,NA,NA,NA,NA,NA,NA,NA,NA,NA,NA,NA,NA,Anguilla marmorata,Fish
5212956,"Anguilla rostrata (Lesueur, 1817)",Anguilla rostrata,"(Lesueur, 1817)",SPECIES,ZOOLOGICAL,ACCEPTED,Anguilla,rostrata,SCIENTIFIC,"<i>Anguilla</i> <i>rostrata</i> (Lesueur, 1817)",EXACT,99,14,Animalia,Chordata,Anguilliformes,Anguillidae,Anguilla,Anguilla rostrata,1,44,495,2949,2403092,5212956,FALSE,Anguilla rostrata,FALSE,NA,NA,NA,NA,NA,NA,NA,NA,NA,NA,NA,NA,Anguilla rostrata,Fish
7923404,"Anodontites trapesialis (Lamarck, 1819)",Anodontites trapesialis,"(Lamarck, 1819)",SPECIES,ZOOLOGICAL,ACCEPTED,Anodontites,trapesialis,SCIENTIFIC,"<i>Anodontites</i> <i>trapesialis</i> (Lamarck, 1819)",EXACT,99,27,Animalia,Mollusca,Unionida,Mycetopodidae,Anodontites,Anodontites trapesialis,1,52,9301143,3247444,4593157,7923404,FALSE,Anodontites trapesialis,FALSE,Bivalvia,137,NA,NA,NA,NA,NA,NA,NA,NA,NA,NA,Anodontites trapesialis,Bivalve
5204681,"Apeltes quadracus (Mitchill, 1815)",Apeltes quadracus,"(Mitchill, 1815)",SPECIES,ZOOLOGICAL,ACCEPTED,Apeltes,quadracus,SCIENTIFIC,"<i>Apeltes</i> <i>quadracus</i> (Mitchill, 1815)",EXACT,99,4,Animalia,Chordata,Gasterosteiformes,Gasterosteidae,Apeltes,Apeltes quadracus,1,44,550,7666,7728259,5204681,FALSE,Apeltes quadracus,FALSE,NA,NA,NA,NA,NA,NA,NA,NA,NA,NA,NA,NA,Apeltes quadracus,Fish
2348092,"Aphanius dispar (Rüppell, 1829)",Aphanius dispar,"(Rüppell, 1829)",SPECIES,ZOOLOGICAL,ACCEPTED,Aphanius,dispar,SCIENTIFIC,"<i>Aphanius</i> <i>dispar</i> (Rüppell, 1829)",EXACT,99,10,Animalia,Chordata,Cyprinodontiformes,Cyprinodontidae,Aphanius,Aphanius dispar,1,44,547,7656,2348038,2348092,FALSE,Aphanius dispar,FALSE,NA,NA,NA,NA,NA,NA,NA,NA,NA,NA,NA,NA,Aphanius dispar,Fish
2348104,"Aphanius fasciatus (Valenciennes, 1821)",Aphanius fasciatus,"(Valenciennes, 1821)",SPECIES,ZOOLOGICAL,ACCEPTED,Aphanius,fasciatus,SCIENTIFIC,"<i>Aphanius</i> <i>fasciatus</i> (Valenciennes, 1821)",EXACT,97,13,Animalia,Chordata,Cyprinodontiformes,Cyprinodontidae,Aphanius,Aphanius fasciatus,1,44,547,7656,2348038,2348104,FALSE,Aphanius fasciatus,FALSE,NA,NA,NA,NA,NA,NA,NA,NA,NA,NA,NA,NA,Aphanius fasciatus,Fish
2348056,"Aphanius mento (Heckel, 1843)",Aphanius mento,"(Heckel, 1843)",SPECIES,ZOOLOGICAL,ACCEPTED,Aphanius,mento,SCIENTIFIC,"<i>Aphanius</i> <i>mento</i> (Heckel, 1843)",EXACT,99,8,Animalia,Chordata,Cyprinodontiformes,Cyprinodontidae,Aphanius,Aphanius mento,1,44,547,7656,2348038,2348056,FALSE,Aphanius mento,FALSE,NA,NA,NA,NA,NA,NA,NA,NA,NA,NA,NA,NA,Aphanius mento,Fish
2401749,"Aphredoderus sayanus (Gilliams, 1824)",Aphredoderus sayanus,"(Gilliams, 1824)",SPECIES,ZOOLOGICAL,ACCEPTED,Aphredoderus,sayanus,SCIENTIFIC,"<i>Aphredoderus</i> <i>sayanus</i> (Gilliams, 1824)",EXACT,99,11,Animalia,Chordata,Percopsiformes,Aphredoderidae,Aphredoderus,Aphredoderus sayanus,1,44,1310,8605,2401748,2401749,FALSE,Aphredoderus sayanus,FALSE,NA,NA,NA,NA,NA,NA,NA,NA,NA,NA,NA,NA,Aphredoderus sayanus,Fish
2353650,"Aphyocharax anisitsi Eigenmann & Kennedy, 1903",Aphyocharax anisitsi,"Eigenmann & Kennedy, 1903",SPECIES,ZOOLOGICAL,ACCEPTED,Aphyocharax,anisitsi,SCIENTIFIC,"<i>Aphyocharax</i> <i>anisitsi</i> Eigenmann & Kennedy, 1903",EXACT,99,16,Animalia,Chordata,Characiformes,Characidae,Aphyocharax,Aphyocharax anisitsi,1,44,537,7201,2353638,2353650,FALSE,Aphyocharax anisitsi,FALSE,NA,NA,NA,NA,NA,NA,NA,NA,NA,NA,NA,NA,Aphyocharax anisitsi,Fish
2353659,"Aphyocharax dentatus Eigenmann & Kennedy, 1903",Aphyocharax dentatus,"Eigenmann & Kennedy, 1903",SPECIES,ZOOLOGICAL,ACCEPTED,Aphyocharax,dentatus,SCIENTIFIC,"<i>Aphyocharax</i> <i>dentatus</i> Eigenmann & Kennedy, 1903",EXACT,99,15,Animalia,Chordata,Characiformes,Characidae,Aphyocharax,Aphyocharax dentatus,1,44,537,7201,2353638,2353659,FALSE,Aphyocharax dentatus,FALSE,NA,NA,NA,NA,NA,NA,NA,NA,NA,NA,NA,NA,Aphyocharax dentatus,Fish
2348299,"Aphyosemion australe (Rachow, 1921)",Aphyosemion australe,"(Rachow, 1921)",SPECIES,ZOOLOGICAL,ACCEPTED,Aphyosemion,australe,SCIENTIFIC,"<i>Aphyosemion</i> <i>australe</i> (Rachow, 1921)",EXACT,99,12,Animalia,Chordata,Cyprinodontiformes,Nothobranchiidae,Aphyosemion,Aphyosemion australe,1,44,547,7658,2348195,2348299,FALSE,Aphyosemion australe,FALSE,NA,NA,NA,NA,NA,NA,NA,NA,NA,NA,NA,NA,Aphyosemion australe,Fish
2371221,"Apistogramma Regan, 1913",Apistogramma,"Regan, 1913",GENUS,ZOOLOGICAL,ACCEPTED,NA,NA,SCIENTIFIC,"<i>Apistogramma</i> Regan, 1913",EXACT,94,47,Animalia,Chordata,Perciformes,Cichlidae,Apistogramma,NA,1,44,587,8522,2371221,NA,FALSE,Apistogramma,FALSE,NA,NA,NA,NA,NA,NA,NA,NA,NA,NA,NA,NA,Apistogramma,Fish
2371302,"Apistogramma erythrura Staeck & Schindler, 2008",Apistogramma erythrura,"Staeck & Schindler, 2008",SPECIES,ZOOLOGICAL,ACCEPTED,Apistogramma,erythrura,SCIENTIFIC,"<i>Apistogramma</i> <i>erythrura</i> Staeck & Schindler, 2008",EXACT,99,11,Animalia,Chordata,Perciformes,Cichlidae,Apistogramma,Apistogramma erythrura,1,44,587,8522,2371221,2371302,FALSE,Apistogramma erythrura,FALSE,NA,NA,NA,NA,NA,NA,NA,NA,NA,NA,NA,NA,Apistogramma erythrura,Fish
2371304,"Apistogramma viejita Kullander, 1979",Apistogramma viejita,"Kullander, 1979",SPECIES,ZOOLOGICAL,ACCEPTED,Apistogramma,viejita,SCIENTIFIC,"<i>Apistogramma</i> <i>viejita</i> Kullander, 1979",EXACT,99,11,Animalia,Chordata,Perciformes,Cichlidae,Apistogramma,Apistogramma viejita,1,44,587,8522,2371221,2371304,FALSE,Apistogramma viejita,FALSE,NA,NA,NA,NA,NA,NA,NA,NA,NA,NA,NA,NA,Apistogramma viejita,Fish
2347854,"Aplocheilus lineatus (Valenciennes, 1846)",Aplocheilus lineatus,"(Valenciennes, 1846)",SPECIES,ZOOLOGICAL,ACCEPTED,Aplocheilus,lineatus,SCIENTIFIC,"<i>Aplocheilus</i> <i>lineatus</i> (Valenciennes, 1846)",EXACT,99,13,Animalia,Chordata,Cyprinodontiformes,Aplocheilidae,Aplocheilus,Aplocheilus lineatus,1,44,547,7337,2347803,2347854,FALSE,Aplocheilus lineatus,FALSE,NA,NA,NA,NA,NA,NA,NA,NA,NA,NA,NA,NA,Aplocheilus lineatus,Fish
2347811,"Aplocheilus panchax (Hamilton, 1822)",Aplocheilus panchax,"(Hamilton, 1822)",SPECIES,ZOOLOGICAL,ACCEPTED,Aplocheilus,panchax,SCIENTIFIC,"<i>Aplocheilus</i> <i>panchax</i> (Hamilton, 1822)",EXACT,99,13,Animalia,Chordata,Cyprinodontiformes,Aplocheilidae,Aplocheilus,Aplocheilus panchax,1,44,547,7337,2347803,2347811,FALSE,Aplocheilus panchax,FALSE,NA,NA,NA,NA,NA,NA,NA,NA,NA,NA,NA,NA,Aplocheilus panchax,Fish
2400265,"Aplodinotus grunniens Rafinesque, 1819",Aplodinotus grunniens,"Rafinesque, 1819",SPECIES,ZOOLOGICAL,ACCEPTED,Aplodinotus,grunniens,SCIENTIFIC,"<i>Aplodinotus</i> <i>grunniens</i> Rafinesque, 1819",EXACT,99,13,Animalia,Chordata,Perciformes,Sciaenidae,Aplodinotus,Aplodinotus grunniens,1,44,587,5062,2400264,2400265,FALSE,Aplodinotus grunniens,FALSE,NA,NA,NA,NA,NA,NA,NA,NA,NA,NA,NA,NA,Aplodinotus grunniens,Fish
9025372,"Aplus dorbignyi (Payraudeau, 1826)",Aplus dorbignyi,"(Payraudeau, 1826)",SPECIES,ZOOLOGICAL,ACCEPTED,Aplus,dorbignyi,SCIENTIFIC,"<i>Aplus</i> <i>dorbignyi</i> (Payraudeau, 1826)",EXACT,99,8,Animalia,Mollusca,Neogastropoda,Pisaniidae,Aplus,Aplus dorbignyi,1,52,982,9819643,4585504,9025372,FALSE,Aplus dorbignyi,FALSE,Gastropoda,225,NA,NA,NA,NA,NA,NA,NA,NA,NA,NA,Aplus dorbignyi,Gastropod
5328601,Aponogeton abyssinicus Hochst. ex A.Rich.,Aponogeton abyssinicus,Hochst. ex A.Rich.,SPECIES,NA,ACCEPTED,Aponogeton,abyssinicus,SCIENTIFIC,<i>Aponogeton</i> <i>abyssinicus</i> Hochst. ex A.Rich.,EXACT,97,14,Plantae,Tracheophyta,Alismatales,Aponogetonaceae,Aponogeton,Aponogeton abyssinicus,6,7707728,551,7678,7971839,5328601,FALSE,Aponogeton abyssinicus,FALSE,Liliopsida,196,NA,NA,NA,NA,NA,NA,NA,NA,NA,NA,Aponogeton abyssinicus,Plant (strict freshwater habitat tag only)
5328593,Aponogeton distachyos L.f.,Aponogeton distachyos,L.f.,SPECIES,NA,ACCEPTED,Aponogeton,distachyos,SCIENTIFIC,<i>Aponogeton</i> <i>distachyos</i> L.f.,EXACT,99,13,Plantae,Tracheophyta,Alismatales,Aponogetonaceae,Aponogeton,Aponogeton distachyos,6,7707728,551,7678,7971839,5328593,FALSE,Aponogeton distachyos,FALSE,Liliopsida,196,NA,NA,NA,NA,NA,NA,NA,NA,NA,NA,Aponogeton distachyos,Plant (strict freshwater habitat tag only)
5328626,Aponogeton madagascariensis (Mirb.) H.Bruggen,Aponogeton madagascariensis,(Mirb.) H.Bruggen,SPECIES,BOTANICAL,ACCEPTED,Aponogeton,madagascariensis,SCIENTIFIC,<i>Aponogeton</i> <i>madagascariensis</i> (Mirb.) H.Bruggen,EXACT,99,17,Plantae,Tracheophyta,Alismatales,Aponogetonaceae,Aponogeton,Aponogeton madagascariensis,6,7707728,551,7678,7971839,5328626,FALSE,Aponogeton madagascariensis,FALSE,Liliopsida,196,NA,NA,NA,NA,NA,NA,NA,NA,NA,NA,Aponogeton madagascariensis,Plant (strict freshwater habitat tag only)
2401878,"Apteronotus albifrons (Linnaeus, 1766)",Apteronotus albifrons,"(Linnaeus, 1766)",SPECIES,ZOOLOGICAL,ACCEPTED,Apteronotus,albifrons,SCIENTIFIC,"<i>Apteronotus</i> <i>albifrons</i> (Linnaeus, 1766)",EXACT,99,12,Animalia,Chordata,Gymnotiformes,Apteronotidae,Apteronotus,Apteronotus albifrons,1,44,1165,3711,2401859,2401878,FALSE,Apteronotus albifrons,FALSE,NA,NA,NA,NA,NA,NA,NA,NA,NA,NA,NA,NA,Apteronotus albifrons,Fish
5212877,"Arapaima gigas (Schinz, 1822)",Arapaima gigas,"(Schinz, 1822)",SPECIES,ZOOLOGICAL,ACCEPTED,Arapaima,gigas,SCIENTIFIC,"<i>Arapaima</i> <i>gigas</i> (Schinz, 1822)",EXACT,97,9,Animalia,Chordata,Osteoglossiformes,Arapaimidae,Arapaima,Arapaima gigas,1,44,1069,4228,2402332,5212877,FALSE,Arapaima gigas,FALSE,NA,NA,NA,NA,NA,NA,NA,NA,NA,NA,NA,NA,Arapaima gigas,Fish
2394479,"Archoplites interruptus (Girard, 1854)",Archoplites interruptus,"(Girard, 1854)",SPECIES,ZOOLOGICAL,ACCEPTED,Archoplites,interruptus,SCIENTIFIC,"<i>Archoplites</i> <i>interruptus</i> (Girard, 1854)",EXACT,99,12,Animalia,Chordata,Perciformes,Centrarchidae,Archoplites,Archoplites interruptus,1,44,587,8513,2394478,2394479,FALSE,Archoplites interruptus,FALSE,NA,NA,NA,NA,NA,NA,NA,NA,NA,NA,NA,NA,Archoplites interruptus,Fish
5330661,Arum italicum Mill.,Arum italicum,Mill.,SPECIES,NA,ACCEPTED,Arum,italicum,SCIENTIFIC,<i>Arum</i> <i>italicum</i> Mill.,EXACT,99,9,Plantae,Tracheophyta,Alismatales,Araceae,Arum,Arum italicum,6,7707728,551,6979,2869757,5330661,FALSE,Arum italicum,FALSE,Liliopsida,196,NA,NA,NA,NA,NA,NA,NA,NA,NA,NA,Arum italicum,Plant (strict freshwater habitat tag only)
2206247,"Asellus aquaticus (Linnaeus, 1758)",Asellus aquaticus,"(Linnaeus, 1758)",SPECIES,ZOOLOGICAL,ACCEPTED,Asellus,aquaticus,SCIENTIFIC,"<i>Asellus</i> <i>aquaticus</i> (Linnaeus, 1758)",EXACT,99,10,Animalia,Arthropoda,Isopoda,Asellidae,Asellus,Asellus aquaticus,1,54,643,4574,2206245,2206247,FALSE,Asellus aquaticus,FALSE,Malacostraca,229,NA,NA,NA,NA,NA,NA,NA,NA,NA,NA,Asellus aquaticus,Crayfish/crab (Malacostraca)
2226998,"Astacus astacus (Linnaeus, 1758)",Astacus astacus,"(Linnaeus, 1758)",SPECIES,ZOOLOGICAL,ACCEPTED,Astacus,astacus,SCIENTIFIC,"<i>Astacus</i> <i>astacus</i> (Linnaeus, 1758)",EXACT,99,3,Animalia,Arthropoda,Decapoda,Astacidae,Astacus,Astacus astacus,1,54,637,8022,2222152,2226998,FALSE,Astacus astacus,FALSE,Malacostraca,229,NA,NA,NA,NA,NA,NA,NA,NA,NA,NA,Astacus astacus,Crayfish/crab (Malacostraca)
2373819,"Astatoreochromis alluaudi Pellegrin, 1904",Astatoreochromis alluaudi,"Pellegrin, 1904",SPECIES,ZOOLOGICAL,ACCEPTED,Astatoreochromis,alluaudi,SCIENTIFIC,"<i>Astatoreochromis</i> <i>alluaudi</i> Pellegrin, 1904",EXACT,99,6,Animalia,Chordata,Perciformes,Cichlidae,Astatoreochromis,Astatoreochromis alluaudi,1,44,587,8522,2373818,2373819,FALSE,Astatoreochromis alluaudi,FALSE,NA,NA,NA,NA,NA,NA,NA,NA,NA,NA,NA,NA,Astatoreochromis alluaudi,Fish
2371438,"Astatotilapia burtoni (Günther, 1894)",Astatotilapia burtoni,"(Günther, 1894)",SPECIES,ZOOLOGICAL,ACCEPTED,Astatotilapia,burtoni,SCIENTIFIC,"<i>Astatotilapia</i> <i>burtoni</i> (Günther, 1894)",EXACT,99,12,Animalia,Chordata,Perciformes,Cichlidae,Astatotilapia,Astatotilapia burtoni,1,44,587,8522,2371403,2371438,FALSE,Astatotilapia burtoni,FALSE,NA,NA,NA,NA,NA,NA,NA,NA,NA,NA,NA,NA,Astatotilapia burtoni,Fish
2371453,"Astatotilapia calliptera (Günther, 1894)",Astatotilapia calliptera,"(Günther, 1894)",SPECIES,ZOOLOGICAL,ACCEPTED,Astatotilapia,calliptera,SCIENTIFIC,"<i>Astatotilapia</i> <i>calliptera</i> (Günther, 1894)",EXACT,99,12,Animalia,Chordata,Perciformes,Cichlidae,Astatotilapia,Astatotilapia calliptera,1,44,587,8522,2371403,2371453,FALSE,Astatotilapia calliptera,FALSE,NA,NA,NA,NA,NA,NA,NA,NA,NA,NA,NA,NA,Astatotilapia calliptera,Fish
2370240,"Astronotus crassipinnis (Heckel, 1840)",Astronotus crassipinnis,"(Heckel, 1840)",SPECIES,ZOOLOGICAL,ACCEPTED,Astronotus,crassipinnis,SCIENTIFIC,"<i>Astronotus</i> <i>crassipinnis</i> (Heckel, 1840)",EXACT,99,12,Animalia,Chordata,Perciformes,Cichlidae,Astronotus,Astronotus crassipinnis,1,44,587,8522,2370239,2370240,FALSE,Astronotus crassipinnis,FALSE,NA,NA,NA,NA,NA,NA,NA,NA,NA,NA,NA,NA,Astronotus crassipinnis,Fish
2370243,"Astronotus ocellatus (Agassiz, 1831)",Astronotus ocellatus,"(Agassiz, 1831)",SPECIES,ZOOLOGICAL,ACCEPTED,Astronotus,ocellatus,SCIENTIFIC,"<i>Astronotus</i> <i>ocellatus</i> (Agassiz, 1831)",EXACT,99,9,Animalia,Chordata,Perciformes,Cichlidae,Astronotus,Astronotus ocellatus,1,44,587,8522,2370239,2370243,FALSE,Astronotus ocellatus,FALSE,NA,NA,NA,NA,NA,NA,NA,NA,NA,NA,NA,NA,Astronotus ocellatus,Fish
5204359,"Astyanax jordani (Hubbs & Innes, 1936)",Astyanax jordani,"(Hubbs & Innes, 1936)",SPECIES,ZOOLOGICAL,ACCEPTED,Astyanax,jordani,SCIENTIFIC,"<i>Astyanax</i> <i>jordani</i> (Hubbs & Innes, 1936)",EXACT,99,9,Animalia,Chordata,Characiformes,Characidae,Astyanax,Astyanax jordani,1,44,537,7201,6565197,5204359,FALSE,Astyanax jordani,FALSE,NA,NA,NA,NA,NA,NA,NA,NA,NA,NA,NA,NA,Astyanax jordani,Fish
5204344,"Astyanax mexicanus (De Filippi, 1853)",Astyanax mexicanus,"(De Filippi, 1853)",SPECIES,ZOOLOGICAL,ACCEPTED,Astyanax,mexicanus,SCIENTIFIC,"<i>Astyanax</i> <i>mexicanus</i> (De Filippi, 1853)",EXACT,99,10,Animalia,Chordata,Characiformes,Characidae,Astyanax,Astyanax mexicanus,1,44,537,7201,6565197,5204344,FALSE,Astyanax mexicanus,FALSE,NA,NA,NA,NA,NA,NA,NA,NA,NA,NA,NA,NA,Astyanax mexicanus,Fish
5204255,"Astyanax orthodus Eigenmann, 1907",Astyanax orthodus,"Eigenmann, 1907",SPECIES,ZOOLOGICAL,ACCEPTED,Astyanax,orthodus,SCIENTIFIC,"<i>Astyanax</i> <i>orthodus</i> Eigenmann, 1907",EXACT,99,8,Animalia,Chordata,Characiformes,Characidae,Astyanax,Astyanax orthodus,1,44,537,7201,6565197,5204255,FALSE,Astyanax orthodus,FALSE,NA,NA,NA,NA,NA,NA,NA,NA,NA,NA,NA,NA,Astyanax orthodus,Fish
5204315,"Astyanax pampa Casciotta, Almirón & Azpelicueta, 2005",Astyanax pampa,"Casciotta, Almirón & Azpelicueta, 2005",SPECIES,ZOOLOGICAL,ACCEPTED,Astyanax,pampa,SCIENTIFIC,"<i>Astyanax</i> <i>pampa</i> Casciotta, Almirón & Azpelicueta, 2005",EXACT,99,7,Animalia,Chordata,Characiformes,Characidae,Astyanax,Astyanax pampa,1,44,537,7201,6565197,5204315,FALSE,Astyanax pampa,FALSE,NA,NA,NA,NA,NA,NA,NA,NA,NA,NA,NA,NA,Astyanax pampa,Fish
2411944,"Atherina boyeri Risso, 1810",Atherina boyeri,"Risso, 1810",SPECIES,ZOOLOGICAL,ACCEPTED,Atherina,boyeri,SCIENTIFIC,"<i>Atherina</i> <i>boyeri</i> Risso, 1810",EXACT,99,3,Animalia,Chordata,Atheriniformes,Atherinidae,Atherina,Atherina boyeri,1,44,496,7172,2348168,2411944,FALSE,Atherina boyeri,FALSE,NA,NA,NA,NA,NA,NA,NA,NA,NA,NA,NA,NA,Atherina boyeri,Fish
2411793,"Atherinomorus lacunosus (Forster, 1801)",Atherinomorus lacunosus,"(Forster, 1801)",SPECIES,ZOOLOGICAL,ACCEPTED,Atherinomorus,lacunosus,SCIENTIFIC,"<i>Atherinomorus</i> <i>lacunosus</i> (Forster, 1801)",EXACT,99,12,Animalia,Chordata,Atheriniformes,Atherinidae,Atherinomorus,Atherinomorus lacunosus,1,44,496,7172,2411792,2411793,FALSE,Atherinomorus lacunosus,FALSE,NA,NA,NA,NA,NA,NA,NA,NA,NA,NA,NA,NA,Atherinomorus lacunosus,Fish
2346754,"Atractosteus spatula (Lacepède, 1803)",Atractosteus spatula,"(Lacepède, 1803)",SPECIES,ZOOLOGICAL,ACCEPTED,Atractosteus,spatula,SCIENTIFIC,"<i>Atractosteus</i> <i>spatula</i> (Lacepède, 1803)",EXACT,99,8,Animalia,Chordata,Lepisosteiformes,Lepisosteidae,Atractosteus,Atractosteus spatula,1,44,1167,3716,2346750,2346754,FALSE,Atractosteus spatula,FALSE,NA,NA,NA,NA,NA,NA,NA,NA,NA,NA,NA,NA,Atractosteus spatula,Fish
2346751,"Atractosteus tropicus Gill, 1863",Atractosteus tropicus,"Gill, 1863",SPECIES,ZOOLOGICAL,ACCEPTED,Atractosteus,tropicus,SCIENTIFIC,"<i>Atractosteus</i> <i>tropicus</i> Gill, 1863",EXACT,99,9,Animalia,Chordata,Lepisosteiformes,Lepisosteidae,Atractosteus,Atractosteus tropicus,1,44,1167,3716,2346750,2346751,FALSE,Atractosteus tropicus,FALSE,NA,NA,NA,NA,NA,NA,NA,NA,NA,NA,NA,NA,Atractosteus tropicus,Fish
4309705,"Atyaephyra desmarestii (Millet, 1831)",Atyaephyra desmarestii,"(Millet, 1831)",SPECIES,ZOOLOGICAL,ACCEPTED,Atyaephyra,desmarestii,SCIENTIFIC,"<i>Atyaephyra</i> <i>desmarestii</i> (Millet, 1831)",EXACT,99,11,Animalia,Arthropoda,Decapoda,Atyidae,Atyaephyra,Atyaephyra desmarestii,1,54,637,4475,2223048,4309705,FALSE,Atyaephyra desmarestii,FALSE,Malacostraca,229,NA,NA,NA,NA,NA,NA,NA,NA,NA,NA,Atyaephyra desmarestii,Crayfish/crab (Malacostraca)
5863069,"Atyopsis moluccensis (De Haan, 1849)",Atyopsis moluccensis,"(De Haan, 1849)",SPECIES,ZOOLOGICAL,ACCEPTED,Atyopsis,moluccensis,SCIENTIFIC,"<i>Atyopsis</i> <i>moluccensis</i> (De Haan, 1849)",EXACT,99,9,Animalia,Arthropoda,Decapoda,Atyidae,Atyopsis,Atyopsis moluccensis,1,54,637,4475,4646391,5863069,FALSE,Atyopsis moluccensis,FALSE,Malacostraca,229,NA,NA,NA,NA,NA,NA,NA,NA,NA,NA,Atyopsis moluccensis,Crayfish/crab (Malacostraca)
2370485,"Aulonocara nyassae Regan, 1922",Aulonocara nyassae,"Regan, 1922",SPECIES,ZOOLOGICAL,ACCEPTED,Aulonocara,nyassae,SCIENTIFIC,"<i>Aulonocara</i> <i>nyassae</i> Regan, 1922",EXACT,99,4,Animalia,Chordata,Perciformes,Cichlidae,Aulonocara,Aulonocara nyassae,1,44,587,8522,2370478,2370485,FALSE,Aulonocara nyassae,FALSE,NA,NA,NA,NA,NA,NA,NA,NA,NA,NA,NA,NA,Aulonocara nyassae,Fish
2370511,"Aulonocara stuartgranti Meyer & Riehl, 1985",Aulonocara stuartgranti,"Meyer & Riehl, 1985",SPECIES,ZOOLOGICAL,ACCEPTED,Aulonocara,stuartgranti,SCIENTIFIC,"<i>Aulonocara</i> <i>stuartgranti</i> Meyer & Riehl, 1985",EXACT,99,11,Animalia,Chordata,Perciformes,Cichlidae,Aulonocara,Aulonocara stuartgranti,1,44,587,8522,2370478,2370511,FALSE,Aulonocara stuartgranti,FALSE,NA,NA,NA,NA,NA,NA,NA,NA,NA,NA,NA,NA,Aulonocara stuartgranti,Fish
5852937,"Australoheros angiru Říčan, Piálek, Almirón & Casciotta, 2011",Australoheros angiru,"Říčan, Piálek, Almirón & Casciotta, 2011",SPECIES,ZOOLOGICAL,ACCEPTED,Australoheros,angiru,SCIENTIFIC,"<i>Australoheros</i> <i>angiru</i> Říčan, Piálek, Almirón & Casciotta, 2011",EXACT,99,6,Animalia,Chordata,Perciformes,Cichlidae,Australoheros,Australoheros angiru,1,44,587,8522,2370755,5852937,FALSE,Australoheros angiru,FALSE,NA,NA,NA,NA,NA,NA,NA,NA,NA,NA,NA,NA,Australoheros angiru,Fish
2370771,"Australoheros facetus (Jenyns, 1842)",Australoheros facetus,"(Jenyns, 1842)",SPECIES,ZOOLOGICAL,ACCEPTED,Australoheros,facetus,SCIENTIFIC,"<i>Australoheros</i> <i>facetus</i> (Jenyns, 1842)",EXACT,99,11,Animalia,Chordata,Perciformes,Cichlidae,Australoheros,Australoheros facetus,1,44,587,8522,2370755,2370771,FALSE,Australoheros facetus,FALSE,NA,NA,NA,NA,NA,NA,NA,NA,NA,NA,NA,NA,Australoheros facetus,Fish
2348984,"Austrolebias bellottii (Steindachner, 1881)",Austrolebias bellottii,"(Steindachner, 1881)",SPECIES,ZOOLOGICAL,ACCEPTED,Austrolebias,bellottii,SCIENTIFIC,"<i>Austrolebias</i> <i>bellottii</i> (Steindachner, 1881)",EXACT,99,10,Animalia,Chordata,Cyprinodontiformes,Rivulidae,Austrolebias,Austrolebias bellottii,1,44,547,3696,2348983,2348984,FALSE,Austrolebias bellottii,FALSE,NA,NA,NA,NA,NA,NA,NA,NA,NA,NA,NA,NA,Austrolebias bellottii,Fish
2349007,"Austrolebias nigripinnis (Regan, 1912)",Austrolebias nigripinnis,"(Regan, 1912)",SPECIES,ZOOLOGICAL,ACCEPTED,Austrolebias,nigripinnis,SCIENTIFIC,"<i>Austrolebias</i> <i>nigripinnis</i> (Regan, 1912)",EXACT,99,13,Animalia,Chordata,Cyprinodontiformes,Rivulidae,Austrolebias,Austrolebias nigripinnis,1,44,547,3696,2348983,2349007,FALSE,Austrolebias nigripinnis,FALSE,NA,NA,NA,NA,NA,NA,NA,NA,NA,NA,NA,NA,Austrolebias nigripinnis,Fish
9107220,"Austropotamobius fulcisianus orientalis (Karaman, 1929)",Austropotamobius fulcisianus orientalis,"(Karaman, 1929)",SUBSPECIES,ZOOLOGICAL,ACCEPTED,Austropotamobius,fulcisianus,SCIENTIFIC,"<i>Austropotamobius</i> <i>fulcisianus</i> <i>orientalis</i> (Karaman, 1929)",EXACT,98,18,Animalia,Arthropoda,Decapoda,Astacidae,Austropotamobius,Austropotamobius fulcisianus,1,54,637,8022,4312657,9191054,FALSE,Austropotamobius fulcisianus orientalis,FALSE,Malacostraca,229,NA,orientalis,Austropotamobius fulcisianus orientalis,9107220,NA,NA,NA,NA,NA,NA,Austropotamobius fulcisianus orientalis,Crayfish/crab (Malacostraca)
2650105,Azolla caroliniana Willd.,Azolla caroliniana,Willd.,SPECIES,NA,ACCEPTED,Azolla,caroliniana,SCIENTIFIC,<i>Azolla</i> <i>caroliniana</i> Willd.,EXACT,99,4,Plantae,Tracheophyta,Salviniales,Salviniaceae,Azolla,Azolla caroliniana,6,7707728,7229405,6629,2650103,2650105,FALSE,Azolla caroliniana,FALSE,Polypodiopsida,7228684,NA,NA,NA,NA,NA,NA,NA,NA,NA,NA,Azolla caroliniana,Plant (strict freshwater habitat tag only)
4196474,Azolla cristata Kaulf.,Azolla cristata,Kaulf.,SPECIES,NA,ACCEPTED,Azolla,cristata,SCIENTIFIC,<i>Azolla</i> <i>cristata</i> Kaulf.,EXACT,99,7,Plantae,Tracheophyta,Salviniales,Salviniaceae,Azolla,Azolla cristata,6,7707728,7229405,6629,2650103,4196474,FALSE,Azolla cristata,FALSE,Polypodiopsida,7228684,NA,NA,NA,NA,NA,NA,NA,NA,NA,NA,Azolla cristata,Plant (strict freshwater habitat tag only)
2650107,Azolla filiculoides Lam.,Azolla filiculoides,Lam.,SPECIES,NA,ACCEPTED,Azolla,filiculoides,SCIENTIFIC,<i>Azolla</i> <i>filiculoides</i> Lam.,EXACT,99,4,Plantae,Tracheophyta,Salviniales,Salviniaceae,Azolla,Azolla filiculoides,6,7707728,7229405,6629,2650103,2650107,FALSE,Azolla filiculoides,FALSE,Polypodiopsida,7228684,NA,NA,NA,NA,NA,NA,NA,NA,NA,NA,Azolla filiculoides,Plant (strict freshwater habitat tag only)
8276765,Azolla filiculoides subsp. cristata (Kaulf.) Fraser-Jenk.,Azolla filiculoides cristata,(Kaulf.) Fraser-Jenk.,SUBSPECIES,BOTANICAL,SYNONYM,Azolla,filiculoides,SCIENTIFIC,<i>Azolla</i> <i>filiculoides</i> subsp. <i>cristata</i> (Kaulf.) Fraser-Jenk.,EXACT,100,14,Plantae,Tracheophyta,Salviniales,Salviniaceae,Azolla,Azolla cristata,6,7707728,7229405,6629,2650103,4196474,TRUE,Azolla filiculoides subsp. cristata (Kaulf.) Fraser-Jenk.,FALSE,Polypodiopsida,7228684,NA,cristata,NA,NA,NA,NA,4196474,Azolla cristata Kaulf.,NA,NA,Azolla filiculoides subsp. cristata (Kaulf.) Fraser-Jenk.,Plant (strict freshwater habitat tag only)
11073901,Azolla mexicana C.Presl,Azolla mexicana,C.Presl,SPECIES,NA,ACCEPTED,Azolla,mexicana,SCIENTIFIC,<i>Azolla</i> <i>mexicana</i> C.Presl,EXACT,97,9,Plantae,Tracheophyta,Salviniales,Salviniaceae,Azolla,Azolla mexicana,6,7707728,7229405,6629,2650103,11073901,FALSE,Azolla mexicana,FALSE,Polypodiopsida,7228684,NA,NA,NA,NA,NA,NA,NA,NA,NA,NA,Azolla mexicana,Plant (strict freshwater habitat tag only)
2650104,Azolla mexicana Schlecht. & Cham. ex K.Presl,Azolla mexicana,Schlecht. & Cham. ex K.Presl,SPECIES,NA,SYNONYM,Azolla,mexicana,SCIENTIFIC,<i>Azolla</i> <i>mexicana</i> Schlecht. & Cham. ex K.Presl,EXACT,100,7,Plantae,Tracheophyta,Salviniales,Salviniaceae,Azolla,Azolla cristata,6,7707728,7229405,6629,2650103,4196474,TRUE,Azolla mexicana Schlecht. & Cham.,FALSE,Polypodiopsida,7228684,2 synonym homonyms,NA,NA,NA,NA,NA,4196474,Azolla cristata Kaulf.,NA,NA,Azolla mexicana Schlecht. & Cham.,Plant (strict freshwater habitat tag only)
4196470,Azolla nilotica Decne. ex Mett.,Azolla nilotica,Decne. ex Mett.,SPECIES,NA,PROVISIONALLY_ACCEPTED,Azolla,nilotica,SCIENTIFIC,<i>Azolla</i> <i>nilotica</i> Decne. ex Mett.,EXACT,100,7,Plantae,Tracheophyta,Salviniales,Salviniaceae,Azolla,Azolla nilotica,6,7707728,7229405,6629,2650103,4196470,FALSE,Azolla nilotica Dcne. & Mett.,FALSE,Polypodiopsida,7228684,NA,NA,NA,NA,NA,NA,NA,NA,NA,NA,Azolla nilotica Dcne. & Mett.,Plant (strict freshwater habitat tag only)
2650106,Azolla pinnata R.Br.,Azolla pinnata,R.Br.,SPECIES,NA,ACCEPTED,Azolla,pinnata,SCIENTIFIC,<i>Azolla</i> <i>pinnata</i> R.Br.,EXACT,99,7,Plantae,Tracheophyta,Salviniales,Salviniaceae,Azolla,Azolla pinnata,6,7707728,7229405,6629,2650103,2650106,FALSE,Azolla pinnata,FALSE,Polypodiopsida,7228684,NA,NA,NA,NA,NA,NA,NA,NA,NA,NA,Azolla pinnata,Plant (strict freshwater habitat tag only)
4196472,Azolla pinnata subsp. africana (Desv.) R.M.K.Saunders & K.Fowler,Azolla pinnata africana,(Desv.) R.M.K.Saunders & K.Fowler,SUBSPECIES,BOTANICAL,ACCEPTED,Azolla,pinnata,SCIENTIFIC,<i>Azolla</i> <i>pinnata</i> subsp. <i>africana</i> (Desv.) R.M.K.Saunders & K.Fowler,EXACT,97,12,Plantae,Tracheophyta,Salviniales,Salviniaceae,Azolla,Azolla pinnata,6,7707728,7229405,6629,2650103,2650106,FALSE,Azolla pinnata africana,FALSE,Polypodiopsida,7228684,NA,africana,Azolla pinnata africana,4196472,NA,NA,NA,NA,NA,NA,Azolla pinnata africana,Plant (strict freshwater habitat tag only)
4196486,Azolla pinnata subsp. asiatica R.M.K.Saunders & K.Fowler,Azolla pinnata asiatica,R.M.K.Saunders & K.Fowler,SUBSPECIES,BOTANICAL,ACCEPTED,Azolla,pinnata,SCIENTIFIC,<i>Azolla</i> <i>pinnata</i> subsp. <i>asiatica</i> R.M.K.Saunders & K.Fowler,EXACT,98,12,Plantae,Tracheophyta,Salviniales,Salviniaceae,Azolla,Azolla pinnata,6,7707728,7229405,6629,2650103,2650106,FALSE,Azolla pinnata asiatica,FALSE,Polypodiopsida,7228684,NA,asiatica,Azolla pinnata asiatica,4196486,NA,NA,NA,NA,NA,NA,Azolla pinnata asiatica,Plant (strict freshwater habitat tag only)
5788062,"Babka gymnotrachelus (Kessler, 1857)",Babka gymnotrachelus,"(Kessler, 1857)",SPECIES,ZOOLOGICAL,ACCEPTED,Babka,gymnotrachelus,SCIENTIFIC,"<i>Babka</i> <i>gymnotrachelus</i> (Kessler, 1857)",EXACT,99,10,Animalia,Chordata,Perciformes,Gobiidae,Babka,Babka gymnotrachelus,1,44,587,4274,4853217,5788062,FALSE,Babka gymnotrachelus,FALSE,NA,NA,NA,NA,NA,NA,NA,NA,NA,NA,NA,NA,Babka gymnotrachelus,Fish
5201739,"Bagrus meridionalis Günther, 1894",Bagrus meridionalis,"Günther, 1894",SPECIES,ZOOLOGICAL,ACCEPTED,Bagrus,meridionalis,SCIENTIFIC,"<i>Bagrus</i> <i>meridionalis</i> Günther, 1894",EXACT,99,13,Animalia,Chordata,Siluriformes,Bagridae,Bagrus,Bagrus meridionalis,1,44,708,8974,8042805,5201739,FALSE,Bagrus meridionalis,FALSE,NA,NA,NA,NA,NA,NA,NA,NA,NA,NA,NA,NA,Bagrus meridionalis,Fish
2363816,"Balantiocheilos melanopterus (Bleeker, 1850)",Balantiocheilos melanopterus,"(Bleeker, 1850)",SPECIES,ZOOLOGICAL,ACCEPTED,Balantiocheilos,melanopterus,SCIENTIFIC,"<i>Balantiocheilos</i> <i>melanopterus</i> (Bleeker, 1850)",EXACT,99,16,Animalia,Chordata,Cypriniformes,Cyprinidae,Balantiocheilos,Balantiocheilos melanopterus,1,44,1153,7336,2363815,2363816,FALSE,Balantiocheilos melanopterus,FALSE,NA,NA,NA,NA,NA,NA,NA,NA,NA,NA,NA,NA,Balantiocheilos melanopterus,Fish
2864546,Baldellia ranunculoides (L.) Parl.,Baldellia ranunculoides,(L.) Parl.,SPECIES,BOTANICAL,ACCEPTED,Baldellia,ranunculoides,SCIENTIFIC,<i>Baldellia</i> <i>ranunculoides</i> (L.) Parl.,EXACT,99,10,Plantae,Tracheophyta,Alismatales,Alismataceae,Baldellia,Baldellia ranunculoides,6,7707728,551,3720,2864545,2864546,FALSE,Baldellia ranunculoides,FALSE,Liliopsida,196,NA,NA,NA,NA,NA,NA,NA,NA,NA,NA,Baldellia ranunculoides,Plant (strict freshwater habitat tag only)
2367033,"Ballerus ballerus (Linnaeus, 1758)",Ballerus ballerus,"(Linnaeus, 1758)",SPECIES,ZOOLOGICAL,ACCEPTED,Ballerus,ballerus,SCIENTIFIC,"<i>Ballerus</i> <i>ballerus</i> (Linnaeus, 1758)",EXACT,99,3,Animalia,Chordata,Cypriniformes,Cyprinidae,Ballerus,Ballerus ballerus,1,44,1153,7336,2367023,2367033,FALSE,Ballerus ballerus,FALSE,NA,NA,NA,NA,NA,NA,NA,NA,NA,NA,NA,NA,Ballerus ballerus,Fish
2367024,"Ballerus sapa (Pallas, 1814)",Ballerus sapa,"(Pallas, 1814)",SPECIES,ZOOLOGICAL,ACCEPTED,Ballerus,sapa,SCIENTIFIC,"<i>Ballerus</i> <i>sapa</i> (Pallas, 1814)",EXACT,99,7,Animalia,Chordata,Cypriniformes,Cyprinidae,Ballerus,Ballerus sapa,1,44,1153,7336,2367023,2367024,FALSE,Ballerus sapa,FALSE,NA,NA,NA,NA,NA,NA,NA,NA,NA,NA,NA,NA,Ballerus sapa,Fish
5204862,"Barbatula barbatula (Linnaeus, 1758)",Barbatula barbatula,"(Linnaeus, 1758)",SPECIES,ZOOLOGICAL,ACCEPTED,Barbatula,barbatula,SCIENTIFIC,"<i>Barbatula</i> <i>barbatula</i> (Linnaeus, 1758)",EXACT,99,12,Animalia,Chordata,Cypriniformes,Nemacheilidae,Barbatula,Barbatula barbatula,1,44,1153,6759123,2357544,5204862,FALSE,Barbatula barbatula,FALSE,NA,NA,NA,NA,NA,NA,NA,NA,NA,NA,NA,NA,Barbatula barbatula,Fish
2363847,"Barbodes binotatus (Valenciennes, 1842)",Barbodes binotatus,"(Valenciennes, 1842)",SPECIES,ZOOLOGICAL,ACCEPTED,Barbodes,binotatus,SCIENTIFIC,"<i>Barbodes</i> <i>binotatus</i> (Valenciennes, 1842)",EXACT,99,10,Animalia,Chordata,Cypriniformes,Cyprinidae,Barbodes,Barbodes binotatus,1,44,1153,7336,2365861,2363847,FALSE,Barbodes binotatus,FALSE,NA,NA,NA,NA,NA,NA,NA,NA,NA,NA,NA,NA,Barbodes binotatus,Fish
9308968,"Barbodes rhombeus (Kottelat, 2000)",Barbodes rhombeus,"(Kottelat, 2000)",SPECIES,ZOOLOGICAL,ACCEPTED,Barbodes,rhombeus,SCIENTIFIC,"<i>Barbodes</i> <i>rhombeus</i> (Kottelat, 2000)",EXACT,99,9,Animalia,Chordata,Cypriniformes,Cyprinidae,Barbodes,Barbodes rhombeus,1,44,1153,7336,2365861,9308968,FALSE,Barbodes rhombeus,FALSE,NA,NA,NA,NA,NA,NA,NA,NA,NA,NA,NA,NA,Barbodes rhombeus,Fish
9515715,"Barbodes semifasciolatus (Günther, 1868)",Barbodes semifasciolatus,"(Günther, 1868)",SPECIES,ZOOLOGICAL,ACCEPTED,Barbodes,semifasciolatus,SCIENTIFIC,"<i>Barbodes</i> <i>semifasciolatus</i> (Günther, 1868)",EXACT,99,15,Animalia,Chordata,Cypriniformes,Cyprinidae,Barbodes,Barbodes semifasciolatus,1,44,1153,7336,2365861,9515715,FALSE,Barbodes semifasciolatus,FALSE,NA,NA,NA,NA,NA,NA,NA,NA,NA,NA,NA,NA,Barbodes semifasciolatus,Fish
2366091,"Barbonymus altus (Günther, 1868)",Barbonymus altus,"(Günther, 1868)",SPECIES,ZOOLOGICAL,ACCEPTED,Barbonymus,altus,SCIENTIFIC,"<i>Barbonymus</i> <i>altus</i> (Günther, 1868)",EXACT,99,8,Animalia,Chordata,Cypriniformes,Cyprinidae,Barbonymus,Barbonymus altus,1,44,1153,7336,2366090,2366091,FALSE,Barbonymus altus,FALSE,NA,NA,NA,NA,NA,NA,NA,NA,NA,NA,NA,NA,Barbonymus altus,Fish
2366114,"Barbonymus gonionotus (Bleeker, 1849)",Barbonymus gonionotus,"(Bleeker, 1849)",SPECIES,ZOOLOGICAL,ACCEPTED,Barbonymus,gonionotus,SCIENTIFIC,"<i>Barbonymus</i> <i>gonionotus</i> (Bleeker, 1849)",EXACT,99,11,Animalia,Chordata,Cypriniformes,Cyprinidae,Barbonymus,Barbonymus gonionotus,1,44,1153,7336,2366090,2366114,FALSE,Barbonymus gonionotus,FALSE,NA,NA,NA,NA,NA,NA,NA,NA,NA,NA,NA,NA,Barbonymus gonionotus,Fish
2366101,"Barbonymus schwanenfeldii (Bleeker, 1854)",Barbonymus schwanenfeldii,"(Bleeker, 1854)",SPECIES,ZOOLOGICAL,ACCEPTED,Barbonymus,schwanenfeldii,SCIENTIFIC,"<i>Barbonymus</i> <i>schwanenfeldii</i> (Bleeker, 1854)",EXACT,99,15,Animalia,Chordata,Cypriniformes,Cyprinidae,Barbonymus,Barbonymus schwanenfeldii,1,44,1153,7336,2366090,2366101,FALSE,Barbonymus schwanenfeldii,FALSE,NA,NA,NA,NA,NA,NA,NA,NA,NA,NA,NA,NA,Barbonymus schwanenfeldii,Fish
5739539,"Barbus barbus (Linnaeus, 1758)",Barbus barbus,"(Linnaeus, 1758)",SPECIES,ZOOLOGICAL,ACCEPTED,Barbus,barbus,SCIENTIFIC,"<i>Barbus</i> <i>barbus</i> (Linnaeus, 1758)",EXACT,99,9,Animalia,Chordata,Cypriniformes,Cyprinidae,Barbus,Barbus barbus,1,44,1153,7336,9183743,5739539,FALSE,Barbus barbus,FALSE,NA,NA,NA,NA,NA,NA,NA,NA,NA,NA,NA,NA,Barbus barbus,Fish
5207310,"Barbus plebejus Bonaparte, 1839",Barbus plebejus,"Bonaparte, 1839",SPECIES,ZOOLOGICAL,ACCEPTED,Barbus,plebejus,SCIENTIFIC,"<i>Barbus</i> <i>plebejus</i> Bonaparte, 1839",EXACT,99,10,Animalia,Chordata,Cypriniformes,Cyprinidae,Barbus,Barbus plebejus,1,44,1153,7336,9183743,5207310,FALSE,Barbus plebejus,FALSE,NA,NA,NA,NA,NA,NA,NA,NA,NA,NA,NA,NA,Barbus plebejus,Fish
5205365,"Beaufortia leveretti (Nichols & Pope, 1927)",Beaufortia leveretti,"(Nichols & Pope, 1927)",SPECIES,ZOOLOGICAL,ACCEPTED,Beaufortia,leveretti,SCIENTIFIC,"<i>Beaufortia</i> <i>leveretti</i> (Nichols & Pope, 1927)",EXACT,99,13,Animalia,Chordata,Cypriniformes,Balitoridae,Beaufortia,Beaufortia leveretti,1,44,1153,3383,2358728,5205365,FALSE,Beaufortia leveretti,FALSE,NA,NA,NA,NA,NA,NA,NA,NA,NA,NA,NA,NA,Beaufortia leveretti,Fish
2350149,"Belonesox belizanus Kner, 1860",Belonesox belizanus,"Kner, 1860",SPECIES,ZOOLOGICAL,ACCEPTED,Belonesox,belizanus,SCIENTIFIC,"<i>Belonesox</i> <i>belizanus</i> Kner, 1860",EXACT,99,12,Animalia,Chordata,Cyprinodontiformes,Poeciliidae,Belonesox,Belonesox belizanus,1,44,547,7659,2350148,2350149,FALSE,Belonesox belizanus,FALSE,NA,NA,NA,NA,NA,NA,NA,NA,NA,NA,NA,NA,Belonesox belizanus,Fish
2375748,"Benthophiloides brauneri Beling & Iljin, 1927",Benthophiloides brauneri,"Beling & Iljin, 1927",SPECIES,ZOOLOGICAL,ACCEPTED,Benthophiloides,brauneri,SCIENTIFIC,"<i>Benthophiloides</i> <i>brauneri</i> Beling & Iljin, 1927",EXACT,99,16,Animalia,Chordata,Perciformes,Gobiidae,Benthophiloides,Benthophiloides brauneri,1,44,587,4274,2375745,2375748,FALSE,Benthophiloides brauneri,FALSE,NA,NA,NA,NA,NA,NA,NA,NA,NA,NA,NA,NA,Benthophiloides brauneri,Fish
2378864,"Benthophilus stellatus (Sauvage, 1874)",Benthophilus stellatus,"(Sauvage, 1874)",SPECIES,ZOOLOGICAL,ACCEPTED,Benthophilus,stellatus,SCIENTIFIC,"<i>Benthophilus</i> <i>stellatus</i> (Sauvage, 1874)",EXACT,99,11,Animalia,Chordata,Perciformes,Gobiidae,Benthophilus,Benthophilus stellatus,1,44,587,4274,2378858,2378864,FALSE,Benthophilus stellatus,FALSE,NA,NA,NA,NA,NA,NA,NA,NA,NA,NA,NA,NA,Benthophilus stellatus,Fish
2394004,"Betta bellica Sauvage, 1884",Betta bellica,"Sauvage, 1884",SPECIES,ZOOLOGICAL,ACCEPTED,Betta,bellica,SCIENTIFIC,"<i>Betta</i> <i>bellica</i> Sauvage, 1884",EXACT,99,6,Animalia,Chordata,Perciformes,Osphronemidae,Betta,Betta bellica,1,44,587,8553,2393980,2394004,FALSE,Betta bellica,FALSE,NA,NA,NA,NA,NA,NA,NA,NA,NA,NA,NA,NA,Betta bellica,Fish
2393998,"Betta splendens Regan, 1910",Betta splendens,"Regan, 1910",SPECIES,ZOOLOGICAL,ACCEPTED,Betta,splendens,SCIENTIFIC,"<i>Betta</i> <i>splendens</i> Regan, 1910",EXACT,99,9,Animalia,Chordata,Perciformes,Osphronemidae,Betta,Betta splendens,1,44,587,8553,2393980,2393998,FALSE,Betta splendens,FALSE,NA,NA,NA,NA,NA,NA,NA,NA,NA,NA,NA,NA,Betta splendens,Fish
2374555,"Bidyanus bidyanus (Mitchell, 1838)",Bidyanus bidyanus,"(Mitchell, 1838)",SPECIES,ZOOLOGICAL,ACCEPTED,Bidyanus,bidyanus,SCIENTIFIC,"<i>Bidyanus</i> <i>bidyanus</i> (Mitchell, 1838)",EXACT,99,8,Animalia,Chordata,Perciformes,Terapontidae,Bidyanus,Bidyanus bidyanus,1,44,587,5072,2374554,2374555,FALSE,Bidyanus bidyanus,FALSE,NA,NA,NA,NA,NA,NA,NA,NA,NA,NA,NA,NA,Bidyanus bidyanus,Fish
5784529,"Biomphalaria camerunensis (C.R.Boettger, 1941)",Biomphalaria camerunensis,"(C.R.Boettger, 1941)",SPECIES,ZOOLOGICAL,ACCEPTED,Biomphalaria,camerunensis,SCIENTIFIC,"<i>Biomphalaria</i> <i>camerunensis</i> (C.R.Boettger, 1941)",EXACT,99,12,Animalia,Mollusca,NA,Planorbidae,Biomphalaria,Biomphalaria camerunensis,1,52,NA,2851,2291019,5784529,FALSE,Biomphalaria camerunensis,FALSE,Gastropoda,225,NA,NA,NA,NA,NA,NA,NA,NA,NA,NA,Biomphalaria camerunensis,Gastropod
2291021,"Biomphalaria glabrata (Say, 1818)",Biomphalaria glabrata,"(Say, 1818)",SPECIES,ZOOLOGICAL,ACCEPTED,Biomphalaria,glabrata,SCIENTIFIC,"<i>Biomphalaria</i> <i>glabrata</i> (Say, 1818)",EXACT,99,6,Animalia,Mollusca,NA,Planorbidae,Biomphalaria,Biomphalaria glabrata,1,52,NA,2851,2291019,2291021,FALSE,Biomphalaria glabrata,FALSE,Gastropoda,225,NA,NA,NA,NA,NA,NA,NA,NA,NA,NA,Biomphalaria glabrata,Gastropod
8142380,"Biomphalaria straminea (Dunker, 1848)",Biomphalaria straminea,"(Dunker, 1848)",SPECIES,ZOOLOGICAL,ACCEPTED,Biomphalaria,straminea,SCIENTIFIC,"<i>Biomphalaria</i> <i>straminea</i> (Dunker, 1848)",EXACT,99,11,Animalia,Mollusca,NA,Planorbidae,Biomphalaria,Biomphalaria straminea,1,52,NA,2851,2291019,8142380,FALSE,Biomphalaria straminea,FALSE,Gastropoda,225,NA,NA,NA,NA,NA,NA,NA,NA,NA,NA,Biomphalaria straminea,Gastropod
2299854,"Bithynia tentaculata (Linnaeus, 1758)",Bithynia tentaculata,"(Linnaeus, 1758)",SPECIES,ZOOLOGICAL,ACCEPTED,Bithynia,tentaculata,SCIENTIFIC,"<i>Bithynia</i> <i>tentaculata</i> (Linnaeus, 1758)",EXACT,99,12,Animalia,Mollusca,Littorinimorpha,Bithyniidae,Bithynia,Bithynia tentaculata,1,52,7390893,2678,3244907,2299854,FALSE,Bithynia tentaculata,FALSE,Gastropoda,225,NA,NA,NA,NA,NA,NA,NA,NA,NA,NA,Bithynia tentaculata,Gastropod
2364662,"Biwia zezera (Ishikawa, 1895)",Biwia zezera,"(Ishikawa, 1895)",SPECIES,ZOOLOGICAL,ACCEPTED,Biwia,zezera,SCIENTIFIC,"<i>Biwia</i> <i>zezera</i> (Ishikawa, 1895)",EXACT,99,3,Animalia,Chordata,Cypriniformes,Cyprinidae,Biwia,Biwia zezera,1,44,1153,7336,2364660,2364662,FALSE,Biwia zezera,FALSE,NA,NA,NA,NA,NA,NA,NA,NA,NA,NA,NA,NA,Biwia zezera,Fish
2359471,"Blicca bjoerkna (Linnaeus, 1758)",Blicca bjoerkna,"(Linnaeus, 1758)",SPECIES,ZOOLOGICAL,ACCEPTED,Blicca,bjoerkna,SCIENTIFIC,"<i>Blicca</i> <i>bjoerkna</i> (Linnaeus, 1758)",EXACT,99,9,Animalia,Chordata,Cypriniformes,Cyprinidae,Blicca,Blicca bjoerkna,1,44,1153,7336,2359470,2359471,FALSE,Blicca bjoerkna,FALSE,NA,NA,NA,NA,NA,NA,NA,NA,NA,NA,NA,NA,Blicca bjoerkna,Fish
2865952,Blyxa aubertii Rich.,Blyxa aubertii,Rich.,SPECIES,NA,ACCEPTED,Blyxa,aubertii,SCIENTIFIC,<i>Blyxa</i> <i>aubertii</i> Rich.,EXACT,99,7,Plantae,Tracheophyta,Alismatales,Hydrocharitaceae,Blyxa,Blyxa aubertii,6,7707728,551,3721,2865259,2865952,FALSE,Blyxa aubertii,FALSE,Liliopsida,196,NA,NA,NA,NA,NA,NA,NA,NA,NA,NA,Blyxa aubertii,Plant (strict freshwater habitat tag only)
2865970,Blyxa echinosperma (C.B.Clarke) Hook.f.,Blyxa echinosperma,(C.B.Clarke) Hook.f.,SPECIES,BOTANICAL,ACCEPTED,Blyxa,echinosperma,SCIENTIFIC,<i>Blyxa</i> <i>echinosperma</i> (C.B.Clarke) Hook.f.,EXACT,99,9,Plantae,Tracheophyta,Alismatales,Hydrocharitaceae,Blyxa,Blyxa echinosperma,6,7707728,551,3721,2865259,2865970,FALSE,Blyxa echinosperma,FALSE,Liliopsida,196,NA,NA,NA,NA,NA,NA,NA,NA,NA,NA,Blyxa echinosperma,Plant (strict freshwater habitat tag only)
2865980,Blyxa japonica (Miq.) Maxim. ex Asch. & Gürke,Blyxa japonica,(Miq.) Maxim. ex Asch. & Gürke,SPECIES,BOTANICAL,ACCEPTED,Blyxa,japonica,SCIENTIFIC,<i>Blyxa</i> <i>japonica</i> (Miq.) Maxim. ex Asch. & Gürke,EXACT,98,9,Plantae,Tracheophyta,Alismatales,Hydrocharitaceae,Blyxa,Blyxa japonica,6,7707728,551,3721,2865259,2865980,FALSE,Blyxa japonica,FALSE,Liliopsida,196,NA,NA,NA,NA,NA,NA,NA,NA,NA,NA,Blyxa japonica,Plant (strict freshwater habitat tag only)
8187261,"Borysthenia naticina (Menke, 1845)",Borysthenia naticina,"(Menke, 1845)",SPECIES,ZOOLOGICAL,ACCEPTED,Borysthenia,naticina,SCIENTIFIC,"<i>Borysthenia</i> <i>naticina</i> (Menke, 1845)",EXACT,99,12,Animalia,Mollusca,NA,Valvatidae,Borysthenia,Borysthenia naticina,1,52,NA,2699,3244544,8187261,FALSE,Borysthenia naticina,FALSE,Gastropoda,225,NA,NA,NA,NA,NA,NA,NA,NA,NA,NA,Borysthenia naticina,Gastropod
2368023,"Botia almorhae Gray, 1831",Botia almorhae,"Gray, 1831",SPECIES,ZOOLOGICAL,ACCEPTED,Botia,almorhae,SCIENTIFIC,"<i>Botia</i> <i>almorhae</i> Gray, 1831",EXACT,99,6,Animalia,Chordata,Cypriniformes,Cobitidae,Botia,Botia almorhae,1,44,1153,3385,2358815,2368023,FALSE,Botia almorhae,FALSE,NA,NA,NA,NA,NA,NA,NA,NA,NA,NA,NA,NA,Botia almorhae,Fish
2368019,"Botia striata Narayan Rao, 1920",Botia striata,"Narayan Rao, 1920",SPECIES,ZOOLOGICAL,ACCEPTED,Botia,striata,SCIENTIFIC,"<i>Botia</i> <i>striata</i> Narayan Rao, 1920",EXACT,99,9,Animalia,Chordata,Cypriniformes,Cobitidae,Botia,Botia striata,1,44,1153,3385,2358815,2368019,FALSE,Botia striata,FALSE,NA,NA,NA,NA,NA,NA,NA,NA,NA,NA,NA,NA,Botia striata,Fish
2377134,"Brachygobius xanthozonus (Bleeker, 1849)",Brachygobius xanthozonus,"(Bleeker, 1849)",SPECIES,ZOOLOGICAL,ACCEPTED,Brachygobius,xanthozonus,SCIENTIFIC,"<i>Brachygobius</i> <i>xanthozonus</i> (Bleeker, 1849)",EXACT,99,15,Animalia,Chordata,Perciformes,Gobiidae,Brachygobius,Brachygobius xanthozonus,1,44,587,4274,2377131,2377134,FALSE,Brachygobius xanthozonus,FALSE,NA,NA,NA,NA,NA,NA,NA,NA,NA,NA,NA,NA,Brachygobius xanthozonus,Fish
2354111,"Bramocharax bransfordii Gill, 1877",Bramocharax bransfordii,"Gill, 1877",SPECIES,ZOOLOGICAL,ACCEPTED,Bramocharax,bransfordii,SCIENTIFIC,"<i>Bramocharax</i> <i>bransfordii</i> Gill, 1877",EXACT,99,11,Animalia,Chordata,Characiformes,Characidae,Bramocharax,Bramocharax bransfordii,1,44,537,7201,2354107,2354111,FALSE,Bramocharax bransfordii,FALSE,NA,NA,NA,NA,NA,NA,NA,NA,NA,NA,NA,NA,Bramocharax bransfordii,Fish
2353487,"Brycon cephalus (Günther, 1869)",Brycon cephalus,"(Günther, 1869)",SPECIES,ZOOLOGICAL,ACCEPTED,Brycon,cephalus,SCIENTIFIC,"<i>Brycon</i> <i>cephalus</i> (Günther, 1869)",EXACT,99,8,Animalia,Chordata,Characiformes,Bryconidae,Brycon,Brycon cephalus,1,44,537,6880497,2353451,2353487,FALSE,Brycon cephalus,FALSE,NA,NA,NA,NA,NA,NA,NA,NA,NA,NA,NA,NA,Brycon cephalus,Fish
2353507,"Brycon hilarii (Valenciennes, 1850)",Brycon hilarii,"(Valenciennes, 1850)",SPECIES,ZOOLOGICAL,ACCEPTED,Brycon,hilarii,SCIENTIFIC,"<i>Brycon</i> <i>hilarii</i> (Valenciennes, 1850)",EXACT,99,8,Animalia,Chordata,Characiformes,Bryconidae,Brycon,Brycon hilarii,1,44,537,6880497,2353451,2353507,FALSE,Brycon hilarii,FALSE,NA,NA,NA,NA,NA,NA,NA,NA,NA,NA,NA,NA,Brycon hilarii,Fish
2353460,"Brycon melanopterus (Cope, 1872)",Brycon melanopterus,"(Cope, 1872)",SPECIES,ZOOLOGICAL,ACCEPTED,Brycon,melanopterus,SCIENTIFIC,"<i>Brycon</i> <i>melanopterus</i> (Cope, 1872)",EXACT,99,9,Animalia,Chordata,Characiformes,Bryconidae,Brycon,Brycon melanopterus,1,44,537,6880497,2353451,2353460,FALSE,Brycon melanopterus,FALSE,NA,NA,NA,NA,NA,NA,NA,NA,NA,NA,NA,NA,Brycon melanopterus,Fish
2352892,"Bryconamericus exodon Eigenmann, 1907",Bryconamericus exodon,"Eigenmann, 1907",SPECIES,ZOOLOGICAL,ACCEPTED,Bryconamericus,exodon,SCIENTIFIC,"<i>Bryconamericus</i> <i>exodon</i> Eigenmann, 1907",EXACT,99,12,Animalia,Chordata,Characiformes,Characidae,Bryconamericus,Bryconamericus exodon,1,44,537,7201,2352817,2352892,FALSE,Bryconamericus exodon,FALSE,NA,NA,NA,NA,NA,NA,NA,NA,NA,NA,NA,NA,Bryconamericus exodon,Fish
2386071,"Butis koilomatodon (Bleeker, 1849)",Butis koilomatodon,"(Bleeker, 1849)",SPECIES,ZOOLOGICAL,ACCEPTED,Butis,koilomatodon,SCIENTIFIC,"<i>Butis</i> <i>koilomatodon</i> (Bleeker, 1849)",EXACT,99,10,Animalia,Chordata,Perciformes,Eleotridae,Butis,Butis koilomatodon,1,44,587,4268,2386064,2386071,FALSE,Butis koilomatodon,FALSE,NA,NA,NA,NA,NA,NA,NA,NA,NA,NA,NA,NA,Butis koilomatodon,Fish
7193676,"Cabdio morar (Hamilton, 1822)",Cabdio morar,"(Hamilton, 1822)",SPECIES,ZOOLOGICAL,ACCEPTED,Cabdio,morar,SCIENTIFIC,"<i>Cabdio</i> <i>morar</i> (Hamilton, 1822)",EXACT,99,6,Animalia,Chordata,Cypriniformes,Cyprinidae,Cabdio,Cabdio morar,1,44,1153,7336,4837613,7193676,FALSE,Cabdio morar,FALSE,NA,NA,NA,NA,NA,NA,NA,NA,NA,NA,NA,NA,Cabdio morar,Fish
3986548,Cabomba aquatica Aubl.,Cabomba aquatica,Aubl.,SPECIES,NA,ACCEPTED,Cabomba,aquatica,SCIENTIFIC,<i>Cabomba</i> <i>aquatica</i> Aubl.,EXACT,97,9,Plantae,Tracheophyta,Nymphaeales,Cabombaceae,Cabomba,Cabomba aquatica,6,7707728,636,6681,2882440,3986548,FALSE,Cabomba aquatica,FALSE,Magnoliopsida,220,NA,NA,NA,NA,NA,NA,NA,NA,NA,NA,Cabomba aquatica,Plant (strict freshwater habitat tag only)
2882443,Cabomba caroliniana A.Gray,Cabomba caroliniana,A.Gray,SPECIES,NA,ACCEPTED,Cabomba,caroliniana,SCIENTIFIC,<i>Cabomba</i> <i>caroliniana</i> A.Gray,EXACT,99,9,Plantae,Tracheophyta,Nymphaeales,Cabombaceae,Cabomba,Cabomba caroliniana,6,7707728,636,6681,2882440,2882443,FALSE,Cabomba caroliniana,FALSE,Magnoliopsida,220,NA,NA,NA,NA,NA,NA,NA,NA,NA,NA,Cabomba caroliniana,Plant (strict freshwater habitat tag only)
4925544,Cabomba furcata Schult.fil.,Cabomba furcata,Schult.fil.,SPECIES,NA,ACCEPTED,Cabomba,furcata,SCIENTIFIC,<i>Cabomba</i> <i>furcata</i> Schult.fil.,EXACT,99,8,Plantae,Tracheophyta,Nymphaeales,Cabombaceae,Cabomba,Cabomba furcata,6,7707728,636,6681,2882440,4925544,FALSE,Cabomba furcata,FALSE,Magnoliopsida,220,NA,NA,NA,NA,NA,NA,NA,NA,NA,NA,Cabomba furcata,Plant (strict freshwater habitat tag only)
3986532,Cabomba palaeformis Fassett,Cabomba palaeformis,Fassett,SPECIES,NA,ACCEPTED,Cabomba,palaeformis,SCIENTIFIC,<i>Cabomba</i> <i>palaeformis</i> Fassett,EXACT,99,10,Plantae,Tracheophyta,Nymphaeales,Cabombaceae,Cabomba,Cabomba palaeformis,6,7707728,636,6681,2882440,3986532,FALSE,Cabomba palaeformis,FALSE,Magnoliopsida,220,NA,NA,NA,NA,NA,NA,NA,NA,NA,NA,Cabomba palaeformis,Plant (strict freshwater habitat tag only)
2205843,"Caecidotea communis (Say, 1818)",Caecidotea communis,"(Say, 1818)",SPECIES,ZOOLOGICAL,ACCEPTED,Caecidotea,communis,SCIENTIFIC,"<i>Caecidotea</i> <i>communis</i> (Say, 1818)",EXACT,99,10,Animalia,Arthropoda,Isopoda,Asellidae,Caecidotea,Caecidotea communis,1,54,643,4574,2205781,2205843,FALSE,Caecidotea communis,FALSE,Malacostraca,229,NA,NA,NA,NA,NA,NA,NA,NA,NA,NA,Caecidotea communis,Crayfish/crab (Malacostraca)
5202866,"Callichthys callichthys (Linnaeus, 1758)",Callichthys callichthys,"(Linnaeus, 1758)",SPECIES,ZOOLOGICAL,ACCEPTED,Callichthys,callichthys,SCIENTIFIC,"<i>Callichthys</i> <i>callichthys</i> (Linnaeus, 1758)",EXACT,97,13,Animalia,Chordata,Siluriformes,Callichthyidae,Callichthys,Callichthys callichthys,1,44,708,8975,3239152,5202866,FALSE,Callichthys callichthys,FALSE,NA,NA,NA,NA,NA,NA,NA,NA,NA,NA,NA,NA,Callichthys callichthys,Fish
8354737,Callitriche cribrosa Schotsman,Callitriche cribrosa,Schotsman,SPECIES,NA,ACCEPTED,Callitriche,cribrosa,SCIENTIFIC,<i>Callitriche</i> <i>cribrosa</i> Schotsman,EXACT,99,11,Plantae,Tracheophyta,Lamiales,Plantaginaceae,Callitriche,Callitriche cribrosa,6,7707728,408,2420,3039547,8354737,FALSE,Callitriche cribrosa,FALSE,Magnoliopsida,220,NA,NA,NA,NA,NA,NA,NA,NA,NA,NA,Callitriche cribrosa,Plant (strict freshwater habitat tag only)
5372493,Callitriche marginata Torr.,Callitriche marginata,Torr.,SPECIES,NA,ACCEPTED,Callitriche,marginata,SCIENTIFIC,<i>Callitriche</i> <i>marginata</i> Torr.,EXACT,99,6,Plantae,Tracheophyta,Lamiales,Plantaginaceae,Callitriche,Callitriche marginata,6,7707728,408,2420,3039547,5372493,FALSE,Callitriche marginata,FALSE,Magnoliopsida,220,NA,NA,NA,NA,NA,NA,NA,NA,NA,NA,Callitriche marginata,Plant (strict freshwater habitat tag only)
5372499,Callitriche peploides Nutt.,Callitriche peploides,Nutt.,SPECIES,NA,ACCEPTED,Callitriche,peploides,SCIENTIFIC,<i>Callitriche</i> <i>peploides</i> Nutt.,EXACT,99,11,Plantae,Tracheophyta,Lamiales,Plantaginaceae,Callitriche,Callitriche peploides,6,7707728,408,2420,3039547,5372499,FALSE,Callitriche peploides,FALSE,Magnoliopsida,220,NA,NA,NA,NA,NA,NA,NA,NA,NA,NA,Callitriche peploides,Plant (strict freshwater habitat tag only)
5372487,Callitriche stagnalis Scop.,Callitriche stagnalis,Scop.,SPECIES,NA,ACCEPTED,Callitriche,stagnalis,SCIENTIFIC,<i>Callitriche</i> <i>stagnalis</i> Scop.,EXACT,99,11,Plantae,Tracheophyta,Lamiales,Plantaginaceae,Callitriche,Callitriche stagnalis,6,7707728,408,2420,3039547,5372487,FALSE,Callitriche stagnalis,FALSE,Magnoliopsida,220,NA,NA,NA,NA,NA,NA,NA,NA,NA,NA,Callitriche stagnalis,Plant (strict freshwater habitat tag only)
5372477,Callitriche terrestris Muhl. ex Raf.,Callitriche terrestris,Muhl. ex Raf.,SPECIES,NA,ACCEPTED,Callitriche,terrestris,SCIENTIFIC,<i>Callitriche</i> <i>terrestris</i> Muhl. ex Raf.,EXACT,97,11,Plantae,Tracheophyta,Lamiales,Plantaginaceae,Callitriche,Callitriche terrestris,6,7707728,408,2420,3039547,5372477,FALSE,Callitriche terrestris,FALSE,Magnoliopsida,220,NA,NA,NA,NA,NA,NA,NA,NA,NA,NA,Callitriche terrestris,Plant (strict freshwater habitat tag only)
7903930,Callitriche truncata subsp. occidentalis (Rouy) Schotsman,Callitriche truncata occidentalis,(Rouy) Schotsman,SUBSPECIES,BOTANICAL,ACCEPTED,Callitriche,truncata,SCIENTIFIC,<i>Callitriche</i> <i>truncata</i> subsp. <i>occidentalis</i> (Rouy) Schotsman,EXACT,97,23,Plantae,Tracheophyta,Lamiales,Plantaginaceae,Callitriche,Callitriche truncata,6,7707728,408,2420,3039547,8306779,FALSE,Callitriche truncata occidentalis,FALSE,Magnoliopsida,220,NA,occidentalis,Callitriche truncata occidentalis,7903930,NA,NA,NA,NA,NA,NA,Callitriche truncata occidentalis,Plant (strict freshwater habitat tag only)
2361357,"Campostoma anomalum (Rafinesque, 1820)",Campostoma anomalum,"(Rafinesque, 1820)",SPECIES,ZOOLOGICAL,ACCEPTED,Campostoma,anomalum,SCIENTIFIC,"<i>Campostoma</i> <i>anomalum</i> (Rafinesque, 1820)",EXACT,99,5,Animalia,Chordata,Cypriniformes,Cyprinidae,Campostoma,Campostoma anomalum,1,44,1153,7336,2361338,2361357,FALSE,Campostoma anomalum,FALSE,NA,NA,NA,NA,NA,NA,NA,NA,NA,NA,NA,NA,Campostoma anomalum,Fish
2361339,"Campostoma oligolepis Hubbs & Greene, 1935",Campostoma oligolepis,"Hubbs & Greene, 1935",SPECIES,ZOOLOGICAL,ACCEPTED,Campostoma,oligolepis,SCIENTIFIC,"<i>Campostoma</i> <i>oligolepis</i> Hubbs & Greene, 1935",EXACT,99,11,Animalia,Chordata,Cypriniformes,Cyprinidae,Campostoma,Campostoma oligolepis,1,44,1153,7336,2361338,2361339,FALSE,Campostoma oligolepis,FALSE,NA,NA,NA,NA,NA,NA,NA,NA,NA,NA,NA,NA,Campostoma oligolepis,Fish
2371467,"Caquetaia kraussii (Steindachner, 1878)",Caquetaia kraussii,"(Steindachner, 1878)",SPECIES,ZOOLOGICAL,ACCEPTED,Caquetaia,kraussii,SCIENTIFIC,"<i>Caquetaia</i> <i>kraussii</i> (Steindachner, 1878)",EXACT,99,9,Animalia,Chordata,Perciformes,Cichlidae,Caquetaia,Caquetaia kraussii,1,44,587,8522,2371466,2371467,FALSE,Caquetaia kraussii,FALSE,NA,NA,NA,NA,NA,NA,NA,NA,NA,NA,NA,NA,Caquetaia kraussii,Fish
2360345,"Carasobarbus apoensis (Banister & Clarke, 1977)",Carasobarbus apoensis,"(Banister & Clarke, 1977)",SPECIES,ZOOLOGICAL,ACCEPTED,Carasobarbus,apoensis,SCIENTIFIC,"<i>Carasobarbus</i> <i>apoensis</i> (Banister & Clarke, 1977)",EXACT,99,12,Animalia,Chordata,Cypriniformes,Cyprinidae,Carasobarbus,Carasobarbus apoensis,1,44,1153,7336,2360329,2360345,FALSE,Carasobarbus apoensis,FALSE,NA,NA,NA,NA,NA,NA,NA,NA,NA,NA,NA,NA,Carasobarbus apoensis,Fish
2360336,"Carasobarbus canis (Valenciennes, 1842)",Carasobarbus canis,"(Valenciennes, 1842)",SPECIES,ZOOLOGICAL,ACCEPTED,Carasobarbus,canis,SCIENTIFIC,"<i>Carasobarbus</i> <i>canis</i> (Valenciennes, 1842)",EXACT,99,9,Animalia,Chordata,Cypriniformes,Cyprinidae,Carasobarbus,Carasobarbus canis,1,44,1153,7336,2360329,2360336,FALSE,Carasobarbus canis,FALSE,NA,NA,NA,NA,NA,NA,NA,NA,NA,NA,NA,NA,Carasobarbus canis,Fish
4286942,"Carassius auratus (Linnaeus, 1758)",Carassius auratus,"(Linnaeus, 1758)",SPECIES,ZOOLOGICAL,ACCEPTED,Carassius,auratus,SCIENTIFIC,"<i>Carassius</i> <i>auratus</i> (Linnaeus, 1758)",EXACT,99,9,Animalia,Chordata,Cypriniformes,Cyprinidae,Carassius,Carassius auratus,1,44,1153,7336,7396773,4286942,FALSE,Carassius auratus,FALSE,NA,NA,NA,NA,NA,NA,NA,NA,NA,NA,NA,NA,Carassius auratus,Fish
9209900,Carassius auratus var. auratus,Carassius auratus auratus,NA,VARIETY,NA,ACCEPTED,Carassius,auratus,SCIENTIFIC,<i>Carassius</i> <i>auratus</i> var. <i>auratus</i>,EXACT,97,11,Animalia,Chordata,Cypriniformes,Cyprinidae,Carassius,Carassius auratus,1,44,1153,7336,7396773,4286942,FALSE,Carassius auratus auratus,FALSE,NA,NA,NA,auratus,NA,NA,NA,NA,NA,NA,Carassius auratus auratus,9209900,Carassius auratus auratus,Fish
11878278,Carassius auratus x Cyprinus carpio,Carassius auratus x Cyprinus carpio,NA,SPECIES,NA,ACCEPTED,NA,NA,HYBRID_FORMULA,NA,EXACT,100,1,Animalia,Chordata,Cypriniformes,Cyprinidae,Carassius,Carassius auratus x Cyprinus carpio,1,44,1153,7336,7396773,11878278,FALSE,Carassius auratus x Cyprinus carpio,FALSE,NA,NA,NA,NA,NA,NA,NA,NA,NA,NA,NA,NA,Carassius auratus x Cyprinus carpio,Fish
2366645,"Carassius carassius (Linnaeus, 1758)",Carassius carassius,"(Linnaeus, 1758)",SPECIES,ZOOLOGICAL,ACCEPTED,Carassius,carassius,SCIENTIFIC,"<i>Carassius</i> <i>carassius</i> (Linnaeus, 1758)",EXACT,99,9,Animalia,Chordata,Cypriniformes,Cyprinidae,Carassius,Carassius carassius,1,44,1153,7336,7396773,2366645,FALSE,Carassius carassius,FALSE,NA,NA,NA,NA,NA,NA,NA,NA,NA,NA,NA,NA,Carassius carassius,Fish
2366641,"Carassius cuvieri Temminck & Schlegel, 1846",Carassius cuvieri,"Temminck & Schlegel, 1846",SPECIES,ZOOLOGICAL,ACCEPTED,Carassius,cuvieri,SCIENTIFIC,"<i>Carassius</i> <i>cuvieri</i> Temminck & Schlegel, 1846",EXACT,99,9,Animalia,Chordata,Cypriniformes,Cyprinidae,Carassius,Carassius cuvieri,1,44,1153,7336,7396773,2366641,FALSE,Carassius cuvieri,FALSE,NA,NA,NA,NA,NA,NA,NA,NA,NA,NA,NA,NA,Carassius cuvieri,Fish
2366634,"Carassius gibelio (Bloch, 1782)",Carassius gibelio,"(Bloch, 1782)",SPECIES,ZOOLOGICAL,ACCEPTED,Carassius,gibelio,SCIENTIFIC,"<i>Carassius</i> <i>gibelio</i> (Bloch, 1782)",EXACT,99,10,Animalia,Chordata,Cypriniformes,Cyprinidae,Carassius,Carassius gibelio,1,44,1153,7336,7396773,2366634,FALSE,Carassius gibelio,FALSE,NA,NA,NA,NA,NA,NA,NA,NA,NA,NA,NA,NA,Carassius gibelio,Fish
4837765,"Carassius langsdorfii Temminck & Schlegel, 1846",Carassius langsdorfii,"Temminck & Schlegel, 1846",SPECIES,ZOOLOGICAL,ACCEPTED,Carassius,langsdorfii,SCIENTIFIC,"<i>Carassius</i> <i>langsdorfii</i> Temminck & Schlegel, 1846",EXACT,99,12,Animalia,Chordata,Cypriniformes,Cyprinidae,Carassius,Carassius langsdorfii,1,44,1153,7336,7396773,4837765,FALSE,Carassius langsdorfii,FALSE,NA,NA,NA,NA,NA,NA,NA,NA,NA,NA,NA,NA,Carassius langsdorfii,Fish
6459977,"Cardiophilus marisnigrae Miloslawskaya, 1931",Cardiophilus marisnigrae,"Miloslawskaya, 1931",SPECIES,ZOOLOGICAL,ACCEPTED,Cardiophilus,marisnigrae,SCIENTIFIC,"<i>Cardiophilus</i> <i>marisnigrae</i> Miloslawskaya, 1931",EXACT,99,14,Animalia,Arthropoda,Amphipoda,Behningiellidae,Cardiophilus,Cardiophilus marisnigrae,1,54,1231,4643871,4643874,6459977,FALSE,Cardiophilus marisnigrae,FALSE,Malacostraca,229,NA,NA,NA,NA,NA,NA,NA,NA,NA,NA,Cardiophilus marisnigrae,Crayfish/crab (Malacostraca)
5204610,"Carnegiella strigata (Günther, 1864)",Carnegiella strigata,"(Günther, 1864)",SPECIES,ZOOLOGICAL,ACCEPTED,Carnegiella,strigata,SCIENTIFIC,"<i>Carnegiella</i> <i>strigata</i> (Günther, 1864)",EXACT,99,10,Animalia,Chordata,Characiformes,Gasteropelecidae,Carnegiella,Carnegiella strigata,1,44,537,2980,2355717,5204610,FALSE,Carnegiella strigata,FALSE,NA,NA,NA,NA,NA,NA,NA,NA,NA,NA,NA,NA,Carnegiella strigata,Fish
2358948,"Carpiodes carpio (Rafinesque, 1820)",Carpiodes carpio,"(Rafinesque, 1820)",SPECIES,ZOOLOGICAL,ACCEPTED,Carpiodes,carpio,SCIENTIFIC,"<i>Carpiodes</i> <i>carpio</i> (Rafinesque, 1820)",EXACT,99,9,Animalia,Chordata,Cypriniformes,Catostomidae,Carpiodes,Carpiodes carpio,1,44,1153,3384,2358947,2358948,FALSE,Carpiodes carpio,FALSE,NA,NA,NA,NA,NA,NA,NA,NA,NA,NA,NA,NA,Carpiodes carpio,Fish
2358950,"Carpiodes cyprinus (Lesueur, 1817)",Carpiodes cyprinus,"(Lesueur, 1817)",SPECIES,ZOOLOGICAL,ACCEPTED,Carpiodes,cyprinus,SCIENTIFIC,"<i>Carpiodes</i> <i>cyprinus</i> (Lesueur, 1817)",EXACT,99,10,Animalia,Chordata,Cypriniformes,Catostomidae,Carpiodes,Carpiodes cyprinus,1,44,1153,3384,2358947,2358950,FALSE,Carpiodes cyprinus,FALSE,NA,NA,NA,NA,NA,NA,NA,NA,NA,NA,NA,NA,Carpiodes cyprinus,Fish
2358953,"Carpiodes velifer (Rafinesque, 1820)",Carpiodes velifer,"(Rafinesque, 1820)",SPECIES,ZOOLOGICAL,ACCEPTED,Carpiodes,velifer,SCIENTIFIC,"<i>Carpiodes</i> <i>velifer</i> (Rafinesque, 1820)",EXACT,99,11,Animalia,Chordata,Cypriniformes,Catostomidae,Carpiodes,Carpiodes velifer,1,44,1153,3384,2358947,2358953,FALSE,Carpiodes velifer,FALSE,NA,NA,NA,NA,NA,NA,NA,NA,NA,NA,NA,NA,Carpiodes velifer,Fish
4571331,"Carychium hellenicum Bank & E.Gittenberger, 1985",Carychium hellenicum,"Bank & E.Gittenberger, 1985",SPECIES,ZOOLOGICAL,ACCEPTED,Carychium,hellenicum,SCIENTIFIC,"<i>Carychium</i> <i>hellenicum</i> Bank & E.Gittenberger, 1985",EXACT,99,12,Animalia,Mollusca,Ellobiida,Ellobiidae,Carychium,Carychium hellenicum,1,52,9721495,9457,2291060,4571331,FALSE,Carychium hellenicum,FALSE,Gastropoda,225,NA,NA,NA,NA,NA,NA,NA,NA,NA,NA,Carychium hellenicum,Gastropod
2291066,"Carychium minimum O.F.Müller, 1774",Carychium minimum,"O.F.Müller, 1774",SPECIES,ZOOLOGICAL,ACCEPTED,Carychium,minimum,SCIENTIFIC,"<i>Carychium</i> <i>minimum</i> O.F.Müller, 1774",EXACT,99,9,Animalia,Mollusca,Ellobiida,Ellobiidae,Carychium,Carychium minimum,1,52,9721495,9457,2291060,2291066,FALSE,Carychium minimum,FALSE,Gastropoda,225,NA,NA,NA,NA,NA,NA,NA,NA,NA,NA,Carychium minimum,Gastropod
5859258,"Carychium pessimum Pilsbry, 1901",Carychium pessimum,"Pilsbry, 1901",SPECIES,ZOOLOGICAL,ACCEPTED,Carychium,pessimum,SCIENTIFIC,"<i>Carychium</i> <i>pessimum</i> Pilsbry, 1901",EXACT,99,10,Animalia,Mollusca,Ellobiida,Ellobiidae,Carychium,Carychium pessimum,1,52,9721495,9457,2291060,5859258,FALSE,Carychium pessimum,FALSE,Gastropoda,225,NA,NA,NA,NA,NA,NA,NA,NA,NA,NA,Carychium pessimum,Gastropod
2214312,"Caspiocuma campylaspoides (Sars, 1897)",Caspiocuma campylaspoides,"(Sars, 1897)",SPECIES,ZOOLOGICAL,ACCEPTED,Caspiocuma,campylaspoides,SCIENTIFIC,"<i>Caspiocuma</i> <i>campylaspoides</i> (Sars, 1897)",EXACT,99,15,Animalia,Arthropoda,Cumacea,Pseudocumatidae,Caspiocuma,Caspiocuma campylaspoides,1,54,1500,7535,2214311,2214312,FALSE,Caspiocuma campylaspoides,FALSE,Malacostraca,229,NA,NA,NA,NA,NA,NA,NA,NA,NA,NA,Caspiocuma campylaspoides,Crayfish/crab (Malacostraca)
2359038,"Catostomus ardens Jordan & Gilbert, 1881",Catostomus ardens,"Jordan & Gilbert, 1881",SPECIES,ZOOLOGICAL,ACCEPTED,Catostomus,ardens,SCIENTIFIC,"<i>Catostomus</i> <i>ardens</i> Jordan & Gilbert, 1881",EXACT,99,10,Animalia,Chordata,Cypriniformes,Catostomidae,Catostomus,Catostomus ardens,1,44,1153,3384,2359013,2359038,FALSE,Catostomus ardens,FALSE,NA,NA,NA,NA,NA,NA,NA,NA,NA,NA,NA,NA,Catostomus ardens,Fish
4286868,"Catostomus catostomus (Forster, 1773)",Catostomus catostomus,"(Forster, 1773)",SPECIES,ZOOLOGICAL,ACCEPTED,Catostomus,catostomus,SCIENTIFIC,"<i>Catostomus</i> <i>catostomus</i> (Forster, 1773)",EXACT,99,13,Animalia,Chordata,Cypriniformes,Catostomidae,Catostomus,Catostomus catostomus,1,44,1153,3384,2359013,4286868,FALSE,Catostomus catostomus,FALSE,NA,NA,NA,NA,NA,NA,NA,NA,NA,NA,NA,NA,Catostomus catostomus,Fish
2359014,"Catostomus commersonii (Lacepède, 1803)",Catostomus commersonii,"(Lacepède, 1803)",SPECIES,ZOOLOGICAL,ACCEPTED,Catostomus,commersonii,SCIENTIFIC,"<i>Catostomus</i> <i>commersonii</i> (Lacepède, 1803)",EXACT,99,13,Animalia,Chordata,Cypriniformes,Catostomidae,Catostomus,Catostomus commersonii,1,44,1153,3384,2359013,2359014,FALSE,Catostomus commersonii,FALSE,NA,NA,NA,NA,NA,NA,NA,NA,NA,NA,NA,NA,Catostomus commersonii,Fish
2359040,"Catostomus fumeiventris Miller, 1973",Catostomus fumeiventris,"Miller, 1973",SPECIES,ZOOLOGICAL,ACCEPTED,Catostomus,fumeiventris,SCIENTIFIC,"<i>Catostomus</i> <i>fumeiventris</i> Miller, 1973",EXACT,99,14,Animalia,Chordata,Cypriniformes,Catostomidae,Catostomus,Catostomus fumeiventris,1,44,1153,3384,2359013,2359040,FALSE,Catostomus fumeiventris,FALSE,NA,NA,NA,NA,NA,NA,NA,NA,NA,NA,NA,NA,Catostomus fumeiventris,Fish
4286867,"Catostomus occidentalis Ayres, 1854",Catostomus occidentalis,"Ayres, 1854",SPECIES,ZOOLOGICAL,ACCEPTED,Catostomus,occidentalis,SCIENTIFIC,"<i>Catostomus</i> <i>occidentalis</i> Ayres, 1854",EXACT,99,12,Animalia,Chordata,Cypriniformes,Catostomidae,Catostomus,Catostomus occidentalis,1,44,1153,3384,2359013,4286867,FALSE,Catostomus occidentalis,FALSE,NA,NA,NA,NA,NA,NA,NA,NA,NA,NA,NA,NA,Catostomus occidentalis,Fish
2359047,"Catostomus platyrhynchus (Cope, 1874)",Catostomus platyrhynchus,"(Cope, 1874)",SPECIES,ZOOLOGICAL,ACCEPTED,Catostomus,platyrhynchus,SCIENTIFIC,"<i>Catostomus</i> <i>platyrhynchus</i> (Cope, 1874)",EXACT,99,14,Animalia,Chordata,Cypriniformes,Catostomidae,Catostomus,Catostomus platyrhynchus,1,44,1153,3384,2359013,2359047,FALSE,Catostomus platyrhynchus,FALSE,NA,NA,NA,NA,NA,NA,NA,NA,NA,NA,NA,NA,Catostomus platyrhynchus,Fish
2359044,"Catostomus plebeius Baird & Girard, 1854",Catostomus plebeius,"Baird & Girard, 1854",SPECIES,ZOOLOGICAL,ACCEPTED,Catostomus,plebeius,SCIENTIFIC,"<i>Catostomus</i> <i>plebeius</i> Baird & Girard, 1854",EXACT,99,12,Animalia,Chordata,Cypriniformes,Catostomidae,Catostomus,Catostomus plebeius,1,44,1153,3384,2359013,2359044,FALSE,Catostomus plebeius,FALSE,NA,NA,NA,NA,NA,NA,NA,NA,NA,NA,NA,NA,Catostomus plebeius,Fish
2359031,"Catostomus santaanae (Snyder, 1908)",Catostomus santaanae,"(Snyder, 1908)",SPECIES,ZOOLOGICAL,ACCEPTED,Catostomus,santaanae,SCIENTIFIC,"<i>Catostomus</i> <i>santaanae</i> (Snyder, 1908)",EXACT,99,9,Animalia,Chordata,Cypriniformes,Catostomidae,Catostomus,Catostomus santaanae,1,44,1153,3384,2359013,2359031,FALSE,Catostomus santaanae,FALSE,NA,NA,NA,NA,NA,NA,NA,NA,NA,NA,NA,NA,Catostomus santaanae,Fish
2359045,"Catostomus tahoensis Gill & Jordan, 1878",Catostomus tahoensis,"Gill & Jordan, 1878",SPECIES,ZOOLOGICAL,ACCEPTED,Catostomus,tahoensis,SCIENTIFIC,"<i>Catostomus</i> <i>tahoensis</i> Gill & Jordan, 1878",EXACT,99,10,Animalia,Chordata,Cypriniformes,Catostomidae,Catostomus,Catostomus tahoensis,1,44,1153,3384,2359013,2359045,FALSE,Catostomus tahoensis,FALSE,NA,NA,NA,NA,NA,NA,NA,NA,NA,NA,NA,NA,Catostomus tahoensis,Fish
2394521,"Centrarchus macropterus (Lacepède, 1801)",Centrarchus macropterus,"(Lacepède, 1801)",SPECIES,ZOOLOGICAL,ACCEPTED,Centrarchus,macropterus,SCIENTIFIC,"<i>Centrarchus</i> <i>macropterus</i> (Lacepède, 1801)",EXACT,99,12,Animalia,Chordata,Perciformes,Centrarchidae,Centrarchus,Centrarchus macropterus,1,44,587,8513,2370854,2394521,FALSE,Centrarchus macropterus,FALSE,NA,NA,NA,NA,NA,NA,NA,NA,NA,NA,NA,NA,Centrarchus macropterus,Fish
2882398,Ceratophyllum demersum L.,Ceratophyllum demersum,L.,SPECIES,NA,ACCEPTED,Ceratophyllum,demersum,SCIENTIFIC,<i>Ceratophyllum</i> <i>demersum</i> L.,EXACT,97,16,Plantae,Tracheophyta,Ceratophyllales,Ceratophyllaceae,Ceratophyllum,Ceratophyllum demersum,6,7707728,7224003,2425,2882396,2882398,FALSE,Ceratophyllum demersum,FALSE,Magnoliopsida,220,NA,NA,NA,NA,NA,NA,NA,NA,NA,NA,Ceratophyllum demersum,Plant (strict freshwater habitat tag only)
7263169,Ceratophyllum platyacanthum Cham.,Ceratophyllum platyacanthum,Cham.,SPECIES,NA,ACCEPTED,Ceratophyllum,platyacanthum,SCIENTIFIC,<i>Ceratophyllum</i> <i>platyacanthum</i> Cham.,EXACT,99,14,Plantae,Tracheophyta,Ceratophyllales,Ceratophyllaceae,Ceratophyllum,Ceratophyllum platyacanthum,6,7707728,7224003,2425,2882396,7263169,FALSE,Ceratophyllum platyacanthum,FALSE,Magnoliopsida,220,NA,NA,NA,NA,NA,NA,NA,NA,NA,NA,Ceratophyllum platyacanthum,Plant (strict freshwater habitat tag only)
2882404,Ceratophyllum submersum L.,Ceratophyllum submersum,L.,SPECIES,NA,ACCEPTED,Ceratophyllum,submersum,SCIENTIFIC,<i>Ceratophyllum</i> <i>submersum</i> L.,EXACT,99,14,Plantae,Tracheophyta,Ceratophyllales,Ceratophyllaceae,Ceratophyllum,Ceratophyllum submersum,6,7707728,7224003,2425,2882396,2882404,FALSE,Ceratophyllum submersum,FALSE,Magnoliopsida,220,NA,NA,NA,NA,NA,NA,NA,NA,NA,NA,Ceratophyllum submersum,Plant (strict freshwater habitat tag only)
4315713,"Chaetogammarus ischnus (Stebbing, 1899)",Chaetogammarus ischnus,"(Stebbing, 1899)",SPECIES,ZOOLOGICAL,ACCEPTED,Chaetogammarus,ischnus,SCIENTIFIC,"<i>Chaetogammarus</i> <i>ischnus</i> (Stebbing, 1899)",EXACT,99,11,Animalia,Arthropoda,Amphipoda,Gammaridae,Chaetogammarus,Chaetogammarus ischnus,1,54,1231,4434,2219832,4315713,FALSE,Chaetogammarus ischnus,FALSE,Malacostraca,229,NA,NA,NA,NA,NA,NA,NA,NA,NA,NA,Chaetogammarus ischnus,Crayfish/crab (Malacostraca)
4417132,"Chaetogammarus trichiatus Martynov, 1932",Chaetogammarus trichiatus,"Martynov, 1932",SPECIES,ZOOLOGICAL,ACCEPTED,Chaetogammarus,trichiatus,SCIENTIFIC,"<i>Chaetogammarus</i> <i>trichiatus</i> Martynov, 1932",EXACT,99,13,Animalia,Arthropoda,Amphipoda,Gammaridae,Chaetogammarus,Chaetogammarus trichiatus,1,54,1231,4434,2219832,4417132,FALSE,Chaetogammarus trichiatus,FALSE,Malacostraca,229,NA,NA,NA,NA,NA,NA,NA,NA,NA,NA,Chaetogammarus trichiatus,Crayfish/crab (Malacostraca)
4315708,"Chaetogammarus warpachowskyi (G.O.Sars, 1894)",Chaetogammarus warpachowskyi,"(G.O.Sars, 1894)",SPECIES,ZOOLOGICAL,ACCEPTED,Chaetogammarus,warpachowskyi,SCIENTIFIC,"<i>Chaetogammarus</i> <i>warpachowskyi</i> (G.O.Sars, 1894)",EXACT,99,15,Animalia,Arthropoda,Amphipoda,Gammaridae,Chaetogammarus,Chaetogammarus warpachowskyi,1,54,1231,4434,2219832,4315708,FALSE,Chaetogammarus warpachowskyi,FALSE,Malacostraca,229,NA,NA,NA,NA,NA,NA,NA,NA,NA,NA,Chaetogammarus warpachowskyi,Crayfish/crab (Malacostraca)
2353798,"Chalceus macrolepidotus Cuvier, 1818",Chalceus macrolepidotus,"Cuvier, 1818",SPECIES,ZOOLOGICAL,ACCEPTED,Chalceus,macrolepidotus,SCIENTIFIC,"<i>Chalceus</i> <i>macrolepidotus</i> Cuvier, 1818",EXACT,99,12,Animalia,Chordata,Characiformes,Characidae,Chalceus,Chalceus macrolepidotus,1,44,537,7201,2353793,2353798,FALSE,Chalceus macrolepidotus,FALSE,NA,NA,NA,NA,NA,NA,NA,NA,NA,NA,NA,NA,Chalceus macrolepidotus,Fish
4284921,"Channa argus (Cantor, 1842)",Channa argus,"(Cantor, 1842)",SPECIES,ZOOLOGICAL,ACCEPTED,Channa,argus,SCIENTIFIC,"<i>Channa</i> <i>argus</i> (Cantor, 1842)",EXACT,99,4,Animalia,Chordata,Perciformes,Channidae,Channa,Channa argus,1,44,587,4259,2387196,4284921,FALSE,Channa argus,FALSE,NA,NA,NA,NA,NA,NA,NA,NA,NA,NA,NA,NA,Channa argus,Fish
2391557,"Channa asiatica (Linnaeus, 1758)",Channa asiatica,"(Linnaeus, 1758)",SPECIES,ZOOLOGICAL,ACCEPTED,Channa,asiatica,SCIENTIFIC,"<i>Channa</i> <i>asiatica</i> (Linnaeus, 1758)",EXACT,99,8,Animalia,Chordata,Perciformes,Channidae,Channa,Channa asiatica,1,44,587,4259,2387196,2391557,FALSE,Channa asiatica,FALSE,NA,NA,NA,NA,NA,NA,NA,NA,NA,NA,NA,NA,Channa asiatica,Fish
2391505,"Channa lucius (Cuvier, 1831)",Channa lucius,"(Cuvier, 1831)",SPECIES,ZOOLOGICAL,ACCEPTED,Channa,lucius,SCIENTIFIC,"<i>Channa</i> <i>lucius</i> (Cuvier, 1831)",EXACT,99,7,Animalia,Chordata,Perciformes,Channidae,Channa,Channa lucius,1,44,587,4259,2387196,2391505,FALSE,Channa lucius,FALSE,NA,NA,NA,NA,NA,NA,NA,NA,NA,NA,NA,NA,Channa lucius,Fish
2391554,"Channa maculata (Lacepède, 1801)",Channa maculata,"(Lacepède, 1801)",SPECIES,ZOOLOGICAL,ACCEPTED,Channa,maculata,SCIENTIFIC,"<i>Channa</i> <i>maculata</i> (Lacepède, 1801)",EXACT,99,12,Animalia,Chordata,Perciformes,Channidae,Channa,Channa maculata,1,44,587,4259,2387196,2391554,FALSE,Channa maculata,FALSE,NA,NA,NA,NA,NA,NA,NA,NA,NA,NA,NA,NA,Channa maculata,Fish
2391548,"Channa marulius (Hamilton, 1822)",Channa marulius,"(Hamilton, 1822)",SPECIES,ZOOLOGICAL,ACCEPTED,Channa,marulius,SCIENTIFIC,"<i>Channa</i> <i>marulius</i> (Hamilton, 1822)",EXACT,99,9,Animalia,Chordata,Perciformes,Channidae,Channa,Channa marulius,1,44,587,4259,2387196,2391548,FALSE,Channa marulius,FALSE,NA,NA,NA,NA,NA,NA,NA,NA,NA,NA,NA,NA,Channa marulius,Fish
2391455,"Channa micropeltes (Cuvier, 1831)",Channa micropeltes,"(Cuvier, 1831)",SPECIES,ZOOLOGICAL,ACCEPTED,Channa,micropeltes,SCIENTIFIC,"<i>Channa</i> <i>micropeltes</i> (Cuvier, 1831)",EXACT,99,11,Animalia,Chordata,Perciformes,Channidae,Channa,Channa micropeltes,1,44,587,4259,2387196,2391455,FALSE,Channa micropeltes,FALSE,NA,NA,NA,NA,NA,NA,NA,NA,NA,NA,NA,NA,Channa micropeltes,Fish
2391520,"Channa panaw Musikasinthorn, 1998",Channa panaw,"Musikasinthorn, 1998",SPECIES,ZOOLOGICAL,ACCEPTED,Channa,panaw,SCIENTIFIC,"<i>Channa</i> <i>panaw</i> Musikasinthorn, 1998",EXACT,99,16,Animalia,Chordata,Perciformes,Channidae,Channa,Channa panaw,1,44,587,4259,2387196,2391520,FALSE,Channa panaw,FALSE,NA,NA,NA,NA,NA,NA,NA,NA,NA,NA,NA,NA,Channa panaw,Fish
2391463,"Channa striata (Bloch, 1793)",Channa striata,"(Bloch, 1793)",SPECIES,ZOOLOGICAL,ACCEPTED,Channa,striata,SCIENTIFIC,"<i>Channa</i> <i>striata</i> (Bloch, 1793)",EXACT,99,13,Animalia,Chordata,Perciformes,Channidae,Channa,Channa striata,1,44,587,4259,2387196,2391463,FALSE,Channa striata,FALSE,NA,NA,NA,NA,NA,NA,NA,NA,NA,NA,NA,NA,Channa striata,Fish
2406374,"Chanos chanos (Forsskål, 1775)",Chanos chanos,"(Forsskål, 1775)",SPECIES,ZOOLOGICAL,ACCEPTED,Chanos,chanos,SCIENTIFIC,"<i>Chanos</i> <i>chanos</i> (Forsskål, 1775)",EXACT,99,7,Animalia,Chordata,Gonorynchiformes,Chanidae,Chanos,Chanos chanos,1,44,1164,3708,2406373,2406374,FALSE,Chanos chanos,FALSE,NA,NA,NA,NA,NA,NA,NA,NA,NA,NA,NA,NA,Chanos chanos,Fish
5270720,Chara braunii C.C.Gmel.,Chara braunii,C.C.Gmel.,SPECIES,NA,ACCEPTED,Chara,braunii,SCIENTIFIC,<i>Chara</i> <i>braunii</i> C.C.Gmel.,EXACT,97,8,Plantae,Charophyta,Charales,Characeae,Chara,Chara braunii,6,7819616,626,8782,2637982,5270720,FALSE,Chara braunii,FALSE,Charophyceae,328,NA,NA,NA,NA,NA,NA,NA,NA,NA,NA,Chara braunii,Plant (strict freshwater habitat tag only)
5270682,Chara connivens Salzmann ex A.Braun,Chara connivens,Salzmann ex A.Braun,SPECIES,NA,ACCEPTED,Chara,connivens,SCIENTIFIC,<i>Chara</i> <i>connivens</i> Salzmann ex A.Braun,EXACT,97,9,Plantae,Charophyta,Charales,Characeae,Chara,Chara connivens,6,7819616,626,8782,2637982,5270682,FALSE,Chara connivens,FALSE,Charophyceae,328,NA,NA,NA,NA,NA,NA,NA,NA,NA,NA,Chara connivens,Plant (strict freshwater habitat tag only)
7926430,Chara socotrensis Nordstedt,Chara socotrensis,Nordstedt,SPECIES,NA,ACCEPTED,Chara,socotrensis,SCIENTIFIC,<i>Chara</i> <i>socotrensis</i> Nordstedt,EXACT,99,9,Plantae,Charophyta,Charales,Characeae,Chara,Chara socotrensis,6,7819616,626,8782,2637982,7926430,FALSE,Chara socotrensis,FALSE,Charophyceae,328,NA,NA,NA,NA,NA,NA,NA,NA,NA,NA,Chara socotrensis,Plant (strict freshwater habitat tag only)
2359089,"Chasmistes brevirostris Cope, 1879",Chasmistes brevirostris,"Cope, 1879",SPECIES,ZOOLOGICAL,ACCEPTED,Chasmistes,brevirostris,SCIENTIFIC,"<i>Chasmistes</i> <i>brevirostris</i> Cope, 1879",EXACT,99,11,Animalia,Chordata,Cypriniformes,Catostomidae,Chasmistes,Chasmistes brevirostris,1,44,1153,3384,2359088,2359089,FALSE,Chasmistes brevirostris,FALSE,NA,NA,NA,NA,NA,NA,NA,NA,NA,NA,NA,NA,Chasmistes brevirostris,Fish
2353776,"Cheirodon interruptus (Jenyns, 1842)",Cheirodon interruptus,"(Jenyns, 1842)",SPECIES,ZOOLOGICAL,ACCEPTED,Cheirodon,interruptus,SCIENTIFIC,"<i>Cheirodon</i> <i>interruptus</i> (Jenyns, 1842)",EXACT,99,10,Animalia,Chordata,Characiformes,Characidae,Cheirodon,Cheirodon interruptus,1,44,537,7201,2353769,2353776,FALSE,Cheirodon interruptus,FALSE,NA,NA,NA,NA,NA,NA,NA,NA,NA,NA,NA,NA,Cheirodon interruptus,Fish
6460944,"Chelicorophium chelicorne (G.O.Sars, 1895)",Chelicorophium chelicorne,"(G.O.Sars, 1895)",SPECIES,ZOOLOGICAL,ACCEPTED,Chelicorophium,chelicorne,SCIENTIFIC,"<i>Chelicorophium</i> <i>chelicorne</i> (G.O.Sars, 1895)",EXACT,99,13,Animalia,Arthropoda,Amphipoda,Corophiidae,Chelicorophium,Chelicorophium chelicorne,1,54,1231,4423,4314682,6460944,FALSE,Chelicorophium chelicorne,FALSE,Malacostraca,229,NA,NA,NA,NA,NA,NA,NA,NA,NA,NA,Chelicorophium chelicorne,Crayfish/crab (Malacostraca)
4314683,"Chelicorophium curvispinum (G.O.Sars, 1895)",Chelicorophium curvispinum,"(G.O.Sars, 1895)",SPECIES,ZOOLOGICAL,ACCEPTED,Chelicorophium,curvispinum,SCIENTIFIC,"<i>Chelicorophium</i> <i>curvispinum</i> (G.O.Sars, 1895)",EXACT,99,9,Animalia,Arthropoda,Amphipoda,Corophiidae,Chelicorophium,Chelicorophium curvispinum,1,54,1231,4423,4314682,4314683,FALSE,Chelicorophium curvispinum,FALSE,Malacostraca,229,NA,NA,NA,NA,NA,NA,NA,NA,NA,NA,Chelicorophium curvispinum,Crayfish/crab (Malacostraca)
6460941,"Chelicorophium maeoticum (Sowinsky, 1898)",Chelicorophium maeoticum,"(Sowinsky, 1898)",SPECIES,ZOOLOGICAL,ACCEPTED,Chelicorophium,maeoticum,SCIENTIFIC,"<i>Chelicorophium</i> <i>maeoticum</i> (Sowinsky, 1898)",EXACT,99,12,Animalia,Arthropoda,Amphipoda,Corophiidae,Chelicorophium,Chelicorophium maeoticum,1,54,1231,4423,4314682,6460941,FALSE,Chelicorophium maeoticum,FALSE,Malacostraca,229,NA,NA,NA,NA,NA,NA,NA,NA,NA,NA,Chelicorophium maeoticum,Crayfish/crab (Malacostraca)
8560591,"Chelicorophium mucronatum (G.O.Sars, 1895)",Chelicorophium mucronatum,"(G.O.Sars, 1895)",SPECIES,ZOOLOGICAL,ACCEPTED,Chelicorophium,mucronatum,SCIENTIFIC,"<i>Chelicorophium</i> <i>mucronatum</i> (G.O.Sars, 1895)",EXACT,99,7,Animalia,Arthropoda,Amphipoda,Corophiidae,Chelicorophium,Chelicorophium mucronatum,1,54,1231,4423,4314682,8560591,FALSE,Chelicorophium mucronatum,FALSE,Malacostraca,229,NA,NA,NA,NA,NA,NA,NA,NA,NA,NA,Chelicorophium mucronatum,Crayfish/crab (Malacostraca)
6460942,"Chelicorophium nobile (G.O.Sars, 1895)",Chelicorophium nobile,"(G.O.Sars, 1895)",SPECIES,ZOOLOGICAL,ACCEPTED,Chelicorophium,nobile,SCIENTIFIC,"<i>Chelicorophium</i> <i>nobile</i> (G.O.Sars, 1895)",EXACT,99,12,Animalia,Arthropoda,Amphipoda,Corophiidae,Chelicorophium,Chelicorophium nobile,1,54,1231,4423,4314682,6460942,FALSE,Chelicorophium nobile,FALSE,Malacostraca,229,NA,NA,NA,NA,NA,NA,NA,NA,NA,NA,Chelicorophium nobile,Crayfish/crab (Malacostraca)
6460946,"Chelicorophium robustum (G.O.Sars, 1895)",Chelicorophium robustum,"(G.O.Sars, 1895)",SPECIES,ZOOLOGICAL,ACCEPTED,Chelicorophium,robustum,SCIENTIFIC,"<i>Chelicorophium</i> <i>robustum</i> (G.O.Sars, 1895)",EXACT,99,7,Animalia,Arthropoda,Amphipoda,Corophiidae,Chelicorophium,Chelicorophium robustum,1,54,1231,4423,4314682,6460946,FALSE,Chelicorophium robustum,FALSE,Malacostraca,229,NA,NA,NA,NA,NA,NA,NA,NA,NA,NA,Chelicorophium robustum,Crayfish/crab (Malacostraca)
8439213,"Chelicorophium sowinskyi (Martynov, 1924)",Chelicorophium sowinskyi,"(Martynov, 1924)",SPECIES,ZOOLOGICAL,ACCEPTED,Chelicorophium,sowinskyi,SCIENTIFIC,"<i>Chelicorophium</i> <i>sowinskyi</i> (Martynov, 1924)",EXACT,99,13,Animalia,Arthropoda,Amphipoda,Corophiidae,Chelicorophium,Chelicorophium sowinskyi,1,54,1231,4423,4314682,8439213,FALSE,Chelicorophium sowinskyi,FALSE,Malacostraca,229,NA,NA,NA,NA,NA,NA,NA,NA,NA,NA,Chelicorophium sowinskyi,Crayfish/crab (Malacostraca)
9466310,"Chelon auratus (Risso, 1810)",Chelon auratus,"(Risso, 1810)",SPECIES,ZOOLOGICAL,ACCEPTED,Chelon,auratus,SCIENTIFIC,"<i>Chelon</i> <i>auratus</i> (Risso, 1810)",EXACT,99,6,Animalia,Chordata,Mugiliformes,Mugilidae,Chelon,Chelon auratus,1,44,1067,8473,2400862,9466310,FALSE,Chelon auratus,FALSE,NA,NA,NA,NA,NA,NA,NA,NA,NA,NA,NA,NA,Chelon auratus,Fish
2400863,"Chelon labrosus (Risso, 1827)",Chelon labrosus,"(Risso, 1827)",SPECIES,ZOOLOGICAL,ACCEPTED,Chelon,labrosus,SCIENTIFIC,"<i>Chelon</i> <i>labrosus</i> (Risso, 1827)",EXACT,99,7,Animalia,Chordata,Mugiliformes,Mugilidae,Chelon,Chelon labrosus,1,44,1067,8473,2400862,2400863,FALSE,Chelon labrosus,FALSE,NA,NA,NA,NA,NA,NA,NA,NA,NA,NA,NA,NA,Chelon labrosus,Fish
9234296,"Chelon ramada (Risso, 1827)",Chelon ramada,"(Risso, 1827)",SPECIES,ZOOLOGICAL,ACCEPTED,Chelon,ramada,SCIENTIFIC,"<i>Chelon</i> <i>ramada</i> (Risso, 1827)",EXACT,99,4,Animalia,Chordata,Mugiliformes,Mugilidae,Chelon,Chelon ramada,1,44,1067,8473,2400862,9234296,FALSE,Chelon ramada,FALSE,NA,NA,NA,NA,NA,NA,NA,NA,NA,NA,NA,NA,Chelon ramada,Fish
4648606,"Cherax albidus Clark, 1936",Cherax albidus,"Clark, 1936",SPECIES,ZOOLOGICAL,ACCEPTED,Cherax,albidus,SCIENTIFIC,"<i>Cherax</i> <i>albidus</i> Clark, 1936",EXACT,99,8,Animalia,Arthropoda,Decapoda,Parastacidae,Cherax,Cherax albidus,1,54,637,8670,4417557,4648606,FALSE,Cherax albidus,FALSE,Malacostraca,229,NA,NA,NA,NA,NA,NA,NA,NA,NA,NA,Cherax albidus,Crayfish/crab (Malacostraca)
4417558,"Cherax destructor Clark, 1936",Cherax destructor,"Clark, 1936",SPECIES,ZOOLOGICAL,ACCEPTED,Cherax,destructor,SCIENTIFIC,"<i>Cherax</i> <i>destructor</i> Clark, 1936",EXACT,99,9,Animalia,Arthropoda,Decapoda,Parastacidae,Cherax,Cherax destructor,1,54,637,8670,4417557,4417558,FALSE,Cherax destructor,FALSE,Malacostraca,229,NA,NA,NA,NA,NA,NA,NA,NA,NA,NA,Cherax destructor,Crayfish/crab (Malacostraca)
4648609,"Cherax quadricarinatus (von Martens, 1868)",Cherax quadricarinatus,"(von Martens, 1868)",SPECIES,ZOOLOGICAL,ACCEPTED,Cherax,quadricarinatus,SCIENTIFIC,"<i>Cherax</i> <i>quadricarinatus</i> (von Martens, 1868)",EXACT,99,12,Animalia,Arthropoda,Decapoda,Parastacidae,Cherax,Cherax quadricarinatus,1,54,637,8670,4417557,4648609,FALSE,Cherax quadricarinatus,FALSE,Malacostraca,229,NA,NA,NA,NA,NA,NA,NA,NA,NA,NA,Cherax quadricarinatus,Crayfish/crab (Malacostraca)
4648604,"Cherax tenuimanus Smith, 1912",Cherax tenuimanus,"Smith, 1912",SPECIES,ZOOLOGICAL,ACCEPTED,Cherax,tenuimanus,SCIENTIFIC,"<i>Cherax</i> <i>tenuimanus</i> Smith, 1912",EXACT,99,8,Animalia,Arthropoda,Decapoda,Parastacidae,Cherax,Cherax tenuimanus,1,54,637,8670,4417557,4648604,FALSE,Cherax tenuimanus,FALSE,Malacostraca,229,NA,NA,NA,NA,NA,NA,NA,NA,NA,NA,Cherax tenuimanus,Crayfish/crab (Malacostraca)
2412453,"Chirostoma jordani Woolman, 1894",Chirostoma jordani,"Woolman, 1894",SPECIES,ZOOLOGICAL,ACCEPTED,Chirostoma,jordani,SCIENTIFIC,"<i>Chirostoma</i> <i>jordani</i> Woolman, 1894",EXACT,99,5,Animalia,Chordata,Atheriniformes,Atherinopsidae,Chirostoma,Chirostoma jordani,1,44,496,2957,2412431,2412453,FALSE,Chirostoma jordani,FALSE,NA,NA,NA,NA,NA,NA,NA,NA,NA,NA,NA,NA,Chirostoma jordani,Fish
2402266,"Chitala blanci (d'Aubenton, 1965)",Chitala blanci,"(d'Aubenton, 1965)",SPECIES,ZOOLOGICAL,ACCEPTED,Chitala,blanci,SCIENTIFIC,"<i>Chitala</i> <i>blanci</i> (d'Aubenton, 1965)",EXACT,99,10,Animalia,Chordata,Osteoglossiformes,Notopteridae,Chitala,Chitala blanci,1,44,1069,4231,2402259,2402266,FALSE,Chitala blanci,FALSE,NA,NA,NA,NA,NA,NA,NA,NA,NA,NA,NA,NA,Chitala blanci,Fish
2402277,"Chitala chitala (Hamilton, 1822)",Chitala chitala,"(Hamilton, 1822)",SPECIES,ZOOLOGICAL,ACCEPTED,Chitala,chitala,SCIENTIFIC,"<i>Chitala</i> <i>chitala</i> (Hamilton, 1822)",EXACT,99,8,Animalia,Chordata,Osteoglossiformes,Notopteridae,Chitala,Chitala chitala,1,44,1069,4231,2402259,2402277,FALSE,Chitala chitala,FALSE,NA,NA,NA,NA,NA,NA,NA,NA,NA,NA,NA,NA,Chitala chitala,Fish
2402260,"Chitala ornata (Gray, 1831)",Chitala ornata,"(Gray, 1831)",SPECIES,ZOOLOGICAL,ACCEPTED,Chitala,ornata,SCIENTIFIC,"<i>Chitala</i> <i>ornata</i> (Gray, 1831)",EXACT,99,5,Animalia,Chordata,Osteoglossiformes,Notopteridae,Chitala,Chitala ornata,1,44,1069,4231,2402259,2402260,FALSE,Chitala ornata,FALSE,NA,NA,NA,NA,NA,NA,NA,NA,NA,NA,NA,NA,Chitala ornata,Fish
2360551,"Chondrostoma nasus (Linnaeus, 1758)",Chondrostoma nasus,"(Linnaeus, 1758)",SPECIES,ZOOLOGICAL,ACCEPTED,Chondrostoma,nasus,SCIENTIFIC,"<i>Chondrostoma</i> <i>nasus</i> (Linnaeus, 1758)",EXACT,99,9,Animalia,Chordata,Cypriniformes,Cyprinidae,Chondrostoma,Chondrostoma nasus,1,44,1153,7336,2360535,2360551,FALSE,Chondrostoma nasus,FALSE,NA,NA,NA,NA,NA,NA,NA,NA,NA,NA,NA,NA,Chondrostoma nasus,Fish
2367815,"Chromobotia macracanthus (Bleeker, 1852)",Chromobotia macracanthus,"(Bleeker, 1852)",SPECIES,ZOOLOGICAL,ACCEPTED,Chromobotia,macracanthus,SCIENTIFIC,"<i>Chromobotia</i> <i>macracanthus</i> (Bleeker, 1852)",EXACT,99,14,Animalia,Chordata,Cypriniformes,Cobitidae,Chromobotia,Chromobotia macracanthus,1,44,1153,3385,2367814,2367815,FALSE,Chromobotia macracanthus,FALSE,NA,NA,NA,NA,NA,NA,NA,NA,NA,NA,NA,NA,Chromobotia macracanthus,Fish
2365385,"Chrosomus eos Cope, 1861",Chrosomus eos,"Cope, 1861",SPECIES,ZOOLOGICAL,ACCEPTED,Chrosomus,eos,SCIENTIFIC,"<i>Chrosomus</i> <i>eos</i> Cope, 1861",EXACT,99,5,Animalia,Chordata,Cypriniformes,Cyprinidae,Chrosomus,Chrosomus eos,1,44,1153,7336,2365379,2365385,FALSE,Chrosomus eos,FALSE,NA,NA,NA,NA,NA,NA,NA,NA,NA,NA,NA,NA,Chrosomus eos,Fish
2365558,"Chrosomus neogaeus (Cope, 1867)",Chrosomus neogaeus,"(Cope, 1867)",SPECIES,ZOOLOGICAL,ACCEPTED,Chrosomus,neogaeus,SCIENTIFIC,"<i>Chrosomus</i> <i>neogaeus</i> (Cope, 1867)",EXACT,99,12,Animalia,Chordata,Cypriniformes,Cyprinidae,Chrosomus,Chrosomus neogaeus,1,44,1153,7336,2365379,2365558,FALSE,Chrosomus neogaeus,FALSE,NA,NA,NA,NA,NA,NA,NA,NA,NA,NA,NA,NA,Chrosomus neogaeus,Fish
2365388,"Chrosomus oreas Cope, 1868",Chrosomus oreas,"Cope, 1868",SPECIES,ZOOLOGICAL,ACCEPTED,Chrosomus,oreas,SCIENTIFIC,"<i>Chrosomus</i> <i>oreas</i> Cope, 1868",EXACT,99,9,Animalia,Chordata,Cypriniformes,Cyprinidae,Chrosomus,Chrosomus oreas,1,44,1153,7336,2365379,2365388,FALSE,Chrosomus oreas,FALSE,NA,NA,NA,NA,NA,NA,NA,NA,NA,NA,NA,NA,Chrosomus oreas,Fish
5208140,"Cichla kelberi Kullander & Ferreira, 2006",Cichla kelberi,"Kullander & Ferreira, 2006",SPECIES,ZOOLOGICAL,ACCEPTED,Cichla,kelberi,SCIENTIFIC,"<i>Cichla</i> <i>kelberi</i> Kullander & Ferreira, 2006",EXACT,99,9,Animalia,Chordata,Perciformes,Cichlidae,Cichla,Cichla kelberi,1,44,587,8522,2369467,5208140,FALSE,Cichla kelberi,FALSE,NA,NA,NA,NA,NA,NA,NA,NA,NA,NA,NA,NA,Cichla kelberi,Fish
5208154,"Cichla monoculus Agassiz, 1831",Cichla monoculus,"Agassiz, 1831",SPECIES,ZOOLOGICAL,ACCEPTED,Cichla,monoculus,SCIENTIFIC,"<i>Cichla</i> <i>monoculus</i> Agassiz, 1831",EXACT,99,11,Animalia,Chordata,Perciformes,Cichlidae,Cichla,Cichla monoculus,1,44,587,8522,2369467,5208154,FALSE,Cichla monoculus,FALSE,NA,NA,NA,NA,NA,NA,NA,NA,NA,NA,NA,NA,Cichla monoculus,Fish
5208153,"Cichla ocellaris Bloch & Schneider, 1801",Cichla ocellaris,"Bloch & Schneider, 1801",SPECIES,ZOOLOGICAL,ACCEPTED,Cichla,ocellaris,SCIENTIFIC,"<i>Cichla</i> <i>ocellaris</i> Bloch & Schneider, 1801",EXACT,99,9,Animalia,Chordata,Perciformes,Cichlidae,Cichla,Cichla ocellaris,1,44,587,8522,2369467,5208153,FALSE,Cichla ocellaris,FALSE,NA,NA,NA,NA,NA,NA,NA,NA,NA,NA,NA,NA,Cichla ocellaris,Fish
5208159,"Cichla orinocensis Humboldt, 1821",Cichla orinocensis,"Humboldt, 1821",SPECIES,ZOOLOGICAL,ACCEPTED,Cichla,orinocensis,SCIENTIFIC,"<i>Cichla</i> <i>orinocensis</i> Humboldt, 1821",EXACT,99,9,Animalia,Chordata,Perciformes,Cichlidae,Cichla,Cichla orinocensis,1,44,587,8522,2369467,5208159,FALSE,Cichla orinocensis,FALSE,NA,NA,NA,NA,NA,NA,NA,NA,NA,NA,NA,NA,Cichla orinocensis,Fish
5208145,"Cichla piquiti Kullander & Ferreira, 2006",Cichla piquiti,"Kullander & Ferreira, 2006",SPECIES,ZOOLOGICAL,ACCEPTED,Cichla,piquiti,SCIENTIFIC,"<i>Cichla</i> <i>piquiti</i> Kullander & Ferreira, 2006",EXACT,99,8,Animalia,Chordata,Perciformes,Cichlidae,Cichla,Cichla piquiti,1,44,587,8522,2369467,5208145,FALSE,Cichla piquiti,FALSE,NA,NA,NA,NA,NA,NA,NA,NA,NA,NA,NA,NA,Cichla piquiti,Fish
5208157,"Cichla pleiozona Kullander & Ferreira, 2006",Cichla pleiozona,"Kullander & Ferreira, 2006",SPECIES,ZOOLOGICAL,ACCEPTED,Cichla,pleiozona,SCIENTIFIC,"<i>Cichla</i> <i>pleiozona</i> Kullander & Ferreira, 2006",EXACT,99,10,Animalia,Chordata,Perciformes,Cichlidae,Cichla,Cichla pleiozona,1,44,587,8522,2369467,5208157,FALSE,Cichla pleiozona,FALSE,NA,NA,NA,NA,NA,NA,NA,NA,NA,NA,NA,NA,Cichla pleiozona,Fish
5208147,"Cichla temensis Humboldt, 1821",Cichla temensis,"Humboldt, 1821",SPECIES,ZOOLOGICAL,ACCEPTED,Cichla,temensis,SCIENTIFIC,"<i>Cichla</i> <i>temensis</i> Humboldt, 1821",EXACT,99,7,Animalia,Chordata,Perciformes,Cichlidae,Cichla,Cichla temensis,1,44,587,8522,2369467,5208147,FALSE,Cichla temensis,FALSE,NA,NA,NA,NA,NA,NA,NA,NA,NA,NA,NA,NA,Cichla temensis,Fish
2371933,"Cichlasoma bimaculatum (Linnaeus, 1758)",Cichlasoma bimaculatum,"(Linnaeus, 1758)",SPECIES,ZOOLOGICAL,ACCEPTED,Cichlasoma,bimaculatum,SCIENTIFIC,"<i>Cichlasoma</i> <i>bimaculatum</i> (Linnaeus, 1758)",EXACT,99,13,Animalia,Chordata,Perciformes,Cichlidae,Cichlasoma,Cichlasoma bimaculatum,1,44,587,8522,2371842,2371933,FALSE,Cichlasoma bimaculatum,FALSE,NA,NA,NA,NA,NA,NA,NA,NA,NA,NA,NA,NA,Cichlasoma bimaculatum,Fish
2371925,"Cichlasoma trimaculatum (Günther, 1867)",Cichlasoma trimaculatum,"(Günther, 1867)",SPECIES,ZOOLOGICAL,ACCEPTED,Cichlasoma,trimaculatum,SCIENTIFIC,"<i>Cichlasoma</i> <i>trimaculatum</i> (Günther, 1867)",EXACT,99,15,Animalia,Chordata,Perciformes,Cichlidae,Cichlasoma,Cichlasoma trimaculatum,1,44,587,8522,2371842,2371925,FALSE,Cichlasoma trimaculatum,FALSE,NA,NA,NA,NA,NA,NA,NA,NA,NA,NA,NA,NA,Cichlasoma trimaculatum,Fish
9738098,"Cipangopaludina chinensis (J.E.Gray, 1833)",Cipangopaludina chinensis,"(J.E.Gray, 1833)",SPECIES,ZOOLOGICAL,ACCEPTED,Cipangopaludina,chinensis,SCIENTIFIC,"<i>Cipangopaludina</i> <i>chinensis</i> (J.E.Gray, 1833)",EXACT,98,9,Animalia,Mollusca,Architaenioglossa,Viviparidae,Cipangopaludina,Cipangopaludina chinensis,1,52,455,2855,2292565,9738098,FALSE,Cipangopaludina chinensis,FALSE,Gastropoda,225,NA,NA,NA,NA,NA,NA,NA,NA,NA,NA,Cipangopaludina chinensis,Gastropod
2292566,"Cipangopaludina japonica (E.von Martens, 1861)",Cipangopaludina japonica,"(E.von Martens, 1861)",SPECIES,ZOOLOGICAL,ACCEPTED,Cipangopaludina,japonica,SCIENTIFIC,"<i>Cipangopaludina</i> <i>japonica</i> (E.von Martens, 1861)",EXACT,99,13,Animalia,Mollusca,Architaenioglossa,Viviparidae,Cipangopaludina,Cipangopaludina japonica,1,52,455,2855,2292565,2292566,FALSE,Cipangopaludina japonica,FALSE,Gastropoda,225,NA,NA,NA,NA,NA,NA,NA,NA,NA,NA,Cipangopaludina japonica,Gastropod
5206441,"Cirrhinus cirrhosus (Bloch, 1795)",Cirrhinus cirrhosus,"(Bloch, 1795)",SPECIES,ZOOLOGICAL,ACCEPTED,Cirrhinus,cirrhosus,SCIENTIFIC,"<i>Cirrhinus</i> <i>cirrhosus</i> (Bloch, 1795)",EXACT,99,9,Animalia,Chordata,Cypriniformes,Cyprinidae,Cirrhinus,Cirrhinus cirrhosus,1,44,1153,7336,8140539,5206441,FALSE,Cirrhinus cirrhosus,FALSE,NA,NA,NA,NA,NA,NA,NA,NA,NA,NA,NA,NA,Cirrhinus cirrhosus,Fish
5206449,"Cirrhinus molitorella (Valenciennes, 1844)",Cirrhinus molitorella,"(Valenciennes, 1844)",SPECIES,ZOOLOGICAL,ACCEPTED,Cirrhinus,molitorella,SCIENTIFIC,"<i>Cirrhinus</i> <i>molitorella</i> (Valenciennes, 1844)",EXACT,99,11,Animalia,Chordata,Cypriniformes,Cyprinidae,Cirrhinus,Cirrhinus molitorella,1,44,1153,7336,8140539,5206449,FALSE,Cirrhinus molitorella,FALSE,NA,NA,NA,NA,NA,NA,NA,NA,NA,NA,NA,NA,Cirrhinus molitorella,Fish
5206447,"Cirrhinus mrigala (Hamilton, 1822)",Cirrhinus mrigala,"(Hamilton, 1822)",SPECIES,ZOOLOGICAL,ACCEPTED,Cirrhinus,mrigala,SCIENTIFIC,"<i>Cirrhinus</i> <i>mrigala</i> (Hamilton, 1822)",EXACT,99,9,Animalia,Chordata,Cypriniformes,Cyprinidae,Cirrhinus,Cirrhinus mrigala,1,44,1153,7336,8140539,5206447,FALSE,Cirrhinus mrigala,FALSE,NA,NA,NA,NA,NA,NA,NA,NA,NA,NA,NA,NA,Cirrhinus mrigala,Fish
5202683,"Clarias batrachus (Linnaeus, 1758)",Clarias batrachus,"(Linnaeus, 1758)",SPECIES,ZOOLOGICAL,ACCEPTED,Clarias,batrachus,SCIENTIFIC,"<i>Clarias</i> <i>batrachus</i> (Linnaeus, 1758)",EXACT,99,10,Animalia,Chordata,Siluriformes,Clariidae,Clarias,Clarias batrachus,1,44,708,8978,5202658,5202683,FALSE,Clarias batrachus,FALSE,NA,NA,NA,NA,NA,NA,NA,NA,NA,NA,NA,NA,Clarias batrachus,Fish
5202707,"Clarias camerunensis Lönnberg, 1895",Clarias camerunensis,"Lönnberg, 1895",SPECIES,ZOOLOGICAL,ACCEPTED,Clarias,camerunensis,SCIENTIFIC,"<i>Clarias</i> <i>camerunensis</i> Lönnberg, 1895",EXACT,99,10,Animalia,Chordata,Siluriformes,Clariidae,Clarias,Clarias camerunensis,1,44,708,8978,5202658,5202707,FALSE,Clarias camerunensis,FALSE,NA,NA,NA,NA,NA,NA,NA,NA,NA,NA,NA,NA,Clarias camerunensis,Fish
5202694,"Clarias fuscus (Lacepède, 1803)",Clarias fuscus,"(Lacepède, 1803)",SPECIES,ZOOLOGICAL,ACCEPTED,Clarias,fuscus,SCIENTIFIC,"<i>Clarias</i> <i>fuscus</i> (Lacepède, 1803)",EXACT,99,7,Animalia,Chordata,Siluriformes,Clariidae,Clarias,Clarias fuscus,1,44,708,8978,5202658,5202694,FALSE,"Clarias fuscus Valenciennes, 1840",FALSE,NA,NA,NA,NA,NA,NA,NA,NA,NA,NA,NA,NA,"Clarias fuscus Valenciennes, 1840",Fish
5202793,"Clarias gariepinus (Burchell, 1822)",Clarias gariepinus,"(Burchell, 1822)",SPECIES,ZOOLOGICAL,ACCEPTED,Clarias,gariepinus,SCIENTIFIC,"<i>Clarias</i> <i>gariepinus</i> (Burchell, 1822)",EXACT,99,11,Animalia,Chordata,Siluriformes,Clariidae,Clarias,Clarias gariepinus,1,44,708,8978,5202658,5202793,FALSE,Clarias gariepinus,FALSE,NA,NA,NA,NA,NA,NA,NA,NA,NA,NA,NA,NA,Clarias gariepinus,Fish
5202728,"Clarias macrocephalus Günther, 1864",Clarias macrocephalus,"Günther, 1864",SPECIES,ZOOLOGICAL,ACCEPTED,Clarias,macrocephalus,SCIENTIFIC,"<i>Clarias</i> <i>macrocephalus</i> Günther, 1864",EXACT,99,14,Animalia,Chordata,Siluriformes,Clariidae,Clarias,Clarias macrocephalus,1,44,708,8978,5202658,5202728,FALSE,Clarias macrocephalus,FALSE,NA,NA,NA,NA,NA,NA,NA,NA,NA,NA,NA,NA,Clarias macrocephalus,Fish
5202818,"Clarias ngamensis Castelnau, 1861",Clarias ngamensis,"Castelnau, 1861",SPECIES,ZOOLOGICAL,ACCEPTED,Clarias,ngamensis,SCIENTIFIC,"<i>Clarias</i> <i>ngamensis</i> Castelnau, 1861",EXACT,99,10,Animalia,Chordata,Siluriformes,Clariidae,Clarias,Clarias ngamensis,1,44,708,8978,5202658,5202818,FALSE,Clarias ngamensis,FALSE,NA,NA,NA,NA,NA,NA,NA,NA,NA,NA,NA,NA,Clarias ngamensis,Fish
2361178,"Clinostomus elongatus (Kirtland, 1840)",Clinostomus elongatus,"(Kirtland, 1840)",SPECIES,ZOOLOGICAL,ACCEPTED,Clinostomus,elongatus,SCIENTIFIC,"<i>Clinostomus</i> <i>elongatus</i> (Kirtland, 1840)",EXACT,99,10,Animalia,Chordata,Cypriniformes,Cyprinidae,Clinostomus,Clinostomus elongatus,1,44,1153,7336,2361173,2361178,FALSE,Clinostomus elongatus,FALSE,NA,NA,NA,NA,NA,NA,NA,NA,NA,NA,NA,NA,Clinostomus elongatus,Fish
2361174,"Clinostomus funduloides Girard, 1856",Clinostomus funduloides,"Girard, 1856",SPECIES,ZOOLOGICAL,ACCEPTED,Clinostomus,funduloides,SCIENTIFIC,"<i>Clinostomus</i> <i>funduloides</i> Girard, 1856",EXACT,99,12,Animalia,Chordata,Cypriniformes,Cyprinidae,Clinostomus,Clinostomus funduloides,1,44,1153,7336,2361173,2361174,FALSE,Clinostomus funduloides,FALSE,NA,NA,NA,NA,NA,NA,NA,NA,NA,NA,NA,NA,Clinostomus funduloides,Fish
5214533,"Clupeonella cultriventris (Nordmann, 1840)",Clupeonella cultriventris,"(Nordmann, 1840)",SPECIES,ZOOLOGICAL,ACCEPTED,Clupeonella,cultriventris,SCIENTIFIC,"<i>Clupeonella</i> <i>cultriventris</i> (Nordmann, 1840)",EXACT,99,14,Animalia,Chordata,Clupeiformes,Clupeidae,Clupeonella,Clupeonella cultriventris,1,44,538,7332,5214530,5214533,FALSE,Clupeonella cultriventris,FALSE,NA,NA,NA,NA,NA,NA,NA,NA,NA,NA,NA,NA,Clupeonella cultriventris,Fish
2350394,"Cnesterodon decemmaculatus (Jenyns, 1842)",Cnesterodon decemmaculatus,"(Jenyns, 1842)",SPECIES,ZOOLOGICAL,ACCEPTED,Cnesterodon,decemmaculatus,SCIENTIFIC,"<i>Cnesterodon</i> <i>decemmaculatus</i> (Jenyns, 1842)",EXACT,99,13,Animalia,Chordata,Cyprinodontiformes,Poeciliidae,Cnesterodon,Cnesterodon decemmaculatus,1,44,547,7659,2350393,2350394,FALSE,Cnesterodon decemmaculatus,FALSE,NA,NA,NA,NA,NA,NA,NA,NA,NA,NA,NA,NA,Cnesterodon decemmaculatus,Fish
2368222,"Cobitis bilineata Canestrini, 1865",Cobitis bilineata,"Canestrini, 1865",SPECIES,ZOOLOGICAL,ACCEPTED,Cobitis,bilineata,SCIENTIFIC,"<i>Cobitis</i> <i>bilineata</i> Canestrini, 1865",EXACT,99,9,Animalia,Chordata,Cypriniformes,Cobitidae,Cobitis,Cobitis bilineata,1,44,1153,3385,2349691,2368222,FALSE,Cobitis bilineata,FALSE,NA,NA,NA,NA,NA,NA,NA,NA,NA,NA,NA,NA,Cobitis bilineata,Fish
2368172,"Cobitis biwae Jordan & Snyder, 1901",Cobitis biwae,"Jordan & Snyder, 1901",SPECIES,ZOOLOGICAL,ACCEPTED,Cobitis,biwae,SCIENTIFIC,"<i>Cobitis</i> <i>biwae</i> Jordan & Snyder, 1901",EXACT,99,7,Animalia,Chordata,Cypriniformes,Cobitidae,Cobitis,Cobitis biwae,1,44,1153,3385,2349691,2368172,FALSE,Cobitis biwae,FALSE,NA,NA,NA,NA,NA,NA,NA,NA,NA,NA,NA,NA,Cobitis biwae,Fish
2368185,"Cobitis taenia Linnaeus, 1758",Cobitis taenia,"Linnaeus, 1758",SPECIES,ZOOLOGICAL,ACCEPTED,Cobitis,taenia,SCIENTIFIC,"<i>Cobitis</i> <i>taenia</i> Linnaeus, 1758",EXACT,99,10,Animalia,Chordata,Cypriniformes,Cobitidae,Cobitis,Cobitis taenia,1,44,1153,3385,2349691,2368185,FALSE,Cobitis taenia,FALSE,NA,NA,NA,NA,NA,NA,NA,NA,NA,NA,NA,NA,Cobitis taenia,Fish
2407611,"Colomesus psittacus (Bloch & Schneider, 1801)",Colomesus psittacus,"(Bloch & Schneider, 1801)",SPECIES,ZOOLOGICAL,ACCEPTED,Colomesus,psittacus,SCIENTIFIC,"<i>Colomesus</i> <i>psittacus</i> (Bloch & Schneider, 1801)",EXACT,99,10,Animalia,Chordata,Tetraodontiformes,Tetraodontidae,Colomesus,Colomesus psittacus,1,44,772,2219,2407610,2407611,FALSE,Colomesus psittacus,FALSE,NA,NA,NA,NA,NA,NA,NA,NA,NA,NA,NA,NA,Colomesus psittacus,Fish
2353152,"Colossoma macropomum (Cuvier, 1816)",Colossoma macropomum,"(Cuvier, 1816)",SPECIES,ZOOLOGICAL,ACCEPTED,Colossoma,macropomum,SCIENTIFIC,"<i>Colossoma</i> <i>macropomum</i> (Cuvier, 1816)",EXACT,99,12,Animalia,Chordata,Characiformes,Serrasalmidae,Colossoma,Colossoma macropomum,1,44,537,4287106,2353151,2353152,FALSE,Colossoma macropomum,FALSE,NA,NA,NA,NA,NA,NA,NA,NA,NA,NA,NA,NA,Colossoma macropomum,Fish
4417074,"Compactogammarus compactus (G.O.Sars, 1895)",Compactogammarus compactus,"(G.O.Sars, 1895)",SPECIES,ZOOLOGICAL,ACCEPTED,Compactogammarus,compactus,SCIENTIFIC,"<i>Compactogammarus</i> <i>compactus</i> (G.O.Sars, 1895)",EXACT,99,13,Animalia,Arthropoda,Amphipoda,Pontogammaridae,Compactogammarus,Compactogammarus compactus,1,54,1231,3254579,4406617,4417074,FALSE,Compactogammarus compactus,FALSE,Malacostraca,229,NA,NA,NA,NA,NA,NA,NA,NA,NA,NA,Compactogammarus compactus,Crayfish/crab (Malacostraca)
2373844,"Copadichromis borleyi (Iles, 1960)",Copadichromis borleyi,"(Iles, 1960)",SPECIES,ZOOLOGICAL,ACCEPTED,Copadichromis,borleyi,SCIENTIFIC,"<i>Copadichromis</i> <i>borleyi</i> (Iles, 1960)",EXACT,99,11,Animalia,Chordata,Perciformes,Cichlidae,Copadichromis,Copadichromis borleyi,1,44,587,8522,2373828,2373844,FALSE,Copadichromis borleyi,FALSE,NA,NA,NA,NA,NA,NA,NA,NA,NA,NA,NA,NA,Copadichromis borleyi,Fish
2355707,"Copella arnoldi (Regan, 1912)",Copella arnoldi,"(Regan, 1912)",SPECIES,ZOOLOGICAL,ACCEPTED,Copella,arnoldi,SCIENTIFIC,"<i>Copella</i> <i>arnoldi</i> (Regan, 1912)",EXACT,99,8,Animalia,Chordata,Characiformes,Lebiasinidae,Copella,Copella arnoldi,1,44,537,3380,2355692,2355707,FALSE,Copella arnoldi,FALSE,NA,NA,NA,NA,NA,NA,NA,NA,NA,NA,NA,NA,Copella arnoldi,Fish
9312593,"Coptodon rendalli (Boulenger, 1897)",Coptodon rendalli,"(Boulenger, 1897)",SPECIES,ZOOLOGICAL,ACCEPTED,Coptodon,rendalli,SCIENTIFIC,"<i>Coptodon</i> <i>rendalli</i> (Boulenger, 1897)",EXACT,99,5,Animalia,Chordata,Perciformes,Cichlidae,Coptodon,Coptodon rendalli,1,44,587,8522,9619538,9312593,FALSE,Coptodon rendalli,FALSE,NA,NA,NA,NA,NA,NA,NA,NA,NA,NA,NA,NA,Coptodon rendalli,Fish
9399453,"Coptodon tholloni (Sauvage, 1884)",Coptodon tholloni,"(Sauvage, 1884)",SPECIES,ZOOLOGICAL,ACCEPTED,Coptodon,tholloni,SCIENTIFIC,"<i>Coptodon</i> <i>tholloni</i> (Sauvage, 1884)",EXACT,99,8,Animalia,Chordata,Perciformes,Cichlidae,Coptodon,Coptodon tholloni,1,44,587,8522,9619538,9399453,FALSE,Coptodon tholloni,FALSE,NA,NA,NA,NA,NA,NA,NA,NA,NA,NA,NA,NA,Coptodon tholloni,Fish
2370703,"Coptodon zillii (Gervais, 1848)",Coptodon zillii,"(Gervais, 1848)",SPECIES,ZOOLOGICAL,ACCEPTED,Coptodon,zillii,SCIENTIFIC,"<i>Coptodon</i> <i>zillii</i> (Gervais, 1848)",EXACT,99,7,Animalia,Chordata,Perciformes,Cichlidae,Coptodon,Coptodon zillii,1,44,587,8522,9619538,2370703,FALSE,Coptodon zillii,FALSE,NA,NA,NA,NA,NA,NA,NA,NA,NA,NA,NA,NA,Coptodon zillii,Fish
5189032,"Corbicula fluminalis (O.F.Müller, 1774)",Corbicula fluminalis,"(O.F.Müller, 1774)",SPECIES,ZOOLOGICAL,ACCEPTED,Corbicula,fluminalis,SCIENTIFIC,"<i>Corbicula</i> <i>fluminalis</i> (O.F.Müller, 1774)",EXACT,99,13,Animalia,Mollusca,Venerida,Cyrenidae,Corbicula,Corbicula fluminalis,1,52,9310756,6527076,2286732,5189032,FALSE,Corbicula fluminalis,FALSE,Bivalvia,137,NA,NA,NA,NA,NA,NA,NA,NA,NA,NA,Corbicula fluminalis,Bivalve
8190231,"Corbicula fluminea (O.F.Müller, 1774)",Corbicula fluminea,"(O.F.Müller, 1774)",SPECIES,ZOOLOGICAL,ACCEPTED,Corbicula,fluminea,SCIENTIFIC,"<i>Corbicula</i> <i>fluminea</i> (O.F.Müller, 1774)",EXACT,99,5,Animalia,Mollusca,Venerida,Cyrenidae,Corbicula,Corbicula fluminea,1,52,9310756,6527076,2286732,8190231,FALSE,Corbicula fluminea,FALSE,Bivalvia,137,NA,NA,NA,NA,NA,NA,NA,NA,NA,NA,Corbicula fluminea,Bivalve
8140432,"Corbicula largillierti (R.A.Philippi, 1844)",Corbicula largillierti,"(R.A.Philippi, 1844)",SPECIES,ZOOLOGICAL,ACCEPTED,Corbicula,largillierti,SCIENTIFIC,"<i>Corbicula</i> <i>largillierti</i> (R.A.Philippi, 1844)",EXACT,99,4,Animalia,Mollusca,Venerida,Cyrenidae,Corbicula,Corbicula largillierti,1,52,9310756,6527076,2286732,8140432,FALSE,Corbicula largillierti,FALSE,Bivalvia,137,NA,NA,NA,NA,NA,NA,NA,NA,NA,NA,Corbicula largillierti,Bivalve
10228087,"Corbicula sandai Reinhardt, 1878",Corbicula sandai,"Reinhardt, 1878",SPECIES,ZOOLOGICAL,ACCEPTED,Corbicula,sandai,SCIENTIFIC,"<i>Corbicula</i> <i>sandai</i> Reinhardt, 1878",EXACT,97,9,Animalia,Mollusca,Venerida,Cyrenidae,Corbicula,Corbicula sandai,1,52,9310756,6527076,2286732,10228087,FALSE,Corbicula sandai,FALSE,Bivalvia,137,NA,NA,NA,NA,NA,NA,NA,NA,NA,NA,Corbicula sandai,Bivalve
2350934,"Coregonus Linnaeus, 1758",Coregonus,"Linnaeus, 1758",GENUS,ZOOLOGICAL,ACCEPTED,NA,NA,SCIENTIFIC,"<i>Coregonus</i> Linnaeus, 1758",EXACT,94,15,Animalia,Chordata,Salmoniformes,Salmonidae,Coregonus,NA,1,44,1313,8615,2350934,NA,FALSE,Coregonus,FALSE,NA,NA,NA,NA,NA,NA,NA,NA,NA,NA,NA,NA,Coregonus,Fish
2351027,"Coregonus albula (Linnaeus, 1758)",Coregonus albula,"(Linnaeus, 1758)",SPECIES,ZOOLOGICAL,ACCEPTED,Coregonus,albula,SCIENTIFIC,"<i>Coregonus</i> <i>albula</i> (Linnaeus, 1758)",EXACT,99,14,Animalia,Chordata,Salmoniformes,Salmonidae,Coregonus,Coregonus albula,1,44,1313,8615,2350934,2351027,FALSE,Coregonus albula,FALSE,NA,NA,NA,NA,NA,NA,NA,NA,NA,NA,NA,NA,Coregonus albula,Fish
2351092,"Coregonus artedi Lesueur, 1818",Coregonus artedi,"Lesueur, 1818",SPECIES,ZOOLOGICAL,ACCEPTED,Coregonus,artedi,SCIENTIFIC,"<i>Coregonus</i> <i>artedi</i> Lesueur, 1818",EXACT,99,11,Animalia,Chordata,Salmoniformes,Salmonidae,Coregonus,Coregonus artedi,1,44,1313,8615,2350934,2351092,FALSE,Coregonus artedi,FALSE,NA,NA,NA,NA,NA,NA,NA,NA,NA,NA,NA,NA,Coregonus artedi,Fish
2351006,"Coregonus autumnalis (Pallas, 1776)",Coregonus autumnalis,"(Pallas, 1776)",SPECIES,ZOOLOGICAL,ACCEPTED,Coregonus,autumnalis,SCIENTIFIC,"<i>Coregonus</i> <i>autumnalis</i> (Pallas, 1776)",EXACT,99,10,Animalia,Chordata,Salmoniformes,Salmonidae,Coregonus,Coregonus autumnalis,1,44,1313,8615,2350934,2351006,FALSE,Coregonus autumnalis,FALSE,NA,NA,NA,NA,NA,NA,NA,NA,NA,NA,NA,NA,Coregonus autumnalis,Fish
2351119,"Coregonus clupeaformis (Mitchill, 1818)",Coregonus clupeaformis,"(Mitchill, 1818)",SPECIES,ZOOLOGICAL,ACCEPTED,Coregonus,clupeaformis,SCIENTIFIC,"<i>Coregonus</i> <i>clupeaformis</i> (Mitchill, 1818)",EXACT,99,13,Animalia,Chordata,Salmoniformes,Salmonidae,Coregonus,Coregonus clupeaformis,1,44,1313,8615,2350934,2351119,FALSE,Coregonus clupeaformis,FALSE,NA,NA,NA,NA,NA,NA,NA,NA,NA,NA,NA,NA,Coregonus clupeaformis,Fish
2351066,"Coregonus fera Jurine, 1825",Coregonus fera,"Jurine, 1825",SPECIES,ZOOLOGICAL,ACCEPTED,Coregonus,fera,SCIENTIFIC,"<i>Coregonus</i> <i>fera</i> Jurine, 1825",EXACT,99,11,Animalia,Chordata,Salmoniformes,Salmonidae,Coregonus,Coregonus fera,1,44,1313,8615,2350934,2351066,FALSE,Coregonus fera,FALSE,NA,NA,NA,NA,NA,NA,NA,NA,NA,NA,NA,NA,Coregonus fera,Fish
2351211,"Coregonus lavaretus (Linnaeus, 1758)",Coregonus lavaretus,"(Linnaeus, 1758)",SPECIES,ZOOLOGICAL,ACCEPTED,Coregonus,lavaretus,SCIENTIFIC,"<i>Coregonus</i> <i>lavaretus</i> (Linnaeus, 1758)",EXACT,99,12,Animalia,Chordata,Salmoniformes,Salmonidae,Coregonus,Coregonus lavaretus,1,44,1313,8615,2350934,2351211,FALSE,Coregonus lavaretus,FALSE,NA,NA,NA,NA,NA,NA,NA,NA,NA,NA,NA,NA,Coregonus lavaretus,Fish
2351174,"Coregonus maraena (Bloch, 1779)",Coregonus maraena,"(Bloch, 1779)",SPECIES,ZOOLOGICAL,ACCEPTED,Coregonus,maraena,SCIENTIFIC,"<i>Coregonus</i> <i>maraena</i> (Bloch, 1779)",EXACT,99,10,Animalia,Chordata,Salmoniformes,Salmonidae,Coregonus,Coregonus maraena,1,44,1313,8615,2350934,2351174,FALSE,Coregonus maraena,FALSE,NA,NA,NA,NA,NA,NA,NA,NA,NA,NA,NA,NA,Coregonus maraena,Fish
4409518,"Coregonus maraenoides Berg, 1916",Coregonus maraenoides,"Berg, 1916",SPECIES,ZOOLOGICAL,ACCEPTED,Coregonus,maraenoides,SCIENTIFIC,"<i>Coregonus</i> <i>maraenoides</i> Berg, 1916",EXACT,98,12,Animalia,Chordata,Salmoniformes,Salmonidae,Coregonus,Coregonus maraenoides,1,44,1313,8615,2350934,4409518,FALSE,Coregonus maraenoides,FALSE,NA,NA,NA,NA,NA,NA,NA,NA,NA,NA,NA,NA,Coregonus maraenoides,Fish
2350989,"Coregonus migratorius (Georgi, 1775)",Coregonus migratorius,"(Georgi, 1775)",SPECIES,ZOOLOGICAL,ACCEPTED,Coregonus,migratorius,SCIENTIFIC,"<i>Coregonus</i> <i>migratorius</i> (Georgi, 1775)",EXACT,99,15,Animalia,Chordata,Salmoniformes,Salmonidae,Coregonus,Coregonus migratorius,1,44,1313,8615,2350934,2350989,FALSE,Coregonus migratorius,FALSE,NA,NA,NA,NA,NA,NA,NA,NA,NA,NA,NA,NA,Coregonus migratorius,Fish
2351196,"Coregonus muksun (Pallas, 1814)",Coregonus muksun,"(Pallas, 1814)",SPECIES,ZOOLOGICAL,ACCEPTED,Coregonus,muksun,SCIENTIFIC,"<i>Coregonus</i> <i>muksun</i> (Pallas, 1814)",EXACT,99,9,Animalia,Chordata,Salmoniformes,Salmonidae,Coregonus,Coregonus muksun,1,44,1313,8615,2350934,2351196,FALSE,Coregonus muksun,FALSE,NA,NA,NA,NA,NA,NA,NA,NA,NA,NA,NA,NA,Coregonus muksun,Fish
2351064,"Coregonus nasus (Pallas, 1776)",Coregonus nasus,"(Pallas, 1776)",SPECIES,ZOOLOGICAL,ACCEPTED,Coregonus,nasus,SCIENTIFIC,"<i>Coregonus</i> <i>nasus</i> (Pallas, 1776)",EXACT,99,10,Animalia,Chordata,Salmoniformes,Salmonidae,Coregonus,Coregonus nasus,1,44,1313,8615,2350934,2351064,FALSE,Coregonus nasus,FALSE,NA,NA,NA,NA,NA,NA,NA,NA,NA,NA,NA,NA,Coregonus nasus,Fish
2351155,"Coregonus oxyrinchus (Linnaeus, 1758)",Coregonus oxyrinchus,"(Linnaeus, 1758)",SPECIES,ZOOLOGICAL,ACCEPTED,Coregonus,oxyrinchus,SCIENTIFIC,"<i>Coregonus</i> <i>oxyrinchus</i> (Linnaeus, 1758)",EXACT,99,15,Animalia,Chordata,Salmoniformes,Salmonidae,Coregonus,Coregonus oxyrinchus,1,44,1313,8615,2350934,2351155,FALSE,Coregonus oxyrinchus,FALSE,NA,NA,NA,NA,NA,NA,NA,NA,NA,NA,NA,NA,Coregonus oxyrinchus,Fish
2351228,"Coregonus pallasii Valenciennes, 1848",Coregonus pallasii,"Valenciennes, 1848",SPECIES,ZOOLOGICAL,ACCEPTED,Coregonus,pallasii,SCIENTIFIC,"<i>Coregonus</i> <i>pallasii</i> Valenciennes, 1848",EXACT,99,13,Animalia,Chordata,Salmoniformes,Salmonidae,Coregonus,Coregonus pallasii,1,44,1313,8615,2350934,2351228,FALSE,Coregonus pallasii,FALSE,NA,NA,NA,NA,NA,NA,NA,NA,NA,NA,NA,NA,Coregonus pallasii,Fish
2351136,"Coregonus peled (Gmelin, 1789)",Coregonus peled,"(Gmelin, 1789)",SPECIES,ZOOLOGICAL,ACCEPTED,Coregonus,peled,SCIENTIFIC,"<i>Coregonus</i> <i>peled</i> (Gmelin, 1789)",EXACT,99,12,Animalia,Chordata,Salmoniformes,Salmonidae,Coregonus,Coregonus peled,1,44,1313,8615,2350934,2351136,FALSE,Coregonus peled,FALSE,NA,NA,NA,NA,NA,NA,NA,NA,NA,NA,NA,NA,Coregonus peled,Fish
2350997,"Coregonus renke (Schrank, 1783)",Coregonus renke,"(Schrank, 1783)",SPECIES,ZOOLOGICAL,ACCEPTED,Coregonus,renke,SCIENTIFIC,"<i>Coregonus</i> <i>renke</i> (Schrank, 1783)",EXACT,99,10,Animalia,Chordata,Salmoniformes,Salmonidae,Coregonus,Coregonus renke,1,44,1313,8615,2350934,2350997,FALSE,Coregonus renke,FALSE,NA,NA,NA,NA,NA,NA,NA,NA,NA,NA,NA,NA,Coregonus renke,Fish
2350976,"Coregonus wartmanni (Bloch, 1784)",Coregonus wartmanni,"(Bloch, 1784)",SPECIES,ZOOLOGICAL,ACCEPTED,Coregonus,wartmanni,SCIENTIFIC,"<i>Coregonus</i> <i>wartmanni</i> (Bloch, 1784)",EXACT,99,10,Animalia,Chordata,Salmoniformes,Salmonidae,Coregonus,Coregonus wartmanni,1,44,1313,8615,2350934,2350976,FALSE,Coregonus wartmanni,FALSE,NA,NA,NA,NA,NA,NA,NA,NA,NA,NA,NA,NA,Coregonus wartmanni,Fish
2380417,"Coreoperca kawamebari (Temminck & Schlegel, 1843)",Coreoperca kawamebari,"(Temminck & Schlegel, 1843)",SPECIES,ZOOLOGICAL,ACCEPTED,Coreoperca,kawamebari,SCIENTIFIC,"<i>Coreoperca</i> <i>kawamebari</i> (Temminck & Schlegel, 1843)",EXACT,99,16,Animalia,Chordata,Perciformes,Percichthyidae,Coreoperca,Coreoperca kawamebari,1,44,587,8574,2380414,2380417,FALSE,Coreoperca kawamebari,FALSE,NA,NA,NA,NA,NA,NA,NA,NA,NA,NA,NA,NA,Coreoperca kawamebari,Fish
2342606,"Corydoras aeneus (Gill, 1858)",Corydoras aeneus,"(Gill, 1858)",SPECIES,ZOOLOGICAL,ACCEPTED,Corydoras,aeneus,SCIENTIFIC,"<i>Corydoras</i> <i>aeneus</i> (Gill, 1858)",EXACT,99,10,Animalia,Chordata,Siluriformes,Callichthyidae,Corydoras,Corydoras aeneus,1,44,708,8975,2342597,2342606,FALSE,Corydoras aeneus,FALSE,NA,NA,NA,NA,NA,NA,NA,NA,NA,NA,NA,NA,Corydoras aeneus,Fish
2342761,"Corydoras agassizii Steindachner, 1876",Corydoras agassizii,"Steindachner, 1876",SPECIES,ZOOLOGICAL,ACCEPTED,Corydoras,agassizii,SCIENTIFIC,"<i>Corydoras</i> <i>agassizii</i> Steindachner, 1876",EXACT,99,10,Animalia,Chordata,Siluriformes,Callichthyidae,Corydoras,Corydoras agassizii,1,44,708,8975,2342597,2342761,FALSE,Corydoras agassizii,FALSE,NA,NA,NA,NA,NA,NA,NA,NA,NA,NA,NA,NA,Corydoras agassizii,Fish
2342688,"Corydoras arcuatus Elwin, 1938",Corydoras arcuatus,"Elwin, 1938",SPECIES,ZOOLOGICAL,ACCEPTED,Corydoras,arcuatus,SCIENTIFIC,"<i>Corydoras</i> <i>arcuatus</i> Elwin, 1938",EXACT,99,11,Animalia,Chordata,Siluriformes,Callichthyidae,Corydoras,Corydoras arcuatus,1,44,708,8975,2342597,2342688,FALSE,Corydoras arcuatus,FALSE,NA,NA,NA,NA,NA,NA,NA,NA,NA,NA,NA,NA,Corydoras arcuatus,Fish
2342734,"Corydoras julii Steindachner, 1906",Corydoras julii,"Steindachner, 1906",SPECIES,ZOOLOGICAL,ACCEPTED,Corydoras,julii,SCIENTIFIC,"<i>Corydoras</i> <i>julii</i> Steindachner, 1906",EXACT,99,10,Animalia,Chordata,Siluriformes,Callichthyidae,Corydoras,Corydoras julii,1,44,708,8975,2342597,2342734,FALSE,Corydoras julii,FALSE,NA,NA,NA,NA,NA,NA,NA,NA,NA,NA,NA,NA,Corydoras julii,Fish
2342599,"Corydoras leucomelas Eigenmann & Allen, 1942",Corydoras leucomelas,"Eigenmann & Allen, 1942",SPECIES,ZOOLOGICAL,ACCEPTED,Corydoras,leucomelas,SCIENTIFIC,"<i>Corydoras</i> <i>leucomelas</i> Eigenmann & Allen, 1942",EXACT,99,11,Animalia,Chordata,Siluriformes,Callichthyidae,Corydoras,Corydoras leucomelas,1,44,708,8975,2342597,2342599,FALSE,Corydoras leucomelas,FALSE,NA,NA,NA,NA,NA,NA,NA,NA,NA,NA,NA,NA,Corydoras leucomelas,Fish
2342709,"Corydoras melanistius Regan, 1912",Corydoras melanistius,"Regan, 1912",SPECIES,ZOOLOGICAL,ACCEPTED,Corydoras,melanistius,SCIENTIFIC,"<i>Corydoras</i> <i>melanistius</i> Regan, 1912",EXACT,99,5,Animalia,Chordata,Siluriformes,Callichthyidae,Corydoras,Corydoras melanistius,1,44,708,8975,2342597,2342709,FALSE,Corydoras melanistius,FALSE,NA,NA,NA,NA,NA,NA,NA,NA,NA,NA,NA,NA,Corydoras melanistius,Fish
2342763,"Corydoras metae Eigenmann, 1914",Corydoras metae,"Eigenmann, 1914",SPECIES,ZOOLOGICAL,ACCEPTED,Corydoras,metae,SCIENTIFIC,"<i>Corydoras</i> <i>metae</i> Eigenmann, 1914",EXACT,99,9,Animalia,Chordata,Siluriformes,Callichthyidae,Corydoras,Corydoras metae,1,44,708,8975,2342597,2342763,FALSE,Corydoras metae,FALSE,NA,NA,NA,NA,NA,NA,NA,NA,NA,NA,NA,NA,Corydoras metae,Fish
2342720,"Corydoras paleatus (Jenyns, 1842)",Corydoras paleatus,"(Jenyns, 1842)",SPECIES,ZOOLOGICAL,ACCEPTED,Corydoras,paleatus,SCIENTIFIC,"<i>Corydoras</i> <i>paleatus</i> (Jenyns, 1842)",EXACT,99,11,Animalia,Chordata,Siluriformes,Callichthyidae,Corydoras,Corydoras paleatus,1,44,708,8975,2342597,2342720,FALSE,Corydoras paleatus,FALSE,NA,NA,NA,NA,NA,NA,NA,NA,NA,NA,NA,NA,Corydoras paleatus,Fish
2342738,"Corydoras panda Nijssen & Isbrücker, 1971",Corydoras panda,"Nijssen & Isbrücker, 1971",SPECIES,ZOOLOGICAL,ACCEPTED,Corydoras,panda,SCIENTIFIC,"<i>Corydoras</i> <i>panda</i> Nijssen & Isbrücker, 1971",EXACT,99,10,Animalia,Chordata,Siluriformes,Callichthyidae,Corydoras,Corydoras panda,1,44,708,8975,2342597,2342738,FALSE,Corydoras panda,FALSE,NA,NA,NA,NA,NA,NA,NA,NA,NA,NA,NA,NA,Corydoras panda,Fish
2342617,"Corydoras rabauti La Monte, 1941",Corydoras rabauti,"La Monte, 1941",SPECIES,ZOOLOGICAL,ACCEPTED,Corydoras,rabauti,SCIENTIFIC,"<i>Corydoras</i> <i>rabauti</i> La Monte, 1941",EXACT,99,8,Animalia,Chordata,Siluriformes,Callichthyidae,Corydoras,Corydoras rabauti,1,44,708,8975,2342597,2342617,FALSE,Corydoras rabauti,FALSE,NA,NA,NA,NA,NA,NA,NA,NA,NA,NA,NA,NA,Corydoras rabauti,Fish
2334177,"Cottus asper Richardson, 1836",Cottus asper,"Richardson, 1836",SPECIES,ZOOLOGICAL,ACCEPTED,Cottus,asper,SCIENTIFIC,"<i>Cottus</i> <i>asper</i> Richardson, 1836",EXACT,99,13,Animalia,Chordata,Scorpaeniformes,Cottidae,Cottus,Cottus asper,1,44,590,8621,2334066,2334177,FALSE,Cottus asper,FALSE,NA,NA,NA,NA,NA,NA,NA,NA,NA,NA,NA,NA,Cottus asper,Fish
2334131,"Cottus bairdii Girard, 1850",Cottus bairdii,"Girard, 1850",SPECIES,ZOOLOGICAL,ACCEPTED,Cottus,bairdii,SCIENTIFIC,"<i>Cottus</i> <i>bairdii</i> Girard, 1850",EXACT,99,7,Animalia,Chordata,Scorpaeniformes,Cottidae,Cottus,Cottus bairdii,1,44,590,8621,2334066,2334131,FALSE,Cottus bairdii,FALSE,NA,NA,NA,NA,NA,NA,NA,NA,NA,NA,NA,NA,Cottus bairdii,Fish
2334120,"Cottus extensus Bailey & Bond, 1963",Cottus extensus,"Bailey & Bond, 1963",SPECIES,ZOOLOGICAL,ACCEPTED,Cottus,extensus,SCIENTIFIC,"<i>Cottus</i> <i>extensus</i> Bailey & Bond, 1963",EXACT,99,13,Animalia,Chordata,Scorpaeniformes,Cottidae,Cottus,Cottus extensus,1,44,590,8621,2334066,2334120,FALSE,Cottus extensus,FALSE,NA,NA,NA,NA,NA,NA,NA,NA,NA,NA,NA,NA,Cottus extensus,Fish
2334127,"Cottus greenei (Gilbert & Culver, 1898)",Cottus greenei,"(Gilbert & Culver, 1898)",SPECIES,ZOOLOGICAL,ACCEPTED,Cottus,greenei,SCIENTIFIC,"<i>Cottus</i> <i>greenei</i> (Gilbert & Culver, 1898)",EXACT,99,9,Animalia,Chordata,Scorpaeniformes,Cottidae,Cottus,Cottus greenei,1,44,590,8621,2334066,2334127,FALSE,Cottus greenei,FALSE,NA,NA,NA,NA,NA,NA,NA,NA,NA,NA,NA,NA,Cottus greenei,Fish
5962227,"Cottus immaculatus Kinziger & Wood, 2010",Cottus immaculatus,"Kinziger & Wood, 2010",SPECIES,ZOOLOGICAL,ACCEPTED,Cottus,immaculatus,SCIENTIFIC,"<i>Cottus</i> <i>immaculatus</i> Kinziger & Wood, 2010",EXACT,99,12,Animalia,Chordata,Scorpaeniformes,Cottidae,Cottus,Cottus immaculatus,1,44,590,8621,2334066,5962227,FALSE,Cottus immaculatus,FALSE,NA,NA,NA,NA,NA,NA,NA,NA,NA,NA,NA,NA,Cottus immaculatus,Fish
2360898,"Couesius plumbeus (Agassiz, 1850)",Couesius plumbeus,"(Agassiz, 1850)",SPECIES,ZOOLOGICAL,ACCEPTED,Couesius,plumbeus,SCIENTIFIC,"<i>Couesius</i> <i>plumbeus</i> (Agassiz, 1850)",EXACT,99,9,Animalia,Chordata,Cypriniformes,Cyprinidae,Couesius,Couesius plumbeus,1,44,1153,7336,2361083,2360898,FALSE,Couesius plumbeus,FALSE,NA,NA,NA,NA,NA,NA,NA,NA,NA,NA,NA,NA,Couesius plumbeus,Fish
2217983,"Crangonyx floridanus Bousfield, 1963",Crangonyx floridanus,"Bousfield, 1963",SPECIES,ZOOLOGICAL,ACCEPTED,Crangonyx,floridanus,SCIENTIFIC,"<i>Crangonyx</i> <i>floridanus</i> Bousfield, 1963",EXACT,99,13,Animalia,Arthropoda,Amphipoda,Crangonyctidae,Crangonyx,Crangonyx floridanus,1,54,1231,4424,2217966,2217983,FALSE,Crangonyx floridanus,FALSE,Malacostraca,229,NA,NA,NA,NA,NA,NA,NA,NA,NA,NA,Crangonyx floridanus,Crayfish/crab (Malacostraca)
2217982,"Crangonyx pseudogracilis Bousfield, 1958",Crangonyx pseudogracilis,"Bousfield, 1958",SPECIES,ZOOLOGICAL,ACCEPTED,Crangonyx,pseudogracilis,SCIENTIFIC,"<i>Crangonyx</i> <i>pseudogracilis</i> Bousfield, 1958",EXACT,99,14,Animalia,Arthropoda,Amphipoda,Crangonyctidae,Crangonyx,Crangonyx pseudogracilis,1,54,1231,4424,2217966,2217982,FALSE,Crangonyx pseudogracilis,FALSE,Malacostraca,229,NA,NA,NA,NA,NA,NA,NA,NA,NA,NA,Crangonyx pseudogracilis,Crayfish/crab (Malacostraca)
2344145,"Cranoglanis Peters, 1881",Cranoglanis,"Peters, 1881",GENUS,ZOOLOGICAL,ACCEPTED,NA,NA,SCIENTIFIC,"<i>Cranoglanis</i> Peters, 1881",EXACT,94,18,Animalia,Chordata,Siluriformes,Cranoglanididae,Cranoglanis,NA,1,44,708,8980,2344145,NA,FALSE,Cranoglanis,FALSE,NA,NA,NA,NA,NA,NA,NA,NA,NA,NA,NA,NA,Cranoglanis,Fish
6165511,"Crenichthys baileyi grandis Williams & Wilde, 1981",Crenichthys baileyi grandis,"Williams & Wilde, 1981",SUBSPECIES,ZOOLOGICAL,SYNONYM,Crenichthys,baileyi,SCIENTIFIC,"<i>Crenichthys</i> <i>baileyi</i> <i>grandis</i> Williams & Wilde, 1981",EXACT,100,14,Animalia,Chordata,Cyprinodontiformes,Goodeidae,Crenichthys,Crenichthys baileyi,1,44,547,7657,2347712,4284447,TRUE,"Crenichthys baileyi grandis Williams & Wilde, 1981",FALSE,NA,NA,NA,grandis,NA,NA,NA,NA,4284447,"Crenichthys baileyi (Gilbert, 1893)",NA,NA,"Crenichthys baileyi grandis Williams & Wilde, 1981",Fish
2347713,"Crenichthys nevadae Hubbs, 1932",Crenichthys nevadae,"Hubbs, 1932",SPECIES,ZOOLOGICAL,ACCEPTED,Crenichthys,nevadae,SCIENTIFIC,"<i>Crenichthys</i> <i>nevadae</i> Hubbs, 1932",EXACT,99,10,Animalia,Chordata,Cyprinodontiformes,Goodeidae,Crenichthys,Crenichthys nevadae,1,44,547,7657,2347712,2347713,FALSE,Crenichthys nevadae,FALSE,NA,NA,NA,NA,NA,NA,NA,NA,NA,NA,NA,NA,Crenichthys nevadae,Fish
7910909,"Cristaria plicata (Leach, 1814)",Cristaria plicata,"(Leach, 1814)",SPECIES,ZOOLOGICAL,ACCEPTED,Cristaria,plicata,SCIENTIFIC,"<i>Cristaria</i> <i>plicata</i> (Leach, 1814)",EXACT,99,10,Animalia,Mollusca,Unionida,Unionidae,Cristaria,Cristaria plicata,1,52,9301143,3461,3247432,7910909,FALSE,Cristaria plicata,FALSE,Bivalvia,137,NA,NA,NA,NA,NA,NA,NA,NA,NA,NA,Cristaria plicata,Bivalve
2869244,Cryptocoryne beckettii Thuill. ex Trim.,Cryptocoryne beckettii,Thuill. ex Trim.,SPECIES,NA,ACCEPTED,Cryptocoryne,beckettii,SCIENTIFIC,<i>Cryptocoryne</i> <i>beckettii</i> Thuill. ex Trim.,EXACT,97,14,Plantae,Tracheophyta,Alismatales,Araceae,Cryptocoryne,Cryptocoryne beckettii,6,7707728,551,6979,2863306,2869244,FALSE,Cryptocoryne beckettii,FALSE,Liliopsida,196,NA,NA,NA,NA,NA,NA,NA,NA,NA,NA,Cryptocoryne beckettii,Plant (strict freshwater habitat tag only)
7551029,Cryptocoryne ciliata (Roxb.) Schott,Cryptocoryne ciliata,(Roxb.) Schott,SPECIES,BOTANICAL,ACCEPTED,Cryptocoryne,ciliata,SCIENTIFIC,<i>Cryptocoryne</i> <i>ciliata</i> (Roxb.) Schott,EXACT,97,12,Plantae,Tracheophyta,Alismatales,Araceae,Cryptocoryne,Cryptocoryne ciliata,6,7707728,551,6979,2863306,7551029,FALSE,Cryptocoryne ciliata,FALSE,Liliopsida,196,NA,NA,NA,NA,NA,NA,NA,NA,NA,NA,Cryptocoryne ciliata,Plant (strict freshwater habitat tag only)
2869256,Cryptocoryne crispatula var. balansae (Gagnep.) N.Jacobsen,Cryptocoryne crispatula balansae,(Gagnep.) N.Jacobsen,VARIETY,BOTANICAL,ACCEPTED,Cryptocoryne,crispatula,SCIENTIFIC,<i>Cryptocoryne</i> <i>crispatula</i> var. <i>balansae</i> (Gagnep.) N.Jacobsen,EXACT,95,17,Plantae,Tracheophyta,Alismatales,Araceae,Cryptocoryne,Cryptocoryne crispatula,6,7707728,551,6979,2863306,2869246,FALSE,Cryptocoryne crispatula subsp. balansae,FALSE,Liliopsida,196,NA,balansae,NA,NA,NA,NA,NA,NA,Cryptocoryne crispatula balansae,2869256,Cryptocoryne crispatula subsp. balansae,Plant (strict freshwater habitat tag only)
2869198,Cryptocoryne undulata Wendt,Cryptocoryne undulata,Wendt,SPECIES,NA,ACCEPTED,Cryptocoryne,undulata,SCIENTIFIC,<i>Cryptocoryne</i> <i>undulata</i> Wendt,EXACT,99,13,Plantae,Tracheophyta,Alismatales,Araceae,Cryptocoryne,Cryptocoryne undulata,6,7707728,551,6979,2863306,2869198,FALSE,Cryptocoryne undulata,FALSE,Liliopsida,196,NA,NA,NA,NA,NA,NA,NA,NA,NA,NA,Cryptocoryne undulata,Plant (strict freshwater habitat tag only)
2869125,Cryptocoryne walkeri Schott,Cryptocoryne walkeri,Schott,SPECIES,NA,ACCEPTED,Cryptocoryne,walkeri,SCIENTIFIC,<i>Cryptocoryne</i> <i>walkeri</i> Schott,EXACT,99,13,Plantae,Tracheophyta,Alismatales,Araceae,Cryptocoryne,Cryptocoryne walkeri,6,7707728,551,6979,2863306,2869125,FALSE,Cryptocoryne walkeri,FALSE,Liliopsida,196,NA,NA,NA,NA,NA,NA,NA,NA,NA,NA,Cryptocoryne walkeri,Plant (strict freshwater habitat tag only)
2869214,Cryptocoryne wendtii de Wit,Cryptocoryne wendtii,de Wit,SPECIES,NA,ACCEPTED,Cryptocoryne,wendtii,SCIENTIFIC,<i>Cryptocoryne</i> <i>wendtii</i> de Wit,EXACT,98,11,Plantae,Tracheophyta,Alismatales,Araceae,Cryptocoryne,Cryptocoryne wendtii,6,7707728,551,6979,2863306,2869214,FALSE,Cryptocoryne wendtii,FALSE,Liliopsida,196,NA,NA,NA,NA,NA,NA,NA,NA,NA,NA,Cryptocoryne wendtii,Plant (strict freshwater habitat tag only)
2370311,"Cryptoheros spilurus (Günther, 1862)",Cryptoheros spilurus,"(Günther, 1862)",SPECIES,ZOOLOGICAL,ACCEPTED,Cryptoheros,spilurus,SCIENTIFIC,"<i>Cryptoheros</i> <i>spilurus</i> (Günther, 1862)",EXACT,99,13,Animalia,Chordata,Perciformes,Cichlidae,Cryptoheros,Cryptoheros spilurus,1,44,587,8522,2370309,2370311,FALSE,Cryptoheros spilurus,FALSE,NA,NA,NA,NA,NA,NA,NA,NA,NA,NA,NA,NA,Cryptoheros spilurus,Fish
7563173,"Cryptorchestia cavimana (Heller, 1865)",Cryptorchestia cavimana,"(Heller, 1865)",SPECIES,ZOOLOGICAL,ACCEPTED,Cryptorchestia,cavimana,SCIENTIFIC,"<i>Cryptorchestia</i> <i>cavimana</i> (Heller, 1865)",EXACT,99,15,Animalia,Arthropoda,Amphipoda,Talitridae,Cryptorchestia,Cryptorchestia cavimana,1,54,1231,4466,7597428,7563173,FALSE,Cryptorchestia cavimana,FALSE,Malacostraca,229,NA,NA,NA,NA,NA,NA,NA,NA,NA,NA,Cryptorchestia cavimana,Crayfish/crab (Malacostraca)
2362030,"Ctenopharyngodon idella (Valenciennes, 1844)",Ctenopharyngodon idella,"(Valenciennes, 1844)",SPECIES,ZOOLOGICAL,ACCEPTED,Ctenopharyngodon,idella,SCIENTIFIC,"<i>Ctenopharyngodon</i> <i>idella</i> (Valenciennes, 1844)",EXACT,99,15,Animalia,Chordata,Cypriniformes,Cyprinidae,Ctenopharyngodon,Ctenopharyngodon idella,1,44,1153,7336,2362029,2362030,FALSE,Ctenopharyngodon idella,FALSE,NA,NA,NA,NA,NA,NA,NA,NA,NA,NA,NA,NA,Ctenopharyngodon idella,Fish
5210823,"Ctenopoma nigropannosum Reichenow, 1875",Ctenopoma nigropannosum,"Reichenow, 1875",SPECIES,ZOOLOGICAL,ACCEPTED,Ctenopoma,nigropannosum,SCIENTIFIC,"<i>Ctenopoma</i> <i>nigropannosum</i> Reichenow, 1875",EXACT,99,11,Animalia,Chordata,Perciformes,Anabantidae,Ctenopoma,Ctenopoma nigropannosum,1,44,587,8488,2391658,5210823,FALSE,Ctenopoma nigropannosum,FALSE,NA,NA,NA,NA,NA,NA,NA,NA,NA,NA,NA,NA,Ctenopoma nigropannosum,Fish
2356556,"Culaea inconstans (Kirtland, 1840)",Culaea inconstans,"(Kirtland, 1840)",SPECIES,ZOOLOGICAL,ACCEPTED,Culaea,inconstans,SCIENTIFIC,"<i>Culaea</i> <i>inconstans</i> (Kirtland, 1840)",EXACT,99,11,Animalia,Chordata,Gasterosteiformes,Gasterosteidae,Culaea,Culaea inconstans,1,44,550,7666,2356555,2356556,FALSE,Culaea inconstans,FALSE,NA,NA,NA,NA,NA,NA,NA,NA,NA,NA,NA,NA,Culaea inconstans,Fish
2371966,"Cyathopharynx furcifer (Boulenger, 1898)",Cyathopharynx furcifer,"(Boulenger, 1898)",SPECIES,ZOOLOGICAL,ACCEPTED,Cyathopharynx,furcifer,SCIENTIFIC,"<i>Cyathopharynx</i> <i>furcifer</i> (Boulenger, 1898)",EXACT,99,33,Animalia,Chordata,Perciformes,Cichlidae,Cyathopharynx,Cyathopharynx furcifer,1,44,587,8522,2371965,2371966,FALSE,Cyathopharynx furcifer,FALSE,NA,NA,NA,NA,NA,NA,NA,NA,NA,NA,NA,NA,Cyathopharynx furcifer,Fish
2364440,"Cyclocheilichthys apogon (Valenciennes, 1842)",Cyclocheilichthys apogon,"(Valenciennes, 1842)",SPECIES,ZOOLOGICAL,ACCEPTED,Cyclocheilichthys,apogon,SCIENTIFIC,"<i>Cyclocheilichthys</i> <i>apogon</i> (Valenciennes, 1842)",EXACT,99,13,Animalia,Chordata,Cypriniformes,Cyprinidae,Cyclocheilichthys,Cyclocheilichthys apogon,1,44,1153,7336,2364410,2364440,FALSE,Cyclocheilichthys apogon,FALSE,NA,NA,NA,NA,NA,NA,NA,NA,NA,NA,NA,NA,Cyclocheilichthys apogon,Fish
5207658,"Cyprinella analostana Girard, 1859",Cyprinella analostana,"Girard, 1859",SPECIES,ZOOLOGICAL,ACCEPTED,Cyprinella,analostana,SCIENTIFIC,"<i>Cyprinella</i> <i>analostana</i> Girard, 1859",EXACT,99,11,Animalia,Chordata,Cypriniformes,Cyprinidae,Cyprinella,Cyprinella analostana,1,44,1153,7336,2367069,5207658,FALSE,Cyprinella analostana,FALSE,NA,NA,NA,NA,NA,NA,NA,NA,NA,NA,NA,NA,Cyprinella analostana,Fish
5207653,"Cyprinella galactura (Cope, 1868)",Cyprinella galactura,"(Cope, 1868)",SPECIES,ZOOLOGICAL,ACCEPTED,Cyprinella,galactura,SCIENTIFIC,"<i>Cyprinella</i> <i>galactura</i> (Cope, 1868)",EXACT,99,11,Animalia,Chordata,Cypriniformes,Cyprinidae,Cyprinella,Cyprinella galactura,1,44,1153,7336,2367069,5207653,FALSE,Cyprinella galactura,FALSE,NA,NA,NA,NA,NA,NA,NA,NA,NA,NA,NA,NA,Cyprinella galactura,Fish
5207666,"Cyprinella lutrensis (Baird & Girard, 1853)",Cyprinella lutrensis,"(Baird & Girard, 1853)",SPECIES,ZOOLOGICAL,ACCEPTED,Cyprinella,lutrensis,SCIENTIFIC,"<i>Cyprinella</i> <i>lutrensis</i> (Baird & Girard, 1853)",EXACT,99,10,Animalia,Chordata,Cypriniformes,Cyprinidae,Cyprinella,Cyprinella lutrensis,1,44,1153,7336,2367069,5207666,FALSE,Cyprinella lutrensis,FALSE,NA,NA,NA,NA,NA,NA,NA,NA,NA,NA,NA,NA,Cyprinella lutrensis,Fish
5207652,"Cyprinella pyrrhomelas (Cope, 1870)",Cyprinella pyrrhomelas,"(Cope, 1870)",SPECIES,ZOOLOGICAL,ACCEPTED,Cyprinella,pyrrhomelas,SCIENTIFIC,"<i>Cyprinella</i> <i>pyrrhomelas</i> (Cope, 1870)",EXACT,99,9,Animalia,Chordata,Cypriniformes,Cyprinidae,Cyprinella,Cyprinella pyrrhomelas,1,44,1153,7336,2367069,5207652,FALSE,Cyprinella pyrrhomelas,FALSE,NA,NA,NA,NA,NA,NA,NA,NA,NA,NA,NA,NA,Cyprinella pyrrhomelas,Fish
5207691,"Cyprinella spiloptera (Cope, 1867)",Cyprinella spiloptera,"(Cope, 1867)",SPECIES,ZOOLOGICAL,ACCEPTED,Cyprinella,spiloptera,SCIENTIFIC,"<i>Cyprinella</i> <i>spiloptera</i> (Cope, 1867)",EXACT,99,12,Animalia,Chordata,Cypriniformes,Cyprinidae,Cyprinella,Cyprinella spiloptera,1,44,1153,7336,2367069,5207691,FALSE,Cyprinella spiloptera,FALSE,NA,NA,NA,NA,NA,NA,NA,NA,NA,NA,NA,NA,Cyprinella spiloptera,Fish
5207640,"Cyprinella venusta Girard, 1856",Cyprinella venusta,"Girard, 1856",SPECIES,ZOOLOGICAL,ACCEPTED,Cyprinella,venusta,SCIENTIFIC,"<i>Cyprinella</i> <i>venusta</i> Girard, 1856",EXACT,99,10,Animalia,Chordata,Cypriniformes,Cyprinidae,Cyprinella,Cyprinella venusta,1,44,1153,7336,2367069,5207640,FALSE,Cyprinella venusta,FALSE,NA,NA,NA,NA,NA,NA,NA,NA,NA,NA,NA,NA,Cyprinella venusta,Fish
5207654,"Cyprinella whipplei Girard, 1856",Cyprinella whipplei,"Girard, 1856",SPECIES,ZOOLOGICAL,ACCEPTED,Cyprinella,whipplei,SCIENTIFIC,"<i>Cyprinella</i> <i>whipplei</i> Girard, 1856",EXACT,99,9,Animalia,Chordata,Cypriniformes,Cyprinidae,Cyprinella,Cyprinella whipplei,1,44,1153,7336,2367069,5207654,FALSE,Cyprinella whipplei,FALSE,NA,NA,NA,NA,NA,NA,NA,NA,NA,NA,NA,NA,Cyprinella whipplei,Fish
2363453,"Cyprinion acinaces Banister & Clarke, 1977",Cyprinion acinaces,"Banister & Clarke, 1977",SPECIES,ZOOLOGICAL,ACCEPTED,Cyprinion,acinaces,SCIENTIFIC,"<i>Cyprinion</i> <i>acinaces</i> Banister & Clarke, 1977",EXACT,99,10,Animalia,Chordata,Cypriniformes,Cyprinidae,Cyprinion,Cyprinion acinaces,1,44,1153,7336,2363435,2363453,FALSE,Cyprinion acinaces,FALSE,NA,NA,NA,NA,NA,NA,NA,NA,NA,NA,NA,NA,Cyprinion acinaces,Fish
2347934,"Cyprinodon diabolis Wales, 1930",Cyprinodon diabolis,"Wales, 1930",SPECIES,ZOOLOGICAL,ACCEPTED,Cyprinodon,diabolis,SCIENTIFIC,"<i>Cyprinodon</i> <i>diabolis</i> Wales, 1930",EXACT,99,10,Animalia,Chordata,Cyprinodontiformes,Cyprinodontidae,Cyprinodon,Cyprinodon diabolis,1,44,547,7656,2346622,2347934,FALSE,Cyprinodon diabolis,FALSE,NA,NA,NA,NA,NA,NA,NA,NA,NA,NA,NA,NA,Cyprinodon diabolis,Fish
2347876,"Cyprinodon eremus Miller & Fuiman, 1987",Cyprinodon eremus,"Miller & Fuiman, 1987",SPECIES,ZOOLOGICAL,ACCEPTED,Cyprinodon,eremus,SCIENTIFIC,"<i>Cyprinodon</i> <i>eremus</i> Miller & Fuiman, 1987",EXACT,99,8,Animalia,Chordata,Cyprinodontiformes,Cyprinodontidae,Cyprinodon,Cyprinodon eremus,1,44,547,7656,2346622,2347876,FALSE,Cyprinodon eremus,FALSE,NA,NA,NA,NA,NA,NA,NA,NA,NA,NA,NA,NA,Cyprinodon eremus,Fish
2347892,"Cyprinodon macularius Baird & Girard, 1853",Cyprinodon macularius,"Baird & Girard, 1853",SPECIES,ZOOLOGICAL,ACCEPTED,Cyprinodon,macularius,SCIENTIFIC,"<i>Cyprinodon</i> <i>macularius</i> Baird & Girard, 1853",EXACT,99,11,Animalia,Chordata,Cyprinodontiformes,Cyprinodontidae,Cyprinodon,Cyprinodon macularius,1,44,547,7656,2346622,2347892,FALSE,Cyprinodon macularius,FALSE,NA,NA,NA,NA,NA,NA,NA,NA,NA,NA,NA,NA,Cyprinodon macularius,Fish
6165255,"Cyprinodon macularius macularius Baird & Girard, 1853",Cyprinodon macularius macularius,"Baird & Girard, 1853",SUBSPECIES,NA,SYNONYM,Cyprinodon,macularius,SCIENTIFIC,"<i>Cyprinodon</i> <i>macularius</i> <i>macularius</i> Baird & Girard, 1853",EXACT,98,15,Animalia,Chordata,Cyprinodontiformes,Cyprinodontidae,Cyprinodon,Cyprinodon macularius,1,44,547,7656,2346622,2347892,TRUE,Cyprinodon macularius macularius,FALSE,NA,NA,NA,macularius,NA,NA,NA,NA,2347892,"Cyprinodon macularius Baird & Girard, 1853",NA,NA,Cyprinodon macularius macularius,Fish
4284433,"Cyprinodon nevadensis Eigenmann & Eigenmann, 1889",Cyprinodon nevadensis,"Eigenmann & Eigenmann, 1889",SPECIES,ZOOLOGICAL,ACCEPTED,Cyprinodon,nevadensis,SCIENTIFIC,"<i>Cyprinodon</i> <i>nevadensis</i> Eigenmann & Eigenmann, 1889",EXACT,99,10,Animalia,Chordata,Cyprinodontiformes,Cyprinodontidae,Cyprinodon,Cyprinodon nevadensis,1,44,547,7656,2346622,4284433,FALSE,Cyprinodon nevadensis,FALSE,NA,NA,NA,NA,NA,NA,NA,NA,NA,NA,NA,NA,Cyprinodon nevadensis,Fish
6165251,"Cyprinodon nevadensis amargosae Miller, 1948",Cyprinodon nevadensis amargosae,"Miller, 1948",SUBSPECIES,ZOOLOGICAL,SYNONYM,Cyprinodon,nevadensis,SCIENTIFIC,"<i>Cyprinodon</i> <i>nevadensis</i> <i>amargosae</i> Miller, 1948",EXACT,100,15,Animalia,Chordata,Cyprinodontiformes,Cyprinodontidae,Cyprinodon,Cyprinodon nevadensis,1,44,547,7656,2346622,4284433,TRUE,"Cyprinodon nevadensis amargosae Miller, 1948",FALSE,NA,NA,NA,amargosae,NA,NA,NA,NA,4284433,"Cyprinodon nevadensis Eigenmann & Eigenmann, 1889",NA,NA,"Cyprinodon nevadensis amargosae Miller, 1948",Fish
2347874,"Cyprinodon radiosus Miller, 1948",Cyprinodon radiosus,"Miller, 1948",SPECIES,ZOOLOGICAL,ACCEPTED,Cyprinodon,radiosus,SCIENTIFIC,"<i>Cyprinodon</i> <i>radiosus</i> Miller, 1948",EXACT,99,10,Animalia,Chordata,Cyprinodontiformes,Cyprinodontidae,Cyprinodon,Cyprinodon radiosus,1,44,547,7656,2346622,2347874,FALSE,Cyprinodon radiosus,FALSE,NA,NA,NA,NA,NA,NA,NA,NA,NA,NA,NA,NA,Cyprinodon radiosus,Fish
2347921,"Cyprinodon rubrofluviatilis Fowler, 1916",Cyprinodon rubrofluviatilis,"Fowler, 1916",SPECIES,ZOOLOGICAL,ACCEPTED,Cyprinodon,rubrofluviatilis,SCIENTIFIC,"<i>Cyprinodon</i> <i>rubrofluviatilis</i> Fowler, 1916",EXACT,99,16,Animalia,Chordata,Cyprinodontiformes,Cyprinodontidae,Cyprinodon,Cyprinodon rubrofluviatilis,1,44,547,7656,2346622,2347921,FALSE,Cyprinodon rubrofluviatilis,FALSE,NA,NA,NA,NA,NA,NA,NA,NA,NA,NA,NA,NA,Cyprinodon rubrofluviatilis,Fish
4284441,"Cyprinodon salinus Miller, 1943",Cyprinodon salinus,"Miller, 1943",SPECIES,ZOOLOGICAL,ACCEPTED,Cyprinodon,salinus,SCIENTIFIC,"<i>Cyprinodon</i> <i>salinus</i> Miller, 1943",EXACT,99,9,Animalia,Chordata,Cyprinodontiformes,Cyprinodontidae,Cyprinodon,Cyprinodon salinus,1,44,547,7656,2346622,4284441,FALSE,Cyprinodon salinus,FALSE,NA,NA,NA,NA,NA,NA,NA,NA,NA,NA,NA,NA,Cyprinodon salinus,Fish
4284440,"Cyprinodon variegatus Lacepède, 1803",Cyprinodon variegatus,"Lacepède, 1803",SPECIES,ZOOLOGICAL,ACCEPTED,Cyprinodon,variegatus,SCIENTIFIC,"<i>Cyprinodon</i> <i>variegatus</i> Lacepède, 1803",EXACT,99,10,Animalia,Chordata,Cyprinodontiformes,Cyprinodontidae,Cyprinodon,Cyprinodon variegatus,1,44,547,7656,2346622,4284440,FALSE,Cyprinodon variegatus,FALSE,NA,NA,NA,NA,NA,NA,NA,NA,NA,NA,NA,NA,Cyprinodon variegatus,Fish
4286975,"Cyprinus carpio Linnaeus, 1758",Cyprinus carpio,"Linnaeus, 1758",SPECIES,ZOOLOGICAL,ACCEPTED,Cyprinus,carpio,SCIENTIFIC,"<i>Cyprinus</i> <i>carpio</i> Linnaeus, 1758",EXACT,99,13,Animalia,Chordata,Cypriniformes,Cyprinidae,Cyprinus,Cyprinus carpio,1,44,1153,7336,2347697,4286975,FALSE,Cyprinus carpio,FALSE,NA,NA,NA,NA,NA,NA,NA,NA,NA,NA,NA,NA,Cyprinus carpio,Fish
8732936,Cyprinus carpio var. carpio,Cyprinus carpio carpio,NA,VARIETY,NA,ACCEPTED,Cyprinus,carpio,SCIENTIFIC,<i>Cyprinus</i> <i>carpio</i> var. <i>carpio</i>,EXACT,97,12,Animalia,Chordata,Cypriniformes,Cyprinidae,Cyprinus,Cyprinus carpio,1,44,1153,7336,2347697,4286975,FALSE,Cyprinus carpio carpio,FALSE,NA,NA,NA,carpio,NA,NA,NA,NA,NA,NA,Cyprinus carpio carpio,8732936,Cyprinus carpio carpio,Fish
11712227,Cyprinus carpio nudus,Cyprinus carpio nudus,NA,SUBSPECIES,NA,ACCEPTED,Cyprinus,carpio,SCIENTIFIC,<i>Cyprinus</i> <i>carpio</i> <i>nudus</i>,EXACT,98,10,Animalia,Chordata,Cypriniformes,Cyprinidae,Cyprinus,Cyprinus carpio,1,44,1153,7336,2347697,4286975,FALSE,Cyprinus carpio nudus,FALSE,NA,NA,NA,nudus,Cyprinus carpio nudus,11712227,NA,NA,NA,NA,NA,NA,Cyprinus carpio nudus,Fish
2367196,"Cyprinus rubrofuscus Lacepède, 1803",Cyprinus rubrofuscus,"Lacepède, 1803",SPECIES,ZOOLOGICAL,ACCEPTED,Cyprinus,rubrofuscus,SCIENTIFIC,"<i>Cyprinus</i> <i>rubrofuscus</i> Lacepède, 1803",EXACT,99,10,Animalia,Chordata,Cypriniformes,Cyprinidae,Cyprinus,Cyprinus rubrofuscus,1,44,1153,7336,2347697,2367196,FALSE,Cyprinus rubrofuscus,FALSE,NA,NA,NA,NA,NA,NA,NA,NA,NA,NA,NA,NA,Cyprinus rubrofuscus,Fish
2372469,"Cyrtocara moorii Boulenger, 1902",Cyrtocara moorii,"Boulenger, 1902",SPECIES,ZOOLOGICAL,ACCEPTED,Cyrtocara,moorii,SCIENTIFIC,"<i>Cyrtocara</i> <i>moorii</i> Boulenger, 1902",EXACT,99,14,Animalia,Chordata,Perciformes,Cichlidae,Cyrtocara,Cyrtocara moorii,1,44,587,8522,2372468,2372469,FALSE,Cyrtocara moorii,FALSE,NA,NA,NA,NA,NA,NA,NA,NA,NA,NA,NA,NA,Cyrtocara moorii,Fish
5203120,"Dallia pectoralis Bean, 1880",Dallia pectoralis,"Bean, 1880",SPECIES,ZOOLOGICAL,ACCEPTED,Dallia,pectoralis,SCIENTIFIC,"<i>Dallia</i> <i>pectoralis</i> Bean, 1880",EXACT,99,10,Animalia,Chordata,Esociformes,Umbridae,Dallia,Dallia pectoralis,1,44,548,7663,2346617,5203120,FALSE,Dallia pectoralis,FALSE,NA,NA,NA,NA,NA,NA,NA,NA,NA,NA,NA,NA,Dallia pectoralis,Fish
2362695,"Danio albolineatus (Blyth, 1860)",Danio albolineatus,"(Blyth, 1860)",SPECIES,ZOOLOGICAL,ACCEPTED,Danio,albolineatus,SCIENTIFIC,"<i>Danio</i> <i>albolineatus</i> (Blyth, 1860)",EXACT,99,8,Animalia,Chordata,Cypriniformes,Cyprinidae,Danio,Danio albolineatus,1,44,1153,7336,2362675,2362695,FALSE,Danio albolineatus,FALSE,NA,NA,NA,NA,NA,NA,NA,NA,NA,NA,NA,NA,Danio albolineatus,Fish
2362690,"Danio kerri Smith, 1931",Danio kerri,"Smith, 1931",SPECIES,ZOOLOGICAL,ACCEPTED,Danio,kerri,SCIENTIFIC,"<i>Danio</i> <i>kerri</i> Smith, 1931",EXACT,99,2,Animalia,Chordata,Cypriniformes,Cyprinidae,Danio,Danio kerri,1,44,1153,7336,2362675,2362690,FALSE,Danio kerri,FALSE,NA,NA,NA,NA,NA,NA,NA,NA,NA,NA,NA,NA,Danio kerri,Fish
9797255,"Danio rerio (Hamilton, 1822)",Danio rerio,"(Hamilton, 1822)",SPECIES,ZOOLOGICAL,ACCEPTED,Danio,rerio,SCIENTIFIC,"<i>Danio</i> <i>rerio</i> (Hamilton, 1822)",EXACT,97,2,Animalia,Chordata,Cypriniformes,Cyprinidae,Danio,Danio rerio,1,44,1153,7336,2362675,9797255,FALSE,Danio rerio,FALSE,NA,NA,NA,NA,NA,NA,NA,NA,NA,NA,NA,NA,Danio rerio,Fish
5210838,"Datnioides microlepis Bleeker, 1854",Datnioides microlepis,"Bleeker, 1854",SPECIES,ZOOLOGICAL,ACCEPTED,Datnioides,microlepis,SCIENTIFIC,"<i>Datnioides</i> <i>microlepis</i> Bleeker, 1854",EXACT,99,13,Animalia,Chordata,Perciformes,Datnioididae,Datnioides,Datnioides microlepis,1,44,587,4265,5210835,5210838,FALSE,Datnioides microlepis,FALSE,NA,NA,NA,NA,NA,NA,NA,NA,NA,NA,NA,NA,Datnioides microlepis,Fish
7741827,"Dawkinsia filamentosa (Valenciennes, 1844)",Dawkinsia filamentosa,"(Valenciennes, 1844)",SPECIES,ZOOLOGICAL,ACCEPTED,Dawkinsia,filamentosa,SCIENTIFIC,"<i>Dawkinsia</i> <i>filamentosa</i> (Valenciennes, 1844)",EXACT,99,11,Animalia,Chordata,Cypriniformes,Cyprinidae,Dawkinsia,Dawkinsia filamentosa,1,44,1153,7336,7815939,7741827,FALSE,Dawkinsia filamentosa,FALSE,NA,NA,NA,NA,NA,NA,NA,NA,NA,NA,NA,NA,Dawkinsia filamentosa,Fish
2413676,"Denticeps clupeoides Clausen, 1959",Denticeps clupeoides,"Clausen, 1959",SPECIES,ZOOLOGICAL,ACCEPTED,Denticeps,clupeoides,SCIENTIFIC,"<i>Denticeps</i> <i>clupeoides</i> Clausen, 1959",EXACT,99,11,Animalia,Chordata,Clupeiformes,Denticipitidae,Denticeps,Denticeps clupeoides,1,44,538,7333,2413675,2413676,FALSE,Denticeps clupeoides,FALSE,NA,NA,NA,NA,NA,NA,NA,NA,NA,NA,NA,NA,Denticeps clupeoides,Fish
2368988,"Dermogenys pusilla Kuhl & van Hasselt, 1823",Dermogenys pusilla,"Kuhl & van Hasselt, 1823",SPECIES,ZOOLOGICAL,ACCEPTED,Dermogenys,pusilla,SCIENTIFIC,"<i>Dermogenys</i> <i>pusilla</i> Kuhl & van Hasselt, 1823",EXACT,99,11,Animalia,Chordata,Beloniformes,Zenarchopteridae,Dermogenys,Dermogenys pusilla,1,44,498,7193256,2368984,2368988,FALSE,Dermogenys pusilla,FALSE,NA,NA,NA,NA,NA,NA,NA,NA,NA,NA,NA,NA,Dermogenys pusilla,Fish
2361515,"Devario aequipinnatus (McClelland, 1839)",Devario aequipinnatus,"(McClelland, 1839)",SPECIES,ZOOLOGICAL,ACCEPTED,Devario,aequipinnatus,SCIENTIFIC,"<i>Devario</i> <i>aequipinnatus</i> (McClelland, 1839)",EXACT,99,11,Animalia,Chordata,Cypriniformes,Cyprinidae,Devario,Devario aequipinnatus,1,44,1153,7336,2361480,2361515,FALSE,Devario aequipinnatus,FALSE,NA,NA,NA,NA,NA,NA,NA,NA,NA,NA,NA,NA,Devario aequipinnatus,Fish
2361527,"Devario malabaricus (Jerdon, 1849)",Devario malabaricus,"(Jerdon, 1849)",SPECIES,ZOOLOGICAL,ACCEPTED,Devario,malabaricus,SCIENTIFIC,"<i>Devario</i> <i>malabaricus</i> (Jerdon, 1849)",EXACT,99,9,Animalia,Chordata,Cypriniformes,Cyprinidae,Devario,Devario malabaricus,1,44,1153,7336,2361480,2361527,FALSE,Devario malabaricus,FALSE,NA,NA,NA,NA,NA,NA,NA,NA,NA,NA,NA,NA,Devario malabaricus,Fish
2394622,"Dicentrarchus labrax (Linnaeus, 1758)",Dicentrarchus labrax,"(Linnaeus, 1758)",SPECIES,ZOOLOGICAL,ACCEPTED,Dicentrarchus,labrax,SCIENTIFIC,"<i>Dicentrarchus</i> <i>labrax</i> (Linnaeus, 1758)",EXACT,99,12,Animalia,Chordata,Perciformes,Moronidae,Dicentrarchus,Dicentrarchus labrax,1,44,587,8545,2394621,2394622,FALSE,Dicentrarchus labrax,FALSE,NA,NA,NA,NA,NA,NA,NA,NA,NA,NA,NA,NA,Dicentrarchus labrax,Fish
9491873,"Dichotomyctere fluviatilis (Hamilton, 1822)",Dichotomyctere fluviatilis,"(Hamilton, 1822)",SPECIES,ZOOLOGICAL,ACCEPTED,Dichotomyctere,fluviatilis,SCIENTIFIC,"<i>Dichotomyctere</i> <i>fluviatilis</i> (Hamilton, 1822)",EXACT,99,15,Animalia,Chordata,Tetraodontiformes,Tetraodontidae,Dichotomyctere,Dichotomyctere fluviatilis,1,44,772,2219,4837382,9491873,FALSE,Dichotomyctere fluviatilis,FALSE,NA,NA,NA,NA,NA,NA,NA,NA,NA,NA,NA,NA,Dichotomyctere fluviatilis,Fish
9285041,"Dichotomyctere nigroviridis (Marion de Procé, 1822)",Dichotomyctere nigroviridis,"(Marion de Procé, 1822)",SPECIES,ZOOLOGICAL,ACCEPTED,Dichotomyctere,nigroviridis,SCIENTIFIC,"<i>Dichotomyctere</i> <i>nigroviridis</i> (Marion de Procé, 1822)",EXACT,99,16,Animalia,Chordata,Tetraodontiformes,Tetraodontidae,Dichotomyctere,Dichotomyctere nigroviridis,1,44,772,2219,4837382,9285041,FALSE,Dichotomyctere nigroviridis,FALSE,NA,NA,NA,NA,NA,NA,NA,NA,NA,NA,NA,NA,Dichotomyctere nigroviridis,Fish
4315704,"Dikerogammarus bispinosus Martynov, 1925",Dikerogammarus bispinosus,"Martynov, 1925",SPECIES,ZOOLOGICAL,ACCEPTED,Dikerogammarus,bispinosus,SCIENTIFIC,"<i>Dikerogammarus</i> <i>bispinosus</i> Martynov, 1925",EXACT,99,14,Animalia,Arthropoda,Amphipoda,Gammaridae,Dikerogammarus,Dikerogammarus bispinosus,1,54,1231,4434,4315702,4315704,FALSE,Dikerogammarus bispinosus,FALSE,Malacostraca,229,NA,NA,NA,NA,NA,NA,NA,NA,NA,NA,Dikerogammarus bispinosus,Crayfish/crab (Malacostraca)
4315703,"Dikerogammarus haemobaphes (Eichwald, 1841)",Dikerogammarus haemobaphes,"(Eichwald, 1841)",SPECIES,ZOOLOGICAL,ACCEPTED,Dikerogammarus,haemobaphes,SCIENTIFIC,"<i>Dikerogammarus</i> <i>haemobaphes</i> (Eichwald, 1841)",EXACT,99,15,Animalia,Arthropoda,Amphipoda,Gammaridae,Dikerogammarus,Dikerogammarus haemobaphes,1,54,1231,4434,4315702,4315703,FALSE,Dikerogammarus haemobaphes,FALSE,Malacostraca,229,NA,NA,NA,NA,NA,NA,NA,NA,NA,NA,Dikerogammarus haemobaphes,Crayfish/crab (Malacostraca)
4315705,"Dikerogammarus villosus (Sowinsky, 1894)",Dikerogammarus villosus,"(Sowinsky, 1894)",SPECIES,ZOOLOGICAL,ACCEPTED,Dikerogammarus,villosus,SCIENTIFIC,"<i>Dikerogammarus</i> <i>villosus</i> (Sowinsky, 1894)",EXACT,99,11,Animalia,Arthropoda,Amphipoda,Gammaridae,Dikerogammarus,Dikerogammarus villosus,1,54,1231,4434,4315702,4315705,FALSE,Dikerogammarus villosus,FALSE,Malacostraca,229,NA,NA,NA,NA,NA,NA,NA,NA,NA,NA,Dikerogammarus villosus,Crayfish/crab (Malacostraca)
2369877,"Dimidiochromis compressiceps (Boulenger, 1908)",Dimidiochromis compressiceps,"(Boulenger, 1908)",SPECIES,ZOOLOGICAL,ACCEPTED,Dimidiochromis,compressiceps,SCIENTIFIC,"<i>Dimidiochromis</i> <i>compressiceps</i> (Boulenger, 1908)",EXACT,99,13,Animalia,Chordata,Perciformes,Cichlidae,Dimidiochromis,Dimidiochromis compressiceps,1,44,587,8522,2369862,2369877,FALSE,Dimidiochromis compressiceps,FALSE,NA,NA,NA,NA,NA,NA,NA,NA,NA,NA,NA,NA,Dimidiochromis compressiceps,Fish
2718582,Diplacrum caricinum R.Br.,Diplacrum caricinum,R.Br.,SPECIES,NA,ACCEPTED,Diplacrum,caricinum,SCIENTIFIC,<i>Diplacrum</i> <i>caricinum</i> R.Br.,EXACT,99,9,Plantae,Tracheophyta,Poales,Cyperaceae,Diplacrum,Diplacrum caricinum,6,7707728,1369,7708,2718561,2718582,FALSE,Diplacrum caricinum,FALSE,Liliopsida,196,NA,NA,NA,NA,NA,NA,NA,NA,NA,NA,Diplacrum caricinum,Plant (strict freshwater habitat tag only)
2413541,"Dorosoma cepedianum (Lesueur, 1818)",Dorosoma cepedianum,"(Lesueur, 1818)",SPECIES,ZOOLOGICAL,ACCEPTED,Dorosoma,cepedianum,SCIENTIFIC,"<i>Dorosoma</i> <i>cepedianum</i> (Lesueur, 1818)",EXACT,99,8,Animalia,Chordata,Clupeiformes,Clupeidae,Dorosoma,Dorosoma cepedianum,1,44,538,7332,2413540,2413541,FALSE,Dorosoma cepedianum,FALSE,NA,NA,NA,NA,NA,NA,NA,NA,NA,NA,NA,NA,Dorosoma cepedianum,Fish
2413553,"Dorosoma petenense (Günther, 1867)",Dorosoma petenense,"(Günther, 1867)",SPECIES,ZOOLOGICAL,ACCEPTED,Dorosoma,petenense,SCIENTIFIC,"<i>Dorosoma</i> <i>petenense</i> (Günther, 1867)",EXACT,99,11,Animalia,Chordata,Clupeiformes,Clupeidae,Dorosoma,Dorosoma petenense,1,44,538,7332,2413540,2413553,FALSE,Dorosoma petenense,FALSE,NA,NA,NA,NA,NA,NA,NA,NA,NA,NA,NA,NA,Dorosoma petenense,Fish
2287073,"Dreissena bugensis (Andrusov, 1897)",Dreissena bugensis,"(Andrusov, 1897)",SPECIES,ZOOLOGICAL,ACCEPTED,Dreissena,bugensis,SCIENTIFIC,"<i>Dreissena</i> <i>bugensis</i> (Andrusov, 1897)",EXACT,99,9,Animalia,Mollusca,Myida,Dreissenidae,Dreissena,Dreissena bugensis,1,52,9241244,6852,2287071,2287073,FALSE,Dreissena bugensis,FALSE,Bivalvia,137,NA,NA,NA,NA,NA,NA,NA,NA,NA,NA,Dreissena bugensis,Bivalve
2287072,"Dreissena polymorpha (Pallas, 1771)",Dreissena polymorpha,"(Pallas, 1771)",SPECIES,ZOOLOGICAL,ACCEPTED,Dreissena,polymorpha,SCIENTIFIC,"<i>Dreissena</i> <i>polymorpha</i> (Pallas, 1771)",EXACT,99,12,Animalia,Mollusca,Myida,Dreissenidae,Dreissena,Dreissena polymorpha,1,52,9241244,6852,2287071,2287072,FALSE,Dreissena polymorpha,FALSE,Bivalvia,137,NA,NA,NA,NA,NA,NA,NA,NA,NA,NA,Dreissena polymorpha,Bivalve
5855855,"Dreissena polymorpha polymorpha (Pallas, 1771)",Dreissena polymorpha polymorpha,"(Pallas, 1771)",SUBSPECIES,NA,ACCEPTED,Dreissena,polymorpha,SCIENTIFIC,"<i>Dreissena</i> <i>polymorpha</i> <i>polymorpha</i> (Pallas, 1771)",EXACT,97,15,Animalia,Mollusca,Myida,Dreissenidae,Dreissena,Dreissena polymorpha,1,52,9241244,6852,2287071,2287072,FALSE,Dreissena polymorpha polymorpha,FALSE,Bivalvia,137,2 synonym homonyms,polymorpha,Dreissena polymorpha polymorpha,5855855,NA,NA,NA,NA,NA,NA,Dreissena polymorpha polymorpha,Bivalve
4371623,"Dreissena rostriformis (Deshayes, 1838)",Dreissena rostriformis,"(Deshayes, 1838)",SPECIES,ZOOLOGICAL,ACCEPTED,Dreissena,rostriformis,SCIENTIFIC,"<i>Dreissena</i> <i>rostriformis</i> (Deshayes, 1838)",EXACT,99,11,Animalia,Mollusca,Myida,Dreissenidae,Dreissena,Dreissena rostriformis,1,52,9241244,6852,2287071,4371623,FALSE,Dreissena rostriformis,FALSE,Bivalvia,137,NA,NA,NA,NA,NA,NA,NA,NA,NA,NA,Dreissena rostriformis,Bivalve
2290950,"Drepanotrema cimex (Moricand, 1838)",Drepanotrema cimex,"(Moricand, 1838)",SPECIES,ZOOLOGICAL,ACCEPTED,Drepanotrema,cimex,SCIENTIFIC,"<i>Drepanotrema</i> <i>cimex</i> (Moricand, 1838)",EXACT,99,10,Animalia,Mollusca,NA,Planorbidae,Drepanotrema,Drepanotrema cimex,1,52,NA,2851,2290949,2290950,FALSE,Drepanotrema cimex,FALSE,Gastropoda,225,NA,NA,NA,NA,NA,NA,NA,NA,NA,NA,Drepanotrema cimex,Gastropod
2290952,"Drepanotrema kermatoides (d'Orbigny, 1835)",Drepanotrema kermatoides,"(d'Orbigny, 1835)",SPECIES,ZOOLOGICAL,ACCEPTED,Drepanotrema,kermatoides,SCIENTIFIC,"<i>Drepanotrema</i> <i>kermatoides</i> (d'Orbigny, 1835)",EXACT,99,14,Animalia,Mollusca,NA,Planorbidae,Drepanotrema,Drepanotrema kermatoides,1,52,NA,2851,2290949,2290952,FALSE,Drepanotrema kermatoides,FALSE,Gastropoda,225,NA,NA,NA,NA,NA,NA,NA,NA,NA,NA,Drepanotrema kermatoides,Gastropod
4315760,"Echinogammarus berilloni (Catta, 1878)",Echinogammarus berilloni,"(Catta, 1878)",SPECIES,ZOOLOGICAL,ACCEPTED,Echinogammarus,berilloni,SCIENTIFIC,"<i>Echinogammarus</i> <i>berilloni</i> (Catta, 1878)",EXACT,99,14,Animalia,Arthropoda,Amphipoda,Gammaridae,Echinogammarus,Echinogammarus berilloni,1,54,1231,4434,2219875,4315760,FALSE,Echinogammarus berilloni,FALSE,Malacostraca,229,NA,NA,NA,NA,NA,NA,NA,NA,NA,NA,Echinogammarus berilloni,Crayfish/crab (Malacostraca)
2401958,"Electrophorus electricus (Linnaeus, 1766)",Electrophorus electricus,"(Linnaeus, 1766)",SPECIES,ZOOLOGICAL,ACCEPTED,Electrophorus,electricus,SCIENTIFIC,"<i>Electrophorus</i> <i>electricus</i> (Linnaeus, 1766)",EXACT,99,10,Animalia,Chordata,Gymnotiformes,Gymnotidae,Electrophorus,Electrophorus electricus,1,44,1165,3712,2401957,2401958,FALSE,Electrophorus electricus,FALSE,NA,NA,NA,NA,NA,NA,NA,NA,NA,NA,NA,NA,Electrophorus electricus,Fish
2386104,"Eleotris melanosoma Bleeker, 1853",Eleotris melanosoma,"Bleeker, 1853",SPECIES,ZOOLOGICAL,ACCEPTED,Eleotris,melanosoma,SCIENTIFIC,"<i>Eleotris</i> <i>melanosoma</i> Bleeker, 1853",EXACT,99,10,Animalia,Chordata,Perciformes,Eleotridae,Eleotris,Eleotris melanosoma,1,44,587,4268,2377498,2386104,FALSE,Eleotris melanosoma,FALSE,NA,NA,NA,NA,NA,NA,NA,NA,NA,NA,NA,NA,Eleotris melanosoma,Fish
2386147,"Eleotris oxycephala Temminck & Schlegel, 1845",Eleotris oxycephala,"Temminck & Schlegel, 1845",SPECIES,ZOOLOGICAL,ACCEPTED,Eleotris,oxycephala,SCIENTIFIC,"<i>Eleotris</i> <i>oxycephala</i> Temminck & Schlegel, 1845",EXACT,99,11,Animalia,Chordata,Perciformes,Eleotridae,Eleotris,Eleotris oxycephala,1,44,587,4268,2377498,2386147,FALSE,Eleotris oxycephala,FALSE,NA,NA,NA,NA,NA,NA,NA,NA,NA,NA,NA,NA,Eleotris oxycephala,Fish
5329198,Elodea callitrichoides (Rich.) Casp.,Elodea callitrichoides,(Rich.) Casp.,SPECIES,BOTANICAL,ACCEPTED,Elodea,callitrichoides,SCIENTIFIC,<i>Elodea</i> <i>callitrichoides</i> (Rich.) Casp.,EXACT,99,13,Plantae,Tracheophyta,Alismatales,Hydrocharitaceae,Elodea,Elodea callitrichoides,6,7707728,551,3721,7454696,5329198,FALSE,Elodea callitrichoides,FALSE,Liliopsida,196,NA,NA,NA,NA,NA,NA,NA,NA,NA,NA,Elodea callitrichoides,Plant (strict freshwater habitat tag only)
5329263,Elodea densa (Planch.) Casp.,Elodea densa,(Planch.) Casp.,SPECIES,BOTANICAL,ACCEPTED,Elodea,densa,SCIENTIFIC,<i>Elodea</i> <i>densa</i> (Planch.) Casp.,EXACT,99,7,Plantae,Tracheophyta,Alismatales,Hydrocharitaceae,Elodea,Elodea densa,6,7707728,551,3721,7454696,5329263,FALSE,Elodea densa,FALSE,Liliopsida,196,NA,NA,NA,NA,NA,NA,NA,NA,NA,NA,Elodea densa,Plant (strict freshwater habitat tag only)
5329255,Elodea najas (Planch.) Casp.,Elodea najas,(Planch.) Casp.,SPECIES,BOTANICAL,ACCEPTED,Elodea,najas,SCIENTIFIC,<i>Elodea</i> <i>najas</i> (Planch.) Casp.,EXACT,99,3,Plantae,Tracheophyta,Alismatales,Hydrocharitaceae,Elodea,Elodea najas,6,7707728,551,3721,7454696,5329255,FALSE,Elodea najas,FALSE,Liliopsida,196,NA,NA,NA,NA,NA,NA,NA,NA,NA,NA,Elodea najas,Plant (strict freshwater habitat tag only)
5329212,Elodea nuttallii (Planch.) H.St.John,Elodea nuttallii,(Planch.) H.St.John,SPECIES,BOTANICAL,ACCEPTED,Elodea,nuttallii,SCIENTIFIC,<i>Elodea</i> <i>nuttallii</i> (Planch.) H.St.John,EXACT,99,7,Plantae,Tracheophyta,Alismatales,Hydrocharitaceae,Elodea,Elodea nuttallii,6,7707728,551,3721,7454696,5329212,FALSE,Elodea nuttallii,FALSE,Liliopsida,196,NA,NA,NA,NA,NA,NA,NA,NA,NA,NA,Elodea nuttallii,Plant (strict freshwater habitat tag only)
8937497,"Emmericia patula (Brumati, 1838)",Emmericia patula,"(Brumati, 1838)",SPECIES,ZOOLOGICAL,ACCEPTED,Emmericia,patula,SCIENTIFIC,"<i>Emmericia</i> <i>patula</i> (Brumati, 1838)",EXACT,99,11,Animalia,Mollusca,Littorinimorpha,Emmericiidae,Emmericia,Emmericia patula,1,52,7390893,4561336,4405339,8937497,FALSE,"Emmericia patula Esu, Girotti & Pisegna Cerone, 2016",FALSE,Gastropoda,225,NA,NA,NA,NA,NA,NA,NA,NA,NA,NA,"Emmericia patula Esu, Girotti & Pisegna Cerone, 2016",Gastropod
4284453,"Empetrichthys latos Miller, 1948",Empetrichthys latos,"Miller, 1948",SPECIES,ZOOLOGICAL,ACCEPTED,Empetrichthys,latos,SCIENTIFIC,"<i>Empetrichthys</i> <i>latos</i> Miller, 1948",EXACT,99,10,Animalia,Chordata,Cyprinodontiformes,Goodeidae,Empetrichthys,Empetrichthys latos,1,44,547,7657,2347667,4284453,FALSE,Empetrichthys latos,FALSE,NA,NA,NA,NA,NA,NA,NA,NA,NA,NA,NA,NA,Empetrichthys latos,Fish
7193294,"Empetrichthys latos latos Miller, 1948",Empetrichthys latos latos,"Miller, 1948",SUBSPECIES,NA,SYNONYM,Empetrichthys,latos,SCIENTIFIC,"<i>Empetrichthys</i> <i>latos</i> <i>latos</i> Miller, 1948",EXACT,98,13,Animalia,Chordata,Cyprinodontiformes,Goodeidae,Empetrichthys,Empetrichthys latos,1,44,547,7657,2347667,4284453,TRUE,Empetrichthys latos latos,FALSE,NA,NA,NA,latos,NA,NA,NA,NA,4284453,"Empetrichthys latos Miller, 1948",NA,NA,Empetrichthys latos latos,Fish
2394551,"Enneacanthus gloriosus (Holbrook, 1855)",Enneacanthus gloriosus,"(Holbrook, 1855)",SPECIES,ZOOLOGICAL,ACCEPTED,Enneacanthus,gloriosus,SCIENTIFIC,"<i>Enneacanthus</i> <i>gloriosus</i> (Holbrook, 1855)",EXACT,99,12,Animalia,Chordata,Perciformes,Centrarchidae,Enneacanthus,Enneacanthus gloriosus,1,44,587,8513,2394546,2394551,FALSE,Enneacanthus gloriosus,FALSE,NA,NA,NA,NA,NA,NA,NA,NA,NA,NA,NA,NA,Enneacanthus gloriosus,Fish
9577564,"Enteromius anoplus (Weber, 1897)",Enteromius anoplus,"(Weber, 1897)",SPECIES,ZOOLOGICAL,ACCEPTED,Enteromius,anoplus,SCIENTIFIC,"<i>Enteromius</i> <i>anoplus</i> (Weber, 1897)",EXACT,99,10,Animalia,Chordata,Cypriniformes,Cyprinidae,Enteromius,Enteromius anoplus,1,44,1153,7336,2363128,9577564,FALSE,Enteromius anoplus,FALSE,NA,NA,NA,NA,NA,NA,NA,NA,NA,NA,NA,NA,Enteromius anoplus,Fish
9264695,"Enteromius paludinosus (Peters, 1852)",Enteromius paludinosus,"(Peters, 1852)",SPECIES,ZOOLOGICAL,ACCEPTED,Enteromius,paludinosus,SCIENTIFIC,"<i>Enteromius</i> <i>paludinosus</i> (Peters, 1852)",EXACT,99,12,Animalia,Chordata,Cypriniformes,Cyprinidae,Enteromius,Enteromius paludinosus,1,44,1153,7336,2363128,9264695,FALSE,Enteromius paludinosus,FALSE,NA,NA,NA,NA,NA,NA,NA,NA,NA,NA,NA,NA,Enteromius paludinosus,Fish
2360397,"Epalzeorhynchos bicolor (Smith, 1931)",Epalzeorhynchos bicolor,"(Smith, 1931)",SPECIES,ZOOLOGICAL,ACCEPTED,Epalzeorhynchos,bicolor,SCIENTIFIC,"<i>Epalzeorhynchos</i> <i>bicolor</i> (Smith, 1931)",EXACT,99,14,Animalia,Chordata,Cypriniformes,Cyprinidae,Epalzeorhynchos,Epalzeorhynchos bicolor,1,44,1153,7336,2360396,2360397,FALSE,Epalzeorhynchos bicolor,FALSE,NA,NA,NA,NA,NA,NA,NA,NA,NA,NA,NA,NA,Epalzeorhynchos bicolor,Fish
2360401,"Epalzeorhynchos frenatus (Fowler, 1934)",Epalzeorhynchos frenatus,"(Fowler, 1934)",SPECIES,ZOOLOGICAL,ACCEPTED,Epalzeorhynchos,frenatus,SCIENTIFIC,"<i>Epalzeorhynchos</i> <i>frenatus</i> (Fowler, 1934)",EXACT,99,14,Animalia,Chordata,Cypriniformes,Cyprinidae,Epalzeorhynchos,Epalzeorhynchos frenatus,1,44,1153,7336,2360396,2360401,FALSE,Epalzeorhynchos frenatus,FALSE,NA,NA,NA,NA,NA,NA,NA,NA,NA,NA,NA,NA,Epalzeorhynchos frenatus,Fish
2360408,"Epalzeorhynchos kalopterus (Bleeker, 1850)",Epalzeorhynchos kalopterus,"(Bleeker, 1850)",SPECIES,ZOOLOGICAL,ACCEPTED,Epalzeorhynchos,kalopterus,SCIENTIFIC,"<i>Epalzeorhynchos</i> <i>kalopterus</i> (Bleeker, 1850)",EXACT,99,21,Animalia,Chordata,Cypriniformes,Cyprinidae,Epalzeorhynchos,Epalzeorhynchos kalopterus,1,44,1153,7336,2360396,2360408,FALSE,Epalzeorhynchos kalopterus,FALSE,NA,NA,NA,NA,NA,NA,NA,NA,NA,NA,NA,NA,Epalzeorhynchos kalopterus,Fish
2362069,"Eremichthys acros Hubbs & Miller, 1948",Eremichthys acros,"Hubbs & Miller, 1948",SPECIES,ZOOLOGICAL,ACCEPTED,Eremichthys,acros,SCIENTIFIC,"<i>Eremichthys</i> <i>acros</i> Hubbs & Miller, 1948",EXACT,99,10,Animalia,Chordata,Cypriniformes,Cyprinidae,Eremichthys,Eremichthys acros,1,44,1153,7336,2362068,2362069,FALSE,Eremichthys acros,FALSE,NA,NA,NA,NA,NA,NA,NA,NA,NA,NA,NA,NA,Eremichthys acros,Fish
5202895,"Eremophilus mutisii Humboldt, 1805",Eremophilus mutisii,"Humboldt, 1805",SPECIES,ZOOLOGICAL,ACCEPTED,Eremophilus,mutisii,SCIENTIFIC,"<i>Eremophilus</i> <i>mutisii</i> Humboldt, 1805",EXACT,99,9,Animalia,Chordata,Siluriformes,Trichomycteridae,Eremophilus,Eremophilus mutisii,1,44,708,9230,2343269,5202895,FALSE,Eremophilus mutisii,FALSE,NA,NA,NA,NA,NA,NA,NA,NA,NA,NA,NA,NA,Eremophilus mutisii,Fish
2358939,"Erimyzon sucetta (Lacepède, 1803)",Erimyzon sucetta,"(Lacepède, 1803)",SPECIES,ZOOLOGICAL,ACCEPTED,Erimyzon,sucetta,SCIENTIFIC,"<i>Erimyzon</i> <i>sucetta</i> (Lacepède, 1803)",EXACT,99,9,Animalia,Chordata,Cypriniformes,Catostomidae,Erimyzon,Erimyzon sucetta,1,44,1153,3384,2358936,2358939,FALSE,Erimyzon sucetta,FALSE,NA,NA,NA,NA,NA,NA,NA,NA,NA,NA,NA,NA,Erimyzon sucetta,Fish
5863366,"Eriocheir hepuensis Dai, 1991",Eriocheir hepuensis,"Dai, 1991",SPECIES,ZOOLOGICAL,ACCEPTED,Eriocheir,hepuensis,SCIENTIFIC,"<i>Eriocheir</i> <i>hepuensis</i> Dai, 1991",EXACT,99,11,Animalia,Arthropoda,Decapoda,Varunidae,Eriocheir,Eriocheir hepuensis,1,54,637,4567,2225775,5863366,FALSE,Eriocheir hepuensis,FALSE,Malacostraca,229,NA,NA,NA,NA,NA,NA,NA,NA,NA,NA,Eriocheir hepuensis,Crayfish/crab (Malacostraca)
2225776,"Eriocheir sinensis H.Milne Edwards, 1853",Eriocheir sinensis,"H.Milne Edwards, 1853",SPECIES,ZOOLOGICAL,ACCEPTED,Eriocheir,sinensis,SCIENTIFIC,"<i>Eriocheir</i> <i>sinensis</i> H.Milne Edwards, 1853",EXACT,99,9,Animalia,Arthropoda,Decapoda,Varunidae,Eriocheir,Eriocheir sinensis,1,54,637,4567,2225775,2225776,FALSE,Eriocheir sinensis,FALSE,Malacostraca,229,NA,NA,NA,NA,NA,NA,NA,NA,NA,NA,Eriocheir sinensis,Crayfish/crab (Malacostraca)
2352207,"Erythrinus erythrinus (Bloch & Schneider, 1801)",Erythrinus erythrinus,"(Bloch & Schneider, 1801)",SPECIES,ZOOLOGICAL,ACCEPTED,Erythrinus,erythrinus,SCIENTIFIC,"<i>Erythrinus</i> <i>erythrinus</i> (Bloch & Schneider, 1801)",EXACT,99,11,Animalia,Chordata,Characiformes,Erythrinidae,Erythrinus,Erythrinus erythrinus,1,44,537,7205,2352206,2352207,FALSE,Erythrinus erythrinus,FALSE,NA,NA,NA,NA,NA,NA,NA,NA,NA,NA,NA,NA,Erythrinus erythrinus,Fish
2364604,"Esomus metallicus Ahl, 1923",Esomus metallicus,"Ahl, 1923",SPECIES,ZOOLOGICAL,ACCEPTED,Esomus,metallicus,SCIENTIFIC,"<i>Esomus</i> <i>metallicus</i> Ahl, 1923",EXACT,99,9,Animalia,Chordata,Cypriniformes,Cyprinidae,Esomus,Esomus metallicus,1,44,1153,7336,2364569,2364604,FALSE,Esomus metallicus,FALSE,NA,NA,NA,NA,NA,NA,NA,NA,NA,NA,NA,NA,Esomus metallicus,Fish
4284046,"Esox americanus Gmelin, 1789",Esox americanus,"Gmelin, 1789",SPECIES,ZOOLOGICAL,ACCEPTED,Esox,americanus,SCIENTIFIC,"<i>Esox</i> <i>americanus</i> Gmelin, 1789",EXACT,99,5,Animalia,Chordata,Esociformes,Esocidae,Esox,Esox americanus,1,44,548,7662,2346628,4284046,FALSE,Esox americanus,FALSE,NA,NA,NA,NA,NA,NA,NA,NA,NA,NA,NA,NA,Esox americanus,Fish
6167920,"Esox americanus americanus Gmelin, 1789",Esox americanus americanus,"Gmelin, 1789",SUBSPECIES,NA,SYNONYM,Esox,americanus,SCIENTIFIC,"<i>Esox</i> <i>americanus</i> <i>americanus</i> Gmelin, 1789",EXACT,98,6,Animalia,Chordata,Esociformes,Esocidae,Esox,Esox americanus,1,44,548,7662,2346628,4284046,TRUE,Esox americanus americanus,FALSE,NA,NA,NA,americanus,NA,NA,NA,NA,4284046,"Esox americanus Gmelin, 1789",NA,NA,Esox americanus americanus,Fish
6167921,"Esox americanus vermiculatus Lesueur, 1846",Esox americanus vermiculatus,"Lesueur, 1846",SUBSPECIES,ZOOLOGICAL,SYNONYM,Esox,americanus,SCIENTIFIC,"<i>Esox</i> <i>americanus</i> <i>vermiculatus</i> Lesueur, 1846",EXACT,100,22,Animalia,Chordata,Esociformes,Esocidae,Esox,Esox americanus,1,44,548,7662,2346628,4284046,TRUE,"Esox americanus vermiculatus Lesueur, 1846",FALSE,NA,NA,NA,vermiculatus,NA,NA,NA,NA,4284046,"Esox americanus Gmelin, 1789",NA,NA,"Esox americanus vermiculatus Lesueur, 1846",Fish
6167926,"Esox cisalpinus Bianco & Delmastro, 2011",Esox cisalpinus,"Bianco & Delmastro, 2011",SPECIES,ZOOLOGICAL,ACCEPTED,Esox,cisalpinus,SCIENTIFIC,"<i>Esox</i> <i>cisalpinus</i> Bianco & Delmastro, 2011",EXACT,99,7,Animalia,Chordata,Esociformes,Esocidae,Esox,Esox cisalpinus,1,44,548,7662,2346628,6167926,FALSE,Esox cisalpinus,FALSE,NA,NA,NA,NA,NA,NA,NA,NA,NA,NA,NA,NA,Esox cisalpinus,Fish
2346633,"Esox lucius Linnaeus, 1758",Esox lucius,"Linnaeus, 1758",SPECIES,ZOOLOGICAL,ACCEPTED,Esox,lucius,SCIENTIFIC,"<i>Esox</i> <i>lucius</i> Linnaeus, 1758",EXACT,99,1,Animalia,Chordata,Esociformes,Esocidae,Esox,Esox lucius,1,44,548,7662,2346628,2346633,FALSE,Esox lucius,FALSE,NA,NA,NA,NA,NA,NA,NA,NA,NA,NA,NA,NA,Esox lucius,Fish
2346634,"Esox masquinongy Mitchill, 1824",Esox masquinongy,"Mitchill, 1824",SPECIES,ZOOLOGICAL,ACCEPTED,Esox,masquinongy,SCIENTIFIC,"<i>Esox</i> <i>masquinongy</i> Mitchill, 1824",EXACT,99,9,Animalia,Chordata,Esociformes,Esocidae,Esox,Esox masquinongy,1,44,548,7662,2346628,2346634,FALSE,Esox masquinongy,FALSE,NA,NA,NA,NA,NA,NA,NA,NA,NA,NA,NA,NA,Esox masquinongy,Fish
2346629,"Esox niger Lesueur, 1818",Esox niger,"Lesueur, 1818",SPECIES,ZOOLOGICAL,ACCEPTED,Esox,niger,SCIENTIFIC,"<i>Esox</i> <i>niger</i> Lesueur, 1818",EXACT,99,1,Animalia,Chordata,Esociformes,Esocidae,Esox,Esox niger,1,44,548,7662,2346628,2346629,FALSE,Esox niger,FALSE,NA,NA,NA,NA,NA,NA,NA,NA,NA,NA,NA,NA,Esox niger,Fish
2346630,"Esox reichertii Dybowski, 1869",Esox reichertii,"Dybowski, 1869",SPECIES,ZOOLOGICAL,ACCEPTED,Esox,reichertii,SCIENTIFIC,"<i>Esox</i> <i>reichertii</i> Dybowski, 1869",EXACT,99,7,Animalia,Chordata,Esociformes,Esocidae,Esox,Esox reichertii,1,44,548,7662,2346628,2346630,FALSE,Esox reichertii,FALSE,NA,NA,NA,NA,NA,NA,NA,NA,NA,NA,NA,NA,Esox reichertii,Fish
7484032,"Esperiana esperi (Férussac, 1823)",Esperiana esperi,"(Férussac, 1823)",SPECIES,ZOOLOGICAL,ACCEPTED,Esperiana,esperi,SCIENTIFIC,"<i>Esperiana</i> <i>esperi</i> (Férussac, 1823)",EXACT,99,4,Animalia,Mollusca,NA,Melanopsidae,Esperiana,Esperiana esperi,1,52,NA,2733,4608230,7484032,FALSE,Esperiana esperi,FALSE,Gastropoda,225,NA,NA,NA,NA,NA,NA,NA,NA,NA,NA,Esperiana esperi,Gastropod
2382397,"Etheostoma blennioides Rafinesque, 1819",Etheostoma blennioides,"Rafinesque, 1819",SPECIES,ZOOLOGICAL,ACCEPTED,Etheostoma,blennioides,SCIENTIFIC,"<i>Etheostoma</i> <i>blennioides</i> Rafinesque, 1819",EXACT,99,12,Animalia,Chordata,Perciformes,Percidae,Etheostoma,Etheostoma blennioides,1,44,587,4481,2382199,2382397,FALSE,Etheostoma blennioides,FALSE,NA,NA,NA,NA,NA,NA,NA,NA,NA,NA,NA,NA,Etheostoma blennioides,Fish
2382341,"Etheostoma caeruleum Storer, 1845",Etheostoma caeruleum,"Storer, 1845",SPECIES,ZOOLOGICAL,ACCEPTED,Etheostoma,caeruleum,SCIENTIFIC,"<i>Etheostoma</i> <i>caeruleum</i> Storer, 1845",EXACT,99,10,Animalia,Chordata,Perciformes,Percidae,Etheostoma,Etheostoma caeruleum,1,44,587,4481,2382199,2382341,FALSE,Etheostoma caeruleum,FALSE,NA,NA,NA,NA,NA,NA,NA,NA,NA,NA,NA,NA,Etheostoma caeruleum,Fish
2382268,"Etheostoma cragini Gilbert, 1885",Etheostoma cragini,"Gilbert, 1885",SPECIES,ZOOLOGICAL,ACCEPTED,Etheostoma,cragini,SCIENTIFIC,"<i>Etheostoma</i> <i>cragini</i> Gilbert, 1885",EXACT,99,9,Animalia,Chordata,Perciformes,Percidae,Etheostoma,Etheostoma cragini,1,44,587,4481,2382199,2382268,FALSE,Etheostoma cragini,FALSE,NA,NA,NA,NA,NA,NA,NA,NA,NA,NA,NA,NA,Etheostoma cragini,Fish
2382209,"Etheostoma edwini (Hubbs & Cannon, 1935)",Etheostoma edwini,"(Hubbs & Cannon, 1935)",SPECIES,ZOOLOGICAL,ACCEPTED,Etheostoma,edwini,SCIENTIFIC,"<i>Etheostoma</i> <i>edwini</i> (Hubbs & Cannon, 1935)",EXACT,99,9,Animalia,Chordata,Perciformes,Percidae,Etheostoma,Etheostoma edwini,1,44,587,4481,2382199,2382209,FALSE,Etheostoma edwini,FALSE,NA,NA,NA,NA,NA,NA,NA,NA,NA,NA,NA,NA,Etheostoma edwini,Fish
2382377,"Etheostoma exile (Girard, 1859)",Etheostoma exile,"(Girard, 1859)",SPECIES,ZOOLOGICAL,ACCEPTED,Etheostoma,exile,SCIENTIFIC,"<i>Etheostoma</i> <i>exile</i> (Girard, 1859)",EXACT,99,9,Animalia,Chordata,Perciformes,Percidae,Etheostoma,Etheostoma exile,1,44,587,4481,2382199,2382377,FALSE,Etheostoma exile,FALSE,NA,NA,NA,NA,NA,NA,NA,NA,NA,NA,NA,NA,Etheostoma exile,Fish
2382339,"Etheostoma fusiforme (Girard, 1854)",Etheostoma fusiforme,"(Girard, 1854)",SPECIES,ZOOLOGICAL,ACCEPTED,Etheostoma,fusiforme,SCIENTIFIC,"<i>Etheostoma</i> <i>fusiforme</i> (Girard, 1854)",EXACT,99,10,Animalia,Chordata,Perciformes,Percidae,Etheostoma,Etheostoma fusiforme,1,44,587,4481,2382199,2382339,FALSE,Etheostoma fusiforme,FALSE,NA,NA,NA,NA,NA,NA,NA,NA,NA,NA,NA,NA,Etheostoma fusiforme,Fish
2382319,"Etheostoma nigrum Rafinesque, 1820",Etheostoma nigrum,"Rafinesque, 1820",SPECIES,ZOOLOGICAL,ACCEPTED,Etheostoma,nigrum,SCIENTIFIC,"<i>Etheostoma</i> <i>nigrum</i> Rafinesque, 1820",EXACT,99,9,Animalia,Chordata,Perciformes,Percidae,Etheostoma,Etheostoma nigrum,1,44,587,4481,2382199,2382319,FALSE,Etheostoma nigrum,FALSE,NA,NA,NA,NA,NA,NA,NA,NA,NA,NA,NA,NA,Etheostoma nigrum,Fish
2382304,"Etheostoma nuchale Howell & Caldwell, 1965",Etheostoma nuchale,"Howell & Caldwell, 1965",SPECIES,ZOOLOGICAL,ACCEPTED,Etheostoma,nuchale,SCIENTIFIC,"<i>Etheostoma</i> <i>nuchale</i> Howell & Caldwell, 1965",EXACT,99,10,Animalia,Chordata,Perciformes,Percidae,Etheostoma,Etheostoma nuchale,1,44,587,4481,2382199,2382304,FALSE,Etheostoma nuchale,FALSE,NA,NA,NA,NA,NA,NA,NA,NA,NA,NA,NA,NA,Etheostoma nuchale,Fish
2382257,"Etheostoma olmstedi Storer, 1842",Etheostoma olmstedi,"Storer, 1842",SPECIES,ZOOLOGICAL,ACCEPTED,Etheostoma,olmstedi,SCIENTIFIC,"<i>Etheostoma</i> <i>olmstedi</i> Storer, 1842",EXACT,99,9,Animalia,Chordata,Perciformes,Percidae,Etheostoma,Etheostoma olmstedi,1,44,587,4481,2382199,2382257,FALSE,Etheostoma olmstedi,FALSE,NA,NA,NA,NA,NA,NA,NA,NA,NA,NA,NA,NA,Etheostoma olmstedi,Fish
2382231,"Etheostoma rufilineatum (Cope, 1870)",Etheostoma rufilineatum,"(Cope, 1870)",SPECIES,ZOOLOGICAL,ACCEPTED,Etheostoma,rufilineatum,SCIENTIFIC,"<i>Etheostoma</i> <i>rufilineatum</i> (Cope, 1870)",EXACT,99,12,Animalia,Chordata,Perciformes,Percidae,Etheostoma,Etheostoma rufilineatum,1,44,587,4481,2382199,2382231,FALSE,Etheostoma rufilineatum,FALSE,NA,NA,NA,NA,NA,NA,NA,NA,NA,NA,NA,NA,Etheostoma rufilineatum,Fish
2382351,"Etheostoma simoterum (Cope, 1868)",Etheostoma simoterum,"(Cope, 1868)",SPECIES,ZOOLOGICAL,ACCEPTED,Etheostoma,simoterum,SCIENTIFIC,"<i>Etheostoma</i> <i>simoterum</i> (Cope, 1868)",EXACT,99,11,Animalia,Chordata,Perciformes,Percidae,Etheostoma,Etheostoma simoterum,1,44,587,4481,2382199,2382351,FALSE,Etheostoma simoterum,FALSE,NA,NA,NA,NA,NA,NA,NA,NA,NA,NA,NA,NA,Etheostoma simoterum,Fish
2382365,"Etheostoma zonale (Cope, 1868)",Etheostoma zonale,"(Cope, 1868)",SPECIES,ZOOLOGICAL,ACCEPTED,Etheostoma,zonale,SCIENTIFIC,"<i>Etheostoma</i> <i>zonale</i> (Cope, 1868)",EXACT,99,10,Animalia,Chordata,Perciformes,Percidae,Etheostoma,Etheostoma zonale,1,44,587,4481,2382199,2382365,FALSE,Etheostoma zonale,FALSE,NA,NA,NA,NA,NA,NA,NA,NA,NA,NA,NA,NA,Etheostoma zonale,Fish
2372831,"Etroplus maculatus (Bloch, 1795)",Etroplus maculatus,"(Bloch, 1795)",SPECIES,ZOOLOGICAL,ACCEPTED,Etroplus,maculatus,SCIENTIFIC,"<i>Etroplus</i> <i>maculatus</i> (Bloch, 1795)",EXACT,99,9,Animalia,Chordata,Perciformes,Cichlidae,Etroplus,Etroplus maculatus,1,44,587,8522,2372829,2372831,FALSE,Etroplus maculatus,FALSE,NA,NA,NA,NA,NA,NA,NA,NA,NA,NA,NA,NA,Etroplus maculatus,Fish
7664805,"Euglesa casertana (Poli, 1791)",Euglesa casertana,"(Poli, 1791)",SPECIES,ZOOLOGICAL,ACCEPTED,Euglesa,casertana,SCIENTIFIC,"<i>Euglesa</i> <i>casertana</i> (Poli, 1791)",EXACT,99,9,Animalia,Mollusca,Sphaeriida,Sphaeriidae,Euglesa,Euglesa casertana,1,52,10495862,3247675,7641355,7664805,FALSE,Euglesa casertana,FALSE,Bivalvia,137,NA,NA,NA,NA,NA,NA,NA,NA,NA,NA,Euglesa casertana,Bivalve
9940792,"Euglesa compressa (Prime, 1852)",Euglesa compressa,"(Prime, 1852)",SPECIES,ZOOLOGICAL,ACCEPTED,Euglesa,compressa,SCIENTIFIC,"<i>Euglesa</i> <i>compressa</i> (Prime, 1852)",EXACT,99,9,Animalia,Mollusca,Sphaeriida,Sphaeriidae,Euglesa,Euglesa compressa,1,52,10495862,3247675,7641355,9940792,FALSE,Euglesa compressa,FALSE,Bivalvia,137,NA,NA,NA,NA,NA,NA,NA,NA,NA,NA,Euglesa compressa,Bivalve
7857878,"Euglesa henslowana (Sheppard, 1825)",Euglesa henslowana,"(Sheppard, 1825)",SPECIES,ZOOLOGICAL,ACCEPTED,Euglesa,henslowana,SCIENTIFIC,"<i>Euglesa</i> <i>henslowana</i> (Sheppard, 1825)",EXACT,99,10,Animalia,Mollusca,Sphaeriida,Sphaeriidae,Euglesa,Euglesa henslowana,1,52,10495862,3247675,7641355,7857878,FALSE,Euglesa henslowana,FALSE,Bivalvia,137,NA,NA,NA,NA,NA,NA,NA,NA,NA,NA,Euglesa henslowana,Bivalve
7403632,"Euglesa supina (A.Schmidt, 1850)",Euglesa supina,"(A.Schmidt, 1850)",SPECIES,ZOOLOGICAL,ACCEPTED,Euglesa,supina,SCIENTIFIC,"<i>Euglesa</i> <i>supina</i> (A.Schmidt, 1850)",EXACT,99,9,Animalia,Mollusca,Sphaeriida,Sphaeriidae,Euglesa,Euglesa supina,1,52,10495862,3247675,7641355,7403632,FALSE,Euglesa supina,FALSE,Bivalvia,137,NA,NA,NA,NA,NA,NA,NA,NA,NA,NA,Euglesa supina,Bivalve
2361984,"Exoglossum laurae (Hubbs, 1931)",Exoglossum laurae,"(Hubbs, 1931)",SPECIES,ZOOLOGICAL,ACCEPTED,Exoglossum,laurae,SCIENTIFIC,"<i>Exoglossum</i> <i>laurae</i> (Hubbs, 1931)",EXACT,99,8,Animalia,Chordata,Cypriniformes,Cyprinidae,Exoglossum,Exoglossum laurae,1,44,1153,7336,2361983,2361984,FALSE,Exoglossum laurae,FALSE,NA,NA,NA,NA,NA,NA,NA,NA,NA,NA,NA,NA,Exoglossum laurae,Fish
2361987,"Exoglossum maxillingua (Lesueur, 1817)",Exoglossum maxillingua,"(Lesueur, 1817)",SPECIES,ZOOLOGICAL,ACCEPTED,Exoglossum,maxillingua,SCIENTIFIC,"<i>Exoglossum</i> <i>maxillingua</i> (Lesueur, 1817)",EXACT,99,11,Animalia,Chordata,Cypriniformes,Cyprinidae,Exoglossum,Exoglossum maxillingua,1,44,1153,7336,2361983,2361987,FALSE,Exoglossum maxillingua,FALSE,NA,NA,NA,NA,NA,NA,NA,NA,NA,NA,NA,NA,Exoglossum maxillingua,Fish
2340449,"Farlowella vittata Myers, 1942",Farlowella vittata,"Myers, 1942",SPECIES,ZOOLOGICAL,ACCEPTED,Farlowella,vittata,SCIENTIFIC,"<i>Farlowella</i> <i>vittata</i> Myers, 1942",EXACT,99,9,Animalia,Chordata,Siluriformes,Loricariidae,Farlowella,Farlowella vittata,1,44,708,5158,2340397,2340449,FALSE,Farlowella vittata,FALSE,NA,NA,NA,NA,NA,NA,NA,NA,NA,NA,NA,NA,Farlowella vittata,Fish
8930656,"Faxonius immunis (Hagen, 1870)",Faxonius immunis,"(Hagen, 1870)",SPECIES,ZOOLOGICAL,ACCEPTED,Faxonius,immunis,SCIENTIFIC,"<i>Faxonius</i> <i>immunis</i> (Hagen, 1870)",EXACT,99,8,Animalia,Arthropoda,Decapoda,Cambaridae,Faxonius,Faxonius immunis,1,54,637,4479,4646327,8930656,FALSE,Faxonius immunis,FALSE,Malacostraca,229,NA,NA,NA,NA,NA,NA,NA,NA,NA,NA,Faxonius immunis,Crayfish/crab (Malacostraca)
8721209,"Faxonius juvenilis (Hagen, 1870)",Faxonius juvenilis,"(Hagen, 1870)",SPECIES,ZOOLOGICAL,ACCEPTED,Faxonius,juvenilis,SCIENTIFIC,"<i>Faxonius</i> <i>juvenilis</i> (Hagen, 1870)",EXACT,99,9,Animalia,Arthropoda,Decapoda,Cambaridae,Faxonius,Faxonius juvenilis,1,54,637,4479,4646327,8721209,FALSE,Faxonius juvenilis,FALSE,Malacostraca,229,NA,NA,NA,NA,NA,NA,NA,NA,NA,NA,Faxonius juvenilis,Crayfish/crab (Malacostraca)
8909595,"Faxonius limosus (Rafinesque, 1817)",Faxonius limosus,"(Rafinesque, 1817)",SPECIES,ZOOLOGICAL,ACCEPTED,Faxonius,limosus,SCIENTIFIC,"<i>Faxonius</i> <i>limosus</i> (Rafinesque, 1817)",EXACT,99,9,Animalia,Arthropoda,Decapoda,Cambaridae,Faxonius,Faxonius limosus,1,54,637,4479,4646327,8909595,FALSE,Faxonius limosus,FALSE,Malacostraca,229,NA,NA,NA,NA,NA,NA,NA,NA,NA,NA,Faxonius limosus,Crayfish/crab (Malacostraca)
8819510,"Faxonius obscurus (Hagen, 1870)",Faxonius obscurus,"(Hagen, 1870)",SPECIES,ZOOLOGICAL,ACCEPTED,Faxonius,obscurus,SCIENTIFIC,"<i>Faxonius</i> <i>obscurus</i> (Hagen, 1870)",EXACT,99,9,Animalia,Arthropoda,Decapoda,Cambaridae,Faxonius,Faxonius obscurus,1,54,637,4479,4646327,8819510,FALSE,Faxonius obscurus,FALSE,Malacostraca,229,NA,NA,NA,NA,NA,NA,NA,NA,NA,NA,Faxonius obscurus,Crayfish/crab (Malacostraca)
8979506,"Faxonius rusticus (Girard, 1852)",Faxonius rusticus,"(Girard, 1852)",SPECIES,ZOOLOGICAL,ACCEPTED,Faxonius,rusticus,SCIENTIFIC,"<i>Faxonius</i> <i>rusticus</i> (Girard, 1852)",EXACT,99,9,Animalia,Arthropoda,Decapoda,Cambaridae,Faxonius,Faxonius rusticus,1,54,637,4479,4646327,8979506,FALSE,Faxonius rusticus,FALSE,Malacostraca,229,NA,NA,NA,NA,NA,NA,NA,NA,NA,NA,Faxonius rusticus,Crayfish/crab (Malacostraca)
8971201,"Faxonius virilis (Hagen, 1870)",Faxonius virilis,"(Hagen, 1870)",SPECIES,ZOOLOGICAL,ACCEPTED,Faxonius,virilis,SCIENTIFIC,"<i>Faxonius</i> <i>virilis</i> (Hagen, 1870)",EXACT,99,8,Animalia,Arthropoda,Decapoda,Cambaridae,Faxonius,Faxonius virilis,1,54,637,4479,4646327,8971201,FALSE,Faxonius virilis,FALSE,Malacostraca,229,NA,NA,NA,NA,NA,NA,NA,NA,NA,NA,Faxonius virilis,Crayfish/crab (Malacostraca)
9520065,"Ferrissia californica (Rowell, 1863)",Ferrissia californica,"(Rowell, 1863)",SPECIES,ZOOLOGICAL,ACCEPTED,Ferrissia,californica,SCIENTIFIC,"<i>Ferrissia</i> <i>californica</i> (Rowell, 1863)",EXACT,99,5,Animalia,Mollusca,NA,Planorbidae,Ferrissia,Ferrissia californica,1,52,NA,2851,2093879,9520065,FALSE,Ferrissia californica,FALSE,Gastropoda,225,NA,NA,NA,NA,NA,NA,NA,NA,NA,NA,Ferrissia californica,Gastropod
7711008,"Filopaludina martensi (Frauenfeld, 1864)",Filopaludina martensi,"(Frauenfeld, 1864)",SPECIES,ZOOLOGICAL,ACCEPTED,Filopaludina,martensi,SCIENTIFIC,"<i>Filopaludina</i> <i>martensi</i> (Frauenfeld, 1864)",EXACT,99,10,Animalia,Mollusca,Architaenioglossa,Viviparidae,Filopaludina,Filopaludina martensi,1,52,455,2855,4304901,7711008,FALSE,Filopaludina martensi,FALSE,Gastropoda,225,NA,NA,NA,NA,NA,NA,NA,NA,NA,NA,Filopaludina martensi,Gastropod
8294275,"Filopaludina sumatrensis (Dunker, 1852)",Filopaludina sumatrensis,"(Dunker, 1852)",SPECIES,ZOOLOGICAL,ACCEPTED,Filopaludina,sumatrensis,SCIENTIFIC,"<i>Filopaludina</i> <i>sumatrensis</i> (Dunker, 1852)",EXACT,99,12,Animalia,Mollusca,Architaenioglossa,Viviparidae,Filopaludina,Filopaludina sumatrensis,1,52,455,2855,4304901,8294275,FALSE,Filopaludina sumatrensis,FALSE,Gastropoda,225,NA,NA,NA,NA,NA,NA,NA,NA,NA,NA,Filopaludina sumatrensis,Gastropod
2401729,"Forbesichthys agassizii (Putnam, 1872)",Forbesichthys agassizii,"(Putnam, 1872)",SPECIES,ZOOLOGICAL,ACCEPTED,Forbesichthys,agassizii,SCIENTIFIC,"<i>Forbesichthys</i> <i>agassizii</i> (Putnam, 1872)",EXACT,99,10,Animalia,Chordata,Percopsiformes,Amblyopsidae,Forbesichthys,Forbesichthys agassizii,1,44,1310,5080,2401728,2401729,FALSE,Forbesichthys agassizii,FALSE,NA,NA,NA,NA,NA,NA,NA,NA,NA,NA,NA,NA,Forbesichthys agassizii,Fish
5203654,"Fundulus catenatus (Storer, 1846)",Fundulus catenatus,"(Storer, 1846)",SPECIES,ZOOLOGICAL,ACCEPTED,Fundulus,catenatus,SCIENTIFIC,"<i>Fundulus</i> <i>catenatus</i> (Storer, 1846)",EXACT,99,8,Animalia,Chordata,Cyprinodontiformes,Fundulidae,Fundulus,Fundulus catenatus,1,44,547,3695,2347676,5203654,FALSE,Fundulus catenatus,FALSE,NA,NA,NA,NA,NA,NA,NA,NA,NA,NA,NA,NA,Fundulus catenatus,Fish
5203617,"Fundulus chrysotus (Günther, 1866)",Fundulus chrysotus,"(Günther, 1866)",SPECIES,ZOOLOGICAL,ACCEPTED,Fundulus,chrysotus,SCIENTIFIC,"<i>Fundulus</i> <i>chrysotus</i> (Günther, 1866)",EXACT,99,9,Animalia,Chordata,Cyprinodontiformes,Fundulidae,Fundulus,Fundulus chrysotus,1,44,547,3695,2347676,5203617,FALSE,Fundulus chrysotus,FALSE,NA,NA,NA,NA,NA,NA,NA,NA,NA,NA,NA,NA,Fundulus chrysotus,Fish
5712054,"Fundulus diaphanus (Lesueur, 1817)",Fundulus diaphanus,"(Lesueur, 1817)",SPECIES,ZOOLOGICAL,ACCEPTED,Fundulus,diaphanus,SCIENTIFIC,"<i>Fundulus</i> <i>diaphanus</i> (Lesueur, 1817)",EXACT,99,8,Animalia,Chordata,Cyprinodontiformes,Fundulidae,Fundulus,Fundulus diaphanus,1,44,547,3695,2347676,5712054,FALSE,Fundulus diaphanus,FALSE,NA,NA,NA,NA,NA,NA,NA,NA,NA,NA,NA,NA,Fundulus diaphanus,Fish
7193435,"Fundulus diaphanus diaphanus (Lesueur, 1817)",Fundulus diaphanus diaphanus,"(Lesueur, 1817)",SUBSPECIES,NA,SYNONYM,Fundulus,diaphanus,SCIENTIFIC,"<i>Fundulus</i> <i>diaphanus</i> <i>diaphanus</i> (Lesueur, 1817)",EXACT,98,16,Animalia,Chordata,Cyprinodontiformes,Fundulidae,Fundulus,Fundulus diaphanus,1,44,547,3695,2347676,5712054,TRUE,Fundulus diaphanus diaphanus,FALSE,NA,NA,NA,diaphanus,NA,NA,NA,NA,5712054,"Fundulus diaphanus (Lesueur, 1817)",NA,NA,Fundulus diaphanus diaphanus,Fish
5712056,"Fundulus heteroclitus (Linnaeus, 1766)",Fundulus heteroclitus,"(Linnaeus, 1766)",SPECIES,ZOOLOGICAL,ACCEPTED,Fundulus,heteroclitus,SCIENTIFIC,"<i>Fundulus</i> <i>heteroclitus</i> (Linnaeus, 1766)",EXACT,99,10,Animalia,Chordata,Cyprinodontiformes,Fundulidae,Fundulus,Fundulus heteroclitus,1,44,547,3695,2347676,5712056,FALSE,Fundulus heteroclitus,FALSE,NA,NA,NA,NA,NA,NA,NA,NA,NA,NA,NA,NA,Fundulus heteroclitus,Fish
5203643,"Fundulus kansae Garman, 1895",Fundulus kansae,"Garman, 1895",SPECIES,ZOOLOGICAL,ACCEPTED,Fundulus,kansae,SCIENTIFIC,"<i>Fundulus</i> <i>kansae</i> Garman, 1895",EXACT,99,6,Animalia,Chordata,Cyprinodontiformes,Fundulidae,Fundulus,Fundulus kansae,1,44,547,3695,2347676,5203643,FALSE,Fundulus kansae,FALSE,NA,NA,NA,NA,NA,NA,NA,NA,NA,NA,NA,NA,Fundulus kansae,Fish
5203685,"Fundulus lineolatus (Agassiz, 1854)",Fundulus lineolatus,"(Agassiz, 1854)",SPECIES,ZOOLOGICAL,ACCEPTED,Fundulus,lineolatus,SCIENTIFIC,"<i>Fundulus</i> <i>lineolatus</i> (Agassiz, 1854)",EXACT,99,10,Animalia,Chordata,Cyprinodontiformes,Fundulidae,Fundulus,Fundulus lineolatus,1,44,547,3695,2347676,5203685,FALSE,Fundulus lineolatus,FALSE,NA,NA,NA,NA,NA,NA,NA,NA,NA,NA,NA,NA,Fundulus lineolatus,Fish
5203690,"Fundulus notatus (Rafinesque, 1820)",Fundulus notatus,"(Rafinesque, 1820)",SPECIES,ZOOLOGICAL,ACCEPTED,Fundulus,notatus,SCIENTIFIC,"<i>Fundulus</i> <i>notatus</i> (Rafinesque, 1820)",EXACT,99,10,Animalia,Chordata,Cyprinodontiformes,Fundulidae,Fundulus,Fundulus notatus,1,44,547,3695,2347676,5203690,FALSE,Fundulus notatus,FALSE,NA,NA,NA,NA,NA,NA,NA,NA,NA,NA,NA,NA,Fundulus notatus,Fish
5203693,"Fundulus sciadicus Cope, 1865",Fundulus sciadicus,"Cope, 1865",SPECIES,ZOOLOGICAL,ACCEPTED,Fundulus,sciadicus,SCIENTIFIC,"<i>Fundulus</i> <i>sciadicus</i> Cope, 1865",EXACT,99,8,Animalia,Chordata,Cyprinodontiformes,Fundulidae,Fundulus,Fundulus sciadicus,1,44,547,3695,2347676,5203693,FALSE,Fundulus sciadicus,FALSE,NA,NA,NA,NA,NA,NA,NA,NA,NA,NA,NA,NA,Fundulus sciadicus,Fish
5203702,"Fundulus seminolis Girard, 1859",Fundulus seminolis,"Girard, 1859",SPECIES,ZOOLOGICAL,ACCEPTED,Fundulus,seminolis,SCIENTIFIC,"<i>Fundulus</i> <i>seminolis</i> Girard, 1859",EXACT,99,8,Animalia,Chordata,Cyprinodontiformes,Fundulidae,Fundulus,Fundulus seminolis,1,44,547,3695,2347676,5203702,FALSE,Fundulus seminolis,FALSE,NA,NA,NA,NA,NA,NA,NA,NA,NA,NA,NA,NA,Fundulus seminolis,Fish
5203648,"Fundulus stellifer (Jordan, 1877)",Fundulus stellifer,"(Jordan, 1877)",SPECIES,ZOOLOGICAL,ACCEPTED,Fundulus,stellifer,SCIENTIFIC,"<i>Fundulus</i> <i>stellifer</i> (Jordan, 1877)",EXACT,99,9,Animalia,Chordata,Cyprinodontiformes,Fundulidae,Fundulus,Fundulus stellifer,1,44,547,3695,2347676,5203648,FALSE,Fundulus stellifer,FALSE,NA,NA,NA,NA,NA,NA,NA,NA,NA,NA,NA,NA,Fundulus stellifer,Fish
5203644,"Fundulus zebrinus Jordan & Gilbert, 1883",Fundulus zebrinus,"Jordan & Gilbert, 1883",SPECIES,ZOOLOGICAL,ACCEPTED,Fundulus,zebrinus,SCIENTIFIC,"<i>Fundulus</i> <i>zebrinus</i> Jordan & Gilbert, 1883",EXACT,99,8,Animalia,Chordata,Cyprinodontiformes,Fundulidae,Fundulus,Fundulus zebrinus,1,44,547,3695,2347676,5203644,FALSE,Fundulus zebrinus,FALSE,NA,NA,NA,NA,NA,NA,NA,NA,NA,NA,NA,NA,Fundulus zebrinus,Fish
7513308,"Galba bulimoides (I.Lea, 1841)",Galba bulimoides,"(I.Lea, 1841)",SPECIES,ZOOLOGICAL,ACCEPTED,Galba,bulimoides,SCIENTIFIC,"<i>Galba</i> <i>bulimoides</i> (I.Lea, 1841)",EXACT,98,10,Animalia,Mollusca,NA,Lymnaeidae,Galba,Galba bulimoides,1,52,NA,2852,2291335,7513308,FALSE,Galba bulimoides,FALSE,Gastropoda,225,NA,NA,NA,NA,NA,NA,NA,NA,NA,NA,Galba bulimoides,Gastropod
7675714,"Galba cubensis (L.Pfeiffer, 1839)",Galba cubensis,"(L.Pfeiffer, 1839)",SPECIES,ZOOLOGICAL,ACCEPTED,Galba,cubensis,SCIENTIFIC,"<i>Galba</i> <i>cubensis</i> (L.Pfeiffer, 1839)",EXACT,99,7,Animalia,Mollusca,NA,Lymnaeidae,Galba,Galba cubensis,1,52,NA,2852,2291335,7675714,FALSE,Galba cubensis,FALSE,Gastropoda,225,NA,NA,NA,NA,NA,NA,NA,NA,NA,NA,Galba cubensis,Gastropod
2291336,"Galba truncatula (O.F.Müller, 1774)",Galba truncatula,"(O.F.Müller, 1774)",SPECIES,ZOOLOGICAL,ACCEPTED,Galba,truncatula,SCIENTIFIC,"<i>Galba</i> <i>truncatula</i> (O.F.Müller, 1774)",EXACT,99,7,Animalia,Mollusca,NA,Lymnaeidae,Galba,Galba truncatula,1,52,NA,2852,2291335,2291336,FALSE,Galba truncatula,FALSE,Gastropoda,225,NA,NA,NA,NA,NA,NA,NA,NA,NA,NA,Galba truncatula,Gastropod
2350580,"Gambusia affinis (Baird & Girard, 1853)",Gambusia affinis,"(Baird & Girard, 1853)",SPECIES,ZOOLOGICAL,ACCEPTED,Gambusia,affinis,SCIENTIFIC,"<i>Gambusia</i> <i>affinis</i> (Baird & Girard, 1853)",EXACT,99,10,Animalia,Chordata,Cyprinodontiformes,Poeciliidae,Gambusia,Gambusia affinis,1,44,547,7659,2349552,2350580,FALSE,Gambusia affinis,FALSE,NA,NA,NA,NA,NA,NA,NA,NA,NA,NA,NA,NA,Gambusia affinis,Fish
2350614,"Gambusia geiseri Hubbs & Hubbs, 1957",Gambusia geiseri,"Hubbs & Hubbs, 1957",SPECIES,ZOOLOGICAL,ACCEPTED,Gambusia,geiseri,SCIENTIFIC,"<i>Gambusia</i> <i>geiseri</i> Hubbs & Hubbs, 1957",EXACT,99,9,Animalia,Chordata,Cyprinodontiformes,Poeciliidae,Gambusia,Gambusia geiseri,1,44,547,7659,2349552,2350614,FALSE,Gambusia geiseri,FALSE,NA,NA,NA,NA,NA,NA,NA,NA,NA,NA,NA,NA,Gambusia geiseri,Fish
2350570,"Gambusia holbrooki Girard, 1859",Gambusia holbrooki,"Girard, 1859",SPECIES,ZOOLOGICAL,ACCEPTED,Gambusia,holbrooki,SCIENTIFIC,"<i>Gambusia</i> <i>holbrooki</i> Girard, 1859",EXACT,99,10,Animalia,Chordata,Cyprinodontiformes,Poeciliidae,Gambusia,Gambusia holbrooki,1,44,547,7659,2349552,2350570,FALSE,Gambusia holbrooki,FALSE,NA,NA,NA,NA,NA,NA,NA,NA,NA,NA,NA,NA,Gambusia holbrooki,Fish
2350562,"Gambusia nobilis (Baird & Girard, 1853)",Gambusia nobilis,"(Baird & Girard, 1853)",SPECIES,ZOOLOGICAL,ACCEPTED,Gambusia,nobilis,SCIENTIFIC,"<i>Gambusia</i> <i>nobilis</i> (Baird & Girard, 1853)",EXACT,99,4,Animalia,Chordata,Cyprinodontiformes,Poeciliidae,Gambusia,Gambusia nobilis,1,44,547,7659,2349552,2350562,FALSE,Gambusia nobilis,FALSE,NA,NA,NA,NA,NA,NA,NA,NA,NA,NA,NA,NA,Gambusia nobilis,Fish
2219837,"Gammarus fasciatus Say, 1818",Gammarus fasciatus,"Say, 1818",SPECIES,ZOOLOGICAL,ACCEPTED,Gammarus,fasciatus,SCIENTIFIC,"<i>Gammarus</i> <i>fasciatus</i> Say, 1818",EXACT,99,9,Animalia,Arthropoda,Amphipoda,Gammaridae,Gammarus,Gammarus fasciatus,1,54,1231,4434,2218440,2219837,FALSE,Gammarus fasciatus,FALSE,Malacostraca,229,NA,NA,NA,NA,NA,NA,NA,NA,NA,NA,Gammarus fasciatus,Crayfish/crab (Malacostraca)
2219867,"Gammarus lacustris G.O.Sars, 1863",Gammarus lacustris,"G.O.Sars, 1863",SPECIES,ZOOLOGICAL,ACCEPTED,Gammarus,lacustris,SCIENTIFIC,"<i>Gammarus</i> <i>lacustris</i> G.O.Sars, 1863",EXACT,99,9,Animalia,Arthropoda,Amphipoda,Gammaridae,Gammarus,Gammarus lacustris,1,54,1231,4434,2218440,2219867,FALSE,Gammarus lacustris,FALSE,Malacostraca,229,NA,NA,NA,NA,NA,NA,NA,NA,NA,NA,Gammarus lacustris,Crayfish/crab (Malacostraca)
2219853,"Gammarus pulex (Linnaeus, 1758)",Gammarus pulex,"(Linnaeus, 1758)",SPECIES,ZOOLOGICAL,ACCEPTED,Gammarus,pulex,SCIENTIFIC,"<i>Gammarus</i> <i>pulex</i> (Linnaeus, 1758)",EXACT,99,9,Animalia,Arthropoda,Amphipoda,Gammaridae,Gammarus,Gammarus pulex,1,54,1231,4434,2218440,2219853,FALSE,Gammarus pulex,FALSE,Malacostraca,229,NA,NA,NA,NA,NA,NA,NA,NA,NA,NA,Gammarus pulex,Crayfish/crab (Malacostraca)
5864277,"Gammarus roeselii Gervais, 1835",Gammarus roeselii,"Gervais, 1835",SPECIES,ZOOLOGICAL,ACCEPTED,Gammarus,roeselii,SCIENTIFIC,"<i>Gammarus</i> <i>roeselii</i> Gervais, 1835",EXACT,99,7,Animalia,Arthropoda,Amphipoda,Gammaridae,Gammarus,Gammarus roeselii,1,54,1231,4434,2218440,5864277,FALSE,Gammarus roeselii,FALSE,Malacostraca,229,NA,NA,NA,NA,NA,NA,NA,NA,NA,NA,Gammarus roeselii,Crayfish/crab (Malacostraca)
4416986,"Gammarus varsoviensis Jazdzewski, 1975",Gammarus varsoviensis,"Jazdzewski, 1975",SPECIES,ZOOLOGICAL,ACCEPTED,Gammarus,varsoviensis,SCIENTIFIC,"<i>Gammarus</i> <i>varsoviensis</i> Jazdzewski, 1975",EXACT,99,9,Animalia,Arthropoda,Amphipoda,Gammaridae,Gammarus,Gammarus varsoviensis,1,54,1231,4434,2218440,4416986,FALSE,Gammarus varsoviensis,FALSE,Malacostraca,229,NA,NA,NA,NA,NA,NA,NA,NA,NA,NA,Gammarus varsoviensis,Crayfish/crab (Malacostraca)
4286327,"Gasterosteus aculeatus Linnaeus, 1758",Gasterosteus aculeatus,"Linnaeus, 1758",SPECIES,ZOOLOGICAL,ACCEPTED,Gasterosteus,aculeatus,SCIENTIFIC,"<i>Gasterosteus</i> <i>aculeatus</i> Linnaeus, 1758",EXACT,99,13,Animalia,Chordata,Gasterosteiformes,Gasterosteidae,Gasterosteus,Gasterosteus aculeatus,1,44,550,7666,2333602,4286327,FALSE,Gasterosteus aculeatus,FALSE,NA,NA,NA,NA,NA,NA,NA,NA,NA,NA,NA,NA,Gasterosteus aculeatus,Fish
2356544,"Gasterosteus microcephalus Girard, 1854",Gasterosteus microcephalus,"Girard, 1854",SPECIES,ZOOLOGICAL,ACCEPTED,Gasterosteus,microcephalus,SCIENTIFIC,"<i>Gasterosteus</i> <i>microcephalus</i> Girard, 1854",EXACT,99,15,Animalia,Chordata,Gasterosteiformes,Gasterosteidae,Gasterosteus,Gasterosteus microcephalus,1,44,550,7666,2333602,2356544,FALSE,Gasterosteus microcephalus,FALSE,NA,NA,NA,NA,NA,NA,NA,NA,NA,NA,NA,NA,Gasterosteus microcephalus,Fish
5208430,"Geophagus altifrons Heckel, 1840",Geophagus altifrons,"Heckel, 1840",SPECIES,ZOOLOGICAL,ACCEPTED,Geophagus,altifrons,SCIENTIFIC,"<i>Geophagus</i> <i>altifrons</i> Heckel, 1840",EXACT,99,10,Animalia,Chordata,Perciformes,Cichlidae,Geophagus,Geophagus altifrons,1,44,587,8522,2372429,5208430,FALSE,Geophagus altifrons,FALSE,NA,NA,NA,NA,NA,NA,NA,NA,NA,NA,NA,NA,Geophagus altifrons,Fish
7769592,"Geophagus brasiliensis (Quoy & Gaimard, 1824)",Geophagus brasiliensis,"(Quoy & Gaimard, 1824)",SPECIES,ZOOLOGICAL,ACCEPTED,Geophagus,brasiliensis,SCIENTIFIC,"<i>Geophagus</i> <i>brasiliensis</i> (Quoy & Gaimard, 1824)",EXACT,97,13,Animalia,Chordata,Perciformes,Cichlidae,Geophagus,Geophagus brasiliensis,1,44,587,8522,2372429,7769592,FALSE,Geophagus brasiliensis,FALSE,NA,NA,NA,NA,NA,NA,NA,NA,NA,NA,NA,NA,Geophagus brasiliensis,Fish
5208426,"Geophagus proximus (Castelnau, 1855)",Geophagus proximus,"(Castelnau, 1855)",SPECIES,ZOOLOGICAL,ACCEPTED,Geophagus,proximus,SCIENTIFIC,"<i>Geophagus</i> <i>proximus</i> (Castelnau, 1855)",EXACT,99,9,Animalia,Chordata,Perciformes,Cichlidae,Geophagus,Geophagus proximus,1,44,587,8522,2372429,5208426,FALSE,Geophagus proximus,FALSE,NA,NA,NA,NA,NA,NA,NA,NA,NA,NA,NA,NA,Geophagus proximus,Fish
5208434,"Geophagus surinamensis (Bloch, 1791)",Geophagus surinamensis,"(Bloch, 1791)",SPECIES,ZOOLOGICAL,ACCEPTED,Geophagus,surinamensis,SCIENTIFIC,"<i>Geophagus</i> <i>surinamensis</i> (Bloch, 1791)",EXACT,99,11,Animalia,Chordata,Perciformes,Cichlidae,Geophagus,Geophagus surinamensis,1,44,587,8522,2372429,5208434,FALSE,Geophagus surinamensis,FALSE,NA,NA,NA,NA,NA,NA,NA,NA,NA,NA,NA,NA,Geophagus surinamensis,Fish
2365855,"Gibelion catla (Hamilton, 1822)",Gibelion catla,"(Hamilton, 1822)",SPECIES,ZOOLOGICAL,ACCEPTED,Gibelion,catla,SCIENTIFIC,"<i>Gibelion</i> <i>catla</i> (Hamilton, 1822)",EXACT,99,9,Animalia,Chordata,Cypriniformes,Cyprinidae,Gibelion,Gibelion catla,1,44,1153,7336,9533456,2365855,FALSE,Gibelion catla,FALSE,NA,NA,NA,NA,NA,NA,NA,NA,NA,NA,NA,NA,Gibelion catla,Fish
2360064,"Gila atraria (Girard, 1856)",Gila atraria,"(Girard, 1856)",SPECIES,ZOOLOGICAL,ACCEPTED,Gila,atraria,SCIENTIFIC,"<i>Gila</i> <i>atraria</i> (Girard, 1856)",EXACT,99,7,Animalia,Chordata,Cypriniformes,Cyprinidae,Gila,Gila atraria,1,44,1153,7336,2360060,2360064,FALSE,Gila atraria,FALSE,NA,NA,NA,NA,NA,NA,NA,NA,NA,NA,NA,NA,Gila atraria,Fish
2360123,"Gila coerulea (Girard, 1856)",Gila coerulea,"(Girard, 1856)",SPECIES,ZOOLOGICAL,ACCEPTED,Gila,coerulea,SCIENTIFIC,"<i>Gila</i> <i>coerulea</i> (Girard, 1856)",EXACT,99,6,Animalia,Chordata,Cypriniformes,Cyprinidae,Gila,Gila coerulea,1,44,1153,7336,2360060,2360123,FALSE,Gila coerulea,FALSE,NA,NA,NA,NA,NA,NA,NA,NA,NA,NA,NA,NA,Gila coerulea,Fish
2360106,"Gila orcuttii (Eigenmann & Eigenmann, 1890)",Gila orcuttii,"(Eigenmann & Eigenmann, 1890)",SPECIES,ZOOLOGICAL,ACCEPTED,Gila,orcuttii,SCIENTIFIC,"<i>Gila</i> <i>orcuttii</i> (Eigenmann & Eigenmann, 1890)",EXACT,99,3,Animalia,Chordata,Cypriniformes,Cyprinidae,Gila,Gila orcuttii,1,44,1153,7336,2360060,2360106,FALSE,Gila orcuttii,FALSE,NA,NA,NA,NA,NA,NA,NA,NA,NA,NA,NA,NA,Gila orcuttii,Fish
2360118,"Gila pandora (Cope, 1872)",Gila pandora,"(Cope, 1872)",SPECIES,ZOOLOGICAL,ACCEPTED,Gila,pandora,SCIENTIFIC,"<i>Gila</i> <i>pandora</i> (Cope, 1872)",EXACT,99,5,Animalia,Chordata,Cypriniformes,Cyprinidae,Gila,Gila pandora,1,44,1153,7336,2360060,2360118,FALSE,Gila pandora,FALSE,NA,NA,NA,NA,NA,NA,NA,NA,NA,NA,NA,NA,Gila pandora,Fish
2360128,"Gila robusta Baird & Girard, 1853",Gila robusta,"Baird & Girard, 1853",SPECIES,ZOOLOGICAL,ACCEPTED,Gila,robusta,SCIENTIFIC,"<i>Gila</i> <i>robusta</i> Baird & Girard, 1853",EXACT,99,11,Animalia,Chordata,Cypriniformes,Cyprinidae,Gila,Gila robusta,1,44,1153,7336,2360060,2360128,FALSE,Gila robusta,FALSE,NA,NA,NA,NA,NA,NA,NA,NA,NA,NA,NA,NA,Gila robusta,Fish
2360105,"Gila seminuda Cope & Yarrow, 1875",Gila seminuda,"Cope & Yarrow, 1875",SPECIES,ZOOLOGICAL,ACCEPTED,Gila,seminuda,SCIENTIFIC,"<i>Gila</i> <i>seminuda</i> Cope & Yarrow, 1875",EXACT,99,6,Animalia,Chordata,Cypriniformes,Cyprinidae,Gila,Gila seminuda,1,44,1153,7336,2360060,2360105,FALSE,Gila seminuda,FALSE,NA,NA,NA,NA,NA,NA,NA,NA,NA,NA,NA,NA,Gila seminuda,Fish
5192436,"Gillia altilis (I.Lea, 1841)",Gillia altilis,"(I.Lea, 1841)",SPECIES,ZOOLOGICAL,ACCEPTED,Gillia,altilis,SCIENTIFIC,"<i>Gillia</i> <i>altilis</i> (I.Lea, 1841)",EXACT,99,8,Animalia,Mollusca,Littorinimorpha,Lithoglyphidae,Gillia,Gillia altilis,1,52,7390893,4963617,2299943,5192436,FALSE,Gillia altilis,FALSE,Gastropoda,225,NA,NA,NA,NA,NA,NA,NA,NA,NA,NA,Gillia altilis,Gastropod
4285919,"Giuris margaritacea (Valenciennes, 1837)",Giuris margaritacea,"(Valenciennes, 1837)",SPECIES,ZOOLOGICAL,ACCEPTED,Giuris,margaritacea,SCIENTIFIC,"<i>Giuris</i> <i>margaritacea</i> (Valenciennes, 1837)",EXACT,99,11,Animalia,Chordata,Perciformes,Eleotridae,Giuris,Giuris margaritacea,1,44,587,4268,2386461,4285919,FALSE,Giuris margaritacea,FALSE,NA,NA,NA,NA,NA,NA,NA,NA,NA,NA,NA,NA,Giuris margaritacea,Fish
2378087,"Glossogobius giuris (Hamilton, 1822)",Glossogobius giuris,"(Hamilton, 1822)",SPECIES,ZOOLOGICAL,ACCEPTED,Glossogobius,giuris,SCIENTIFIC,"<i>Glossogobius</i> <i>giuris</i> (Hamilton, 1822)",EXACT,99,14,Animalia,Chordata,Perciformes,Gobiidae,Glossogobius,Glossogobius giuris,1,44,587,4274,2379389,2378087,FALSE,Glossogobius giuris,FALSE,NA,NA,NA,NA,NA,NA,NA,NA,NA,NA,NA,NA,Glossogobius giuris,Fish
3730174,Glossostigma cleistanthum W.R.Barker,Glossostigma cleistanthum,W.R.Barker,SPECIES,NA,ACCEPTED,Glossostigma,cleistanthum,SCIENTIFIC,<i>Glossostigma</i> <i>cleistanthum</i> W.R.Barker,EXACT,99,15,Plantae,Tracheophyta,Lamiales,Phrymaceae,Glossostigma,Glossostigma cleistanthum,6,7707728,408,4194986,3170796,3730174,FALSE,Glossostigma cleistanthum,FALSE,Magnoliopsida,220,NA,NA,NA,NA,NA,NA,NA,NA,NA,NA,Glossostigma cleistanthum,Plant (strict freshwater habitat tag only)
3730140,Glossostigma elatinoides (Benth.) Benth. ex Hook.fil.,Glossostigma elatinoides,(Benth.) Benth. ex Hook.fil.,SPECIES,BOTANICAL,ACCEPTED,Glossostigma,elatinoides,SCIENTIFIC,<i>Glossostigma</i> <i>elatinoides</i> (Benth.) Benth. ex Hook.fil.,EXACT,97,13,Plantae,Tracheophyta,Lamiales,Phrymaceae,Glossostigma,Glossostigma elatinoides,6,7707728,408,4194986,3170796,3730140,FALSE,Glossostigma elatinoides,FALSE,Magnoliopsida,220,NA,NA,NA,NA,NA,NA,NA,NA,NA,NA,Glossostigma elatinoides,Plant (strict freshwater habitat tag only)
8918476,"Gmelinoides fasciatus (Stebbing, 1899)",Gmelinoides fasciatus,"(Stebbing, 1899)",SPECIES,ZOOLOGICAL,ACCEPTED,Gmelinoides,fasciatus,SCIENTIFIC,"<i>Gmelinoides</i> <i>fasciatus</i> (Stebbing, 1899)",EXACT,99,9,Animalia,Arthropoda,Amphipoda,Micruropodidae,Gmelinoides,Gmelinoides fasciatus,1,54,1231,5864401,4315726,8918476,FALSE,Gmelinoides fasciatus,FALSE,Malacostraca,229,NA,NA,NA,NA,NA,NA,NA,NA,NA,NA,Gmelinoides fasciatus,Crayfish/crab (Malacostraca)
2402409,"Gnathonemus petersii (Günther, 1862)",Gnathonemus petersii,"(Günther, 1862)",SPECIES,ZOOLOGICAL,ACCEPTED,Gnathonemus,petersii,SCIENTIFIC,"<i>Gnathonemus</i> <i>petersii</i> (Günther, 1862)",EXACT,99,5,Animalia,Chordata,Osteoglossiformes,Mormyridae,Gnathonemus,Gnathonemus petersii,1,44,1069,8484,2402407,2402409,FALSE,Gnathonemus petersii,FALSE,NA,NA,NA,NA,NA,NA,NA,NA,NA,NA,NA,NA,Gnathonemus petersii,Fish
2366325,"Gnathopogon caerulescens (Sauvage, 1883)",Gnathopogon caerulescens,"(Sauvage, 1883)",SPECIES,ZOOLOGICAL,ACCEPTED,Gnathopogon,caerulescens,SCIENTIFIC,"<i>Gnathopogon</i> <i>caerulescens</i> (Sauvage, 1883)",EXACT,99,12,Animalia,Chordata,Cypriniformes,Cyprinidae,Gnathopogon,Gnathopogon caerulescens,1,44,1153,7336,2366297,2366325,FALSE,Gnathopogon caerulescens,FALSE,NA,NA,NA,NA,NA,NA,NA,NA,NA,NA,NA,NA,Gnathopogon caerulescens,Fish
2366298,"Gnathopogon elongatus (Temminck & Schlegel, 1846)",Gnathopogon elongatus,"(Temminck & Schlegel, 1846)",SPECIES,ZOOLOGICAL,ACCEPTED,Gnathopogon,elongatus,SCIENTIFIC,"<i>Gnathopogon</i> <i>elongatus</i> (Temminck & Schlegel, 1846)",EXACT,99,9,Animalia,Chordata,Cypriniformes,Cyprinidae,Gnathopogon,Gnathopogon elongatus,1,44,1153,7336,2366297,2366298,FALSE,Gnathopogon elongatus,FALSE,NA,NA,NA,NA,NA,NA,NA,NA,NA,NA,NA,NA,Gnathopogon elongatus,Fish
2366314,"Gnathopogon strigatus (Regan, 1908)",Gnathopogon strigatus,"(Regan, 1908)",SPECIES,ZOOLOGICAL,ACCEPTED,Gnathopogon,strigatus,SCIENTIFIC,"<i>Gnathopogon</i> <i>strigatus</i> (Regan, 1908)",EXACT,99,9,Animalia,Chordata,Cypriniformes,Cyprinidae,Gnathopogon,Gnathopogon strigatus,1,44,1153,7336,2366297,2366314,FALSE,Gnathopogon strigatus,FALSE,NA,NA,NA,NA,NA,NA,NA,NA,NA,NA,NA,NA,Gnathopogon strigatus,Fish
4409628,"Gobio gobio (Linnaeus, 1758)",Gobio gobio,"(Linnaeus, 1758)",SPECIES,ZOOLOGICAL,ACCEPTED,Gobio,gobio,SCIENTIFIC,"<i>Gobio</i> <i>gobio</i> (Linnaeus, 1758)",EXACT,99,2,Animalia,Chordata,Cypriniformes,Cyprinidae,Gobio,Gobio gobio,1,44,1153,7336,3241110,4409628,FALSE,Gobio gobio,FALSE,NA,NA,NA,NA,NA,NA,NA,NA,NA,NA,NA,NA,Gobio gobio,Fish
4409629,"Gobio lozanoi Doadrio & Madeira, 2004",Gobio lozanoi,"Doadrio & Madeira, 2004",SPECIES,ZOOLOGICAL,ACCEPTED,Gobio,lozanoi,SCIENTIFIC,"<i>Gobio</i> <i>lozanoi</i> Doadrio & Madeira, 2004",EXACT,99,11,Animalia,Chordata,Cypriniformes,Cyprinidae,Gobio,Gobio lozanoi,1,44,1153,7336,3241110,4409629,FALSE,Gobio lozanoi,FALSE,NA,NA,NA,NA,NA,NA,NA,NA,NA,NA,NA,NA,Gobio lozanoi,Fish
5207765,"Gobio occitaniae Kottelat & Persat, 2005",Gobio occitaniae,"Kottelat & Persat, 2005",SPECIES,ZOOLOGICAL,ACCEPTED,Gobio,occitaniae,SCIENTIFIC,"<i>Gobio</i> <i>occitaniae</i> Kottelat & Persat, 2005",EXACT,99,5,Animalia,Chordata,Cypriniformes,Cyprinidae,Gobio,Gobio occitaniae,1,44,1153,7336,3241110,5207765,FALSE,Gobio occitaniae,FALSE,NA,NA,NA,NA,NA,NA,NA,NA,NA,NA,NA,NA,Gobio occitaniae,Fish
2375711,"Gobionellus oceanicus (Pallas, 1770)",Gobionellus oceanicus,"(Pallas, 1770)",SPECIES,ZOOLOGICAL,ACCEPTED,Gobionellus,oceanicus,SCIENTIFIC,"<i>Gobionellus</i> <i>oceanicus</i> (Pallas, 1770)",EXACT,99,12,Animalia,Chordata,Perciformes,Gobiidae,Gobionellus,Gobionellus oceanicus,1,44,587,4274,2375703,2375711,FALSE,Gobionellus oceanicus,FALSE,NA,NA,NA,NA,NA,NA,NA,NA,NA,NA,NA,NA,Gobionellus oceanicus,Fish
2377293,"Gobiopterus semivestitus (Munro, 1949)",Gobiopterus semivestitus,"(Munro, 1949)",SPECIES,ZOOLOGICAL,ACCEPTED,Gobiopterus,semivestitus,SCIENTIFIC,"<i>Gobiopterus</i> <i>semivestitus</i> (Munro, 1949)",EXACT,99,13,Animalia,Chordata,Perciformes,Gobiidae,Gobiopterus,Gobiopterus semivestitus,1,44,587,4274,2377290,2377293,FALSE,Gobiopterus semivestitus,FALSE,NA,NA,NA,NA,NA,NA,NA,NA,NA,NA,NA,NA,Gobiopterus semivestitus,Fish
2354248,"Grundulus bogotensis (Humboldt, 1821)",Grundulus bogotensis,"(Humboldt, 1821)",SPECIES,ZOOLOGICAL,ACCEPTED,Grundulus,bogotensis,SCIENTIFIC,"<i>Grundulus</i> <i>bogotensis</i> (Humboldt, 1821)",EXACT,99,14,Animalia,Chordata,Characiformes,Characidae,Grundulus,Grundulus bogotensis,1,44,537,7201,2354246,2354248,FALSE,Grundulus bogotensis,FALSE,NA,NA,NA,NA,NA,NA,NA,NA,NA,NA,NA,NA,Grundulus bogotensis,Fish
5209574,"Gymnocephalus cernua (Linnaeus, 1758)",Gymnocephalus cernua,"(Linnaeus, 1758)",SPECIES,ZOOLOGICAL,ACCEPTED,Gymnocephalus,cernua,SCIENTIFIC,"<i>Gymnocephalus</i> <i>cernua</i> (Linnaeus, 1758)",EXACT,99,12,Animalia,Chordata,Perciformes,Percidae,Gymnocephalus,Gymnocephalus cernua,1,44,587,4481,2382125,5209574,FALSE,Gymnocephalus cernua,FALSE,NA,NA,NA,NA,NA,NA,NA,NA,NA,NA,NA,NA,Gymnocephalus cernua,Fish
2353920,"Gymnocorymbus ternetzi (Boulenger, 1895)",Gymnocorymbus ternetzi,"(Boulenger, 1895)",SPECIES,ZOOLOGICAL,ACCEPTED,Gymnocorymbus,ternetzi,SCIENTIFIC,"<i>Gymnocorymbus</i> <i>ternetzi</i> (Boulenger, 1895)",EXACT,99,16,Animalia,Chordata,Characiformes,Characidae,Gymnocorymbus,Gymnocorymbus ternetzi,1,44,537,7201,2353917,2353920,FALSE,Gymnocorymbus ternetzi,FALSE,NA,NA,NA,NA,NA,NA,NA,NA,NA,NA,NA,NA,Gymnocorymbus ternetzi,Fish
2403936,"Gymnothorax tile (Hamilton, 1822)",Gymnothorax tile,"(Hamilton, 1822)",SPECIES,ZOOLOGICAL,ACCEPTED,Gymnothorax,tile,SCIENTIFIC,"<i>Gymnothorax</i> <i>tile</i> (Hamilton, 1822)",EXACT,99,17,Animalia,Chordata,Anguilliformes,Muraenidae,Gymnothorax,Gymnothorax tile,1,44,495,2953,2403463,2403936,FALSE,Gymnothorax tile,FALSE,NA,NA,NA,NA,NA,NA,NA,NA,NA,NA,NA,NA,Gymnothorax tile,Fish
4562197,"Gyraulus chinensis (Dunker, 1848)",Gyraulus chinensis,"(Dunker, 1848)",SPECIES,ZOOLOGICAL,ACCEPTED,Gyraulus,chinensis,SCIENTIFIC,"<i>Gyraulus</i> <i>chinensis</i> (Dunker, 1848)",EXACT,99,9,Animalia,Mollusca,NA,Planorbidae,Gyraulus,Gyraulus chinensis,1,52,NA,2851,2290991,4562197,FALSE,Gyraulus chinensis,FALSE,Gastropoda,225,NA,NA,NA,NA,NA,NA,NA,NA,NA,NA,Gyraulus chinensis,Gastropod
2290996,"Gyraulus parvus (Say, 1817)",Gyraulus parvus,"(Say, 1817)",SPECIES,ZOOLOGICAL,ACCEPTED,Gyraulus,parvus,SCIENTIFIC,"<i>Gyraulus</i> <i>parvus</i> (Say, 1817)",EXACT,99,12,Animalia,Mollusca,NA,Planorbidae,Gyraulus,Gyraulus parvus,1,52,NA,2851,2290991,2290996,FALSE,Gyraulus parvus,FALSE,Gastropoda,225,NA,NA,NA,NA,NA,NA,NA,NA,NA,NA,Gyraulus parvus,Gastropod
2368346,"Gyrinocheilus aymonieri (Tirant, 1883)",Gyrinocheilus aymonieri,"(Tirant, 1883)",SPECIES,ZOOLOGICAL,ACCEPTED,Gyrinocheilus,aymonieri,SCIENTIFIC,"<i>Gyrinocheilus</i> <i>aymonieri</i> (Tirant, 1883)",EXACT,99,18,Animalia,Chordata,Cypriniformes,Gyrinocheilidae,Gyrinocheilus,Gyrinocheilus aymonieri,1,44,1153,3386,2367499,2368346,FALSE,Gyrinocheilus aymonieri,FALSE,NA,NA,NA,NA,NA,NA,NA,NA,NA,NA,NA,NA,Gyrinocheilus aymonieri,Fish
2367430,"Hampala macrolepidota Kuhl & Van Hasselt, 1823",Hampala macrolepidota,"Kuhl & Van Hasselt, 1823",SPECIES,ZOOLOGICAL,ACCEPTED,Hampala,macrolepidota,SCIENTIFIC,"<i>Hampala</i> <i>macrolepidota</i> Kuhl & Van Hasselt, 1823",EXACT,97,13,Animalia,Chordata,Cypriniformes,Cyprinidae,Hampala,Hampala macrolepidota,1,44,1153,7336,2367424,2367430,FALSE,Hampala macrolepidota,FALSE,NA,NA,NA,NA,NA,NA,NA,NA,NA,NA,NA,NA,Hampala macrolepidota,Fish
2373727,"Haplochromis erythromaculatus De Vos, Snoeks & Thys van den Audenaerde, 1991",Haplochromis erythromaculatus,"De Vos, Snoeks & Thys van den Audenaerde, 1991",SPECIES,ZOOLOGICAL,ACCEPTED,Haplochromis,erythromaculatus,SCIENTIFIC,"<i>Haplochromis</i> <i>erythromaculatus</i> De Vos, Snoeks & Thys van den Audenaerde, 1991",EXACT,99,21,Animalia,Chordata,Perciformes,Cichlidae,Haplochromis,Haplochromis erythromaculatus,1,44,587,8522,2373265,2373727,FALSE,Haplochromis erythromaculatus,FALSE,NA,NA,NA,NA,NA,NA,NA,NA,NA,NA,NA,NA,Haplochromis erythromaculatus,Fish
2353385,"Hasemania nana (Lütken, 1875)",Hasemania nana,"(Lütken, 1875)",SPECIES,ZOOLOGICAL,ACCEPTED,Hasemania,nana,SCIENTIFIC,"<i>Hasemania</i> <i>nana</i> (Lütken, 1875)",EXACT,99,10,Animalia,Chordata,Characiformes,Characidae,Hasemania,Hasemania nana,1,44,537,7201,2353378,2353385,FALSE,Hasemania nana,FALSE,NA,NA,NA,NA,NA,NA,NA,NA,NA,NA,NA,NA,Hasemania nana,Fish
5189722,"Helisoma anceps (Menke, 1830)",Helisoma anceps,"(Menke, 1830)",SPECIES,ZOOLOGICAL,ACCEPTED,Helisoma,anceps,SCIENTIFIC,"<i>Helisoma</i> <i>anceps</i> (Menke, 1830)",EXACT,99,12,Animalia,Mollusca,NA,Planorbidae,Helisoma,Helisoma anceps,1,52,NA,2851,5189721,5189722,FALSE,Helisoma anceps,FALSE,Gastropoda,225,NA,NA,NA,NA,NA,NA,NA,NA,NA,NA,Helisoma anceps,Gastropod
2392012,"Helostoma temminckii Cuvier, 1829",Helostoma temminckii,"Cuvier, 1829",SPECIES,ZOOLOGICAL,ACCEPTED,Helostoma,temminckii,SCIENTIFIC,"<i>Helostoma</i> <i>temminckii</i> Cuvier, 1829",EXACT,99,8,Animalia,Chordata,Perciformes,Helostomatidae,Helostoma,Helostoma temminckii,1,44,587,8534,2392009,2392012,FALSE,Helostoma temminckii,FALSE,NA,NA,NA,NA,NA,NA,NA,NA,NA,NA,NA,NA,Helostoma temminckii,Fish
2338172,"Hemibagrus nemurus (Valenciennes, 1840)",Hemibagrus nemurus,"(Valenciennes, 1840)",SPECIES,ZOOLOGICAL,ACCEPTED,Hemibagrus,nemurus,SCIENTIFIC,"<i>Hemibagrus</i> <i>nemurus</i> (Valenciennes, 1840)",EXACT,99,10,Animalia,Chordata,Siluriformes,Bagridae,Hemibagrus,Hemibagrus nemurus,1,44,708,8974,2338170,2338172,FALSE,Hemibagrus nemurus,FALSE,NA,NA,NA,NA,NA,NA,NA,NA,NA,NA,NA,NA,Hemibagrus nemurus,Fish
2366001,"Hemibarbus labeo (Pallas, 1776)",Hemibarbus labeo,"(Pallas, 1776)",SPECIES,ZOOLOGICAL,ACCEPTED,Hemibarbus,labeo,SCIENTIFIC,"<i>Hemibarbus</i> <i>labeo</i> (Pallas, 1776)",EXACT,99,8,Animalia,Chordata,Cypriniformes,Cyprinidae,Hemibarbus,Hemibarbus labeo,1,44,1153,7336,2365979,2366001,FALSE,Hemibarbus labeo,FALSE,NA,NA,NA,NA,NA,NA,NA,NA,NA,NA,NA,NA,Hemibarbus labeo,Fish
2365991,"Hemibarbus longirostris (Regan, 1908)",Hemibarbus longirostris,"(Regan, 1908)",SPECIES,ZOOLOGICAL,ACCEPTED,Hemibarbus,longirostris,SCIENTIFIC,"<i>Hemibarbus</i> <i>longirostris</i> (Regan, 1908)",EXACT,99,12,Animalia,Chordata,Cypriniformes,Cyprinidae,Hemibarbus,Hemibarbus longirostris,1,44,1153,7336,2365979,2365991,FALSE,Hemibarbus longirostris,FALSE,NA,NA,NA,NA,NA,NA,NA,NA,NA,NA,NA,NA,Hemibarbus longirostris,Fish
2365995,"Hemibarbus maculatus Bleeker, 1871",Hemibarbus maculatus,"Bleeker, 1871",SPECIES,ZOOLOGICAL,ACCEPTED,Hemibarbus,maculatus,SCIENTIFIC,"<i>Hemibarbus</i> <i>maculatus</i> Bleeker, 1871",EXACT,99,10,Animalia,Chordata,Cypriniformes,Cyprinidae,Hemibarbus,Hemibarbus maculatus,1,44,1153,7336,2365979,2365995,FALSE,Hemibarbus maculatus,FALSE,NA,NA,NA,NA,NA,NA,NA,NA,NA,NA,NA,NA,Hemibarbus maculatus,Fish
2371368,"Hemichromis bimaculatus Gill, 1862",Hemichromis bimaculatus,"Gill, 1862",SPECIES,ZOOLOGICAL,ACCEPTED,Hemichromis,bimaculatus,SCIENTIFIC,"<i>Hemichromis</i> <i>bimaculatus</i> Gill, 1862",EXACT,99,13,Animalia,Chordata,Perciformes,Cichlidae,Hemichromis,Hemichromis bimaculatus,1,44,587,8522,2371361,2371368,FALSE,Hemichromis bimaculatus,FALSE,NA,NA,NA,NA,NA,NA,NA,NA,NA,NA,NA,NA,Hemichromis bimaculatus,Fish
2371378,"Hemichromis elongatus (Guichenot, 1861)",Hemichromis elongatus,"(Guichenot, 1861)",SPECIES,ZOOLOGICAL,ACCEPTED,Hemichromis,elongatus,SCIENTIFIC,"<i>Hemichromis</i> <i>elongatus</i> (Guichenot, 1861)",EXACT,99,11,Animalia,Chordata,Perciformes,Cichlidae,Hemichromis,Hemichromis elongatus,1,44,587,8522,2371361,2371378,FALSE,Hemichromis elongatus,FALSE,NA,NA,NA,NA,NA,NA,NA,NA,NA,NA,NA,NA,Hemichromis elongatus,Fish
2371377,"Hemichromis fasciatus Peters, 1857",Hemichromis fasciatus,"Peters, 1857",SPECIES,ZOOLOGICAL,ACCEPTED,Hemichromis,fasciatus,SCIENTIFIC,"<i>Hemichromis</i> <i>fasciatus</i> Peters, 1857",EXACT,99,10,Animalia,Chordata,Perciformes,Cichlidae,Hemichromis,Hemichromis fasciatus,1,44,587,8522,2371361,2371377,FALSE,Hemichromis fasciatus,FALSE,NA,NA,NA,NA,NA,NA,NA,NA,NA,NA,NA,NA,Hemichromis fasciatus,Fish
2371362,"Hemichromis guttatus Günther, 1862",Hemichromis guttatus,"Günther, 1862",SPECIES,ZOOLOGICAL,ACCEPTED,Hemichromis,guttatus,SCIENTIFIC,"<i>Hemichromis</i> <i>guttatus</i> Günther, 1862",EXACT,99,10,Animalia,Chordata,Perciformes,Cichlidae,Hemichromis,Hemichromis guttatus,1,44,587,8522,2371361,2371362,FALSE,Hemichromis guttatus,FALSE,NA,NA,NA,NA,NA,NA,NA,NA,NA,NA,NA,NA,Hemichromis guttatus,Fish
2371363,"Hemichromis letourneuxi Sauvage, 1880",Hemichromis letourneuxi,"Sauvage, 1880",SPECIES,ZOOLOGICAL,ACCEPTED,Hemichromis,letourneuxi,SCIENTIFIC,"<i>Hemichromis</i> <i>letourneuxi</i> Sauvage, 1880",EXACT,99,14,Animalia,Chordata,Perciformes,Cichlidae,Hemichromis,Hemichromis letourneuxi,1,44,587,8522,2371361,2371363,FALSE,Hemichromis letourneuxi,FALSE,NA,NA,NA,NA,NA,NA,NA,NA,NA,NA,NA,NA,Hemichromis letourneuxi,Fish
2367280,"Hemiculter leucisculus (Basilewsky, 1855)",Hemiculter leucisculus,"(Basilewsky, 1855)",SPECIES,ZOOLOGICAL,ACCEPTED,Hemiculter,leucisculus,SCIENTIFIC,"<i>Hemiculter</i> <i>leucisculus</i> (Basilewsky, 1855)",EXACT,99,13,Animalia,Chordata,Cypriniformes,Cyprinidae,Hemiculter,Hemiculter leucisculus,1,44,1153,7336,2367274,2367280,FALSE,Hemiculter leucisculus,FALSE,NA,NA,NA,NA,NA,NA,NA,NA,NA,NA,NA,NA,Hemiculter leucisculus,Fish
2367301,"Hemiculter lucidus (Dybowski, 1872)",Hemiculter lucidus,"(Dybowski, 1872)",SPECIES,ZOOLOGICAL,ACCEPTED,Hemiculter,lucidus,SCIENTIFIC,"<i>Hemiculter</i> <i>lucidus</i> (Dybowski, 1872)",EXACT,99,9,Animalia,Chordata,Cypriniformes,Cyprinidae,Hemiculter,Hemiculter lucidus,1,44,1153,7336,2367274,2367301,FALSE,Hemiculter lucidus,FALSE,NA,NA,NA,NA,NA,NA,NA,NA,NA,NA,NA,NA,Hemiculter lucidus,Fish
2354398,"Hemigrammus erythrozonus Durbin, 1909",Hemigrammus erythrozonus,"Durbin, 1909",SPECIES,ZOOLOGICAL,ACCEPTED,Hemigrammus,erythrozonus,SCIENTIFIC,"<i>Hemigrammus</i> <i>erythrozonus</i> Durbin, 1909",EXACT,99,13,Animalia,Chordata,Characiformes,Characidae,Hemigrammus,Hemigrammus erythrozonus,1,44,537,7201,2354324,2354398,FALSE,Hemigrammus erythrozonus,FALSE,NA,NA,NA,NA,NA,NA,NA,NA,NA,NA,NA,NA,Hemigrammus erythrozonus,Fish
2354330,"Hemigrammus ocellifer (Steindachner, 1882)",Hemigrammus ocellifer,"(Steindachner, 1882)",SPECIES,ZOOLOGICAL,ACCEPTED,Hemigrammus,ocellifer,SCIENTIFIC,"<i>Hemigrammus</i> <i>ocellifer</i> (Steindachner, 1882)",EXACT,99,11,Animalia,Chordata,Characiformes,Characidae,Hemigrammus,Hemigrammus ocellifer,1,44,537,7201,2354324,2354330,FALSE,Hemigrammus ocellifer,FALSE,NA,NA,NA,NA,NA,NA,NA,NA,NA,NA,NA,NA,Hemigrammus ocellifer,Fish
2220312,"Hemimysis anomala G.O.Sars, 1907",Hemimysis anomala,"G.O.Sars, 1907",SPECIES,ZOOLOGICAL,ACCEPTED,Hemimysis,anomala,SCIENTIFIC,"<i>Hemimysis</i> <i>anomala</i> G.O.Sars, 1907",EXACT,99,9,Animalia,Arthropoda,Mysida,Mysidae,Hemimysis,Hemimysis anomala,1,54,841,5404,2220304,2220312,FALSE,Hemimysis anomala,FALSE,Malacostraca,229,NA,NA,NA,NA,NA,NA,NA,NA,NA,NA,Hemimysis anomala,Crayfish/crab (Malacostraca)
2354911,"Hemiodus gracilis Günther, 1864",Hemiodus gracilis,"Günther, 1864",SPECIES,ZOOLOGICAL,ACCEPTED,Hemiodus,gracilis,SCIENTIFIC,"<i>Hemiodus</i> <i>gracilis</i> Günther, 1864",EXACT,99,10,Animalia,Chordata,Characiformes,Hemiodontidae,Hemiodus,Hemiodus gracilis,1,44,537,7329,2354862,2354911,FALSE,Hemiodus gracilis,FALSE,NA,NA,NA,NA,NA,NA,NA,NA,NA,NA,NA,NA,Hemiodus gracilis,Fish
2373122,"Herichthys carpintis (Jordan & Snyder, 1899)",Herichthys carpintis,"(Jordan & Snyder, 1899)",SPECIES,ZOOLOGICAL,ACCEPTED,Herichthys,carpintis,SCIENTIFIC,"<i>Herichthys</i> <i>carpintis</i> (Jordan & Snyder, 1899)",EXACT,99,11,Animalia,Chordata,Perciformes,Cichlidae,Herichthys,Herichthys carpintis,1,44,587,8522,2373119,2373122,FALSE,Herichthys carpintis,FALSE,NA,NA,NA,NA,NA,NA,NA,NA,NA,NA,NA,NA,Herichthys carpintis,Fish
2373136,"Herichthys cyanoguttatus Baird & Girard, 1854",Herichthys cyanoguttatus,"Baird & Girard, 1854",SPECIES,ZOOLOGICAL,ACCEPTED,Herichthys,cyanoguttatus,SCIENTIFIC,"<i>Herichthys</i> <i>cyanoguttatus</i> Baird & Girard, 1854",EXACT,99,14,Animalia,Chordata,Perciformes,Cichlidae,Herichthys,Herichthys cyanoguttatus,1,44,587,8522,2373119,2373136,FALSE,Herichthys cyanoguttatus,FALSE,NA,NA,NA,NA,NA,NA,NA,NA,NA,NA,NA,NA,Herichthys cyanoguttatus,Fish
5208365,"Heros efasciatus Heckel, 1840",Heros efasciatus,"Heckel, 1840",SPECIES,ZOOLOGICAL,ACCEPTED,Heros,efasciatus,SCIENTIFIC,"<i>Heros</i> <i>efasciatus</i> Heckel, 1840",EXACT,99,11,Animalia,Chordata,Perciformes,Cichlidae,Heros,Heros efasciatus,1,44,587,8522,2371584,5208365,FALSE,Heros efasciatus,FALSE,NA,NA,NA,NA,NA,NA,NA,NA,NA,NA,NA,NA,Heros efasciatus,Fish
5208367,"Heros severus Heckel, 1840",Heros severus,"Heckel, 1840",SPECIES,ZOOLOGICAL,ACCEPTED,Heros,severus,SCIENTIFIC,"<i>Heros</i> <i>severus</i> Heckel, 1840",EXACT,99,7,Animalia,Chordata,Perciformes,Cichlidae,Heros,Heros severus,1,44,587,8522,2371584,5208367,FALSE,Heros severus,FALSE,NA,NA,NA,NA,NA,NA,NA,NA,NA,NA,NA,NA,Heros severus,Fish
2360051,"Hesperoleucus symmetricus (Baird & Girard, 1854)",Hesperoleucus symmetricus,"(Baird & Girard, 1854)",SPECIES,ZOOLOGICAL,ACCEPTED,Hesperoleucus,symmetricus,SCIENTIFIC,"<i>Hesperoleucus</i> <i>symmetricus</i> (Baird & Girard, 1854)",EXACT,99,14,Animalia,Chordata,Cypriniformes,Cyprinidae,Hesperoleucus,Hesperoleucus symmetricus,1,44,1153,7336,2360050,2360051,FALSE,Hesperoleucus symmetricus,FALSE,NA,NA,NA,NA,NA,NA,NA,NA,NA,NA,NA,NA,Hesperoleucus symmetricus,Fish
2349968,"Heterandria formosa Girard, 1859",Heterandria formosa,"Girard, 1859",SPECIES,ZOOLOGICAL,ACCEPTED,Heterandria,formosa,SCIENTIFIC,"<i>Heterandria</i> <i>formosa</i> Girard, 1859",EXACT,98,12,Animalia,Chordata,Cyprinodontiformes,Poeciliidae,Heterandria,Heterandria formosa,1,44,547,7659,2349551,2349968,FALSE,Heterandria formosa,FALSE,NA,NA,NA,NA,NA,NA,NA,NA,NA,NA,NA,NA,Heterandria formosa,Fish
2766129,Heteranthera limosa (Sw.) Willd.,Heteranthera limosa,(Sw.) Willd.,SPECIES,BOTANICAL,ACCEPTED,Heteranthera,limosa,SCIENTIFIC,<i>Heteranthera</i> <i>limosa</i> (Sw.) Willd.,EXACT,97,12,Plantae,Tracheophyta,Commelinales,Pontederiaceae,Heteranthera,Heteranthera limosa,6,7707728,553,3731,2766108,2766129,FALSE,Heteranthera limosa,FALSE,Liliopsida,196,NA,NA,NA,NA,NA,NA,NA,NA,NA,NA,Heteranthera limosa,Plant (strict freshwater habitat tag only)
2766167,Heteranthera peduncularis Benth.,Heteranthera peduncularis,Benth.,SPECIES,NA,ACCEPTED,Heteranthera,peduncularis,SCIENTIFIC,<i>Heteranthera</i> <i>peduncularis</i> Benth.,EXACT,99,13,Plantae,Tracheophyta,Commelinales,Pontederiaceae,Heteranthera,Heteranthera peduncularis,6,7707728,553,3731,2766108,2766167,FALSE,Heteranthera peduncularis,FALSE,Liliopsida,196,NA,NA,NA,NA,NA,NA,NA,NA,NA,NA,Heteranthera peduncularis,Plant (strict freshwater habitat tag only)
2766151,Heteranthera reniformis Ruiz & Pav.,Heteranthera reniformis,Ruiz & Pav.,SPECIES,NA,ACCEPTED,Heteranthera,reniformis,SCIENTIFIC,<i>Heteranthera</i> <i>reniformis</i> Ruiz & Pav.,EXACT,99,11,Plantae,Tracheophyta,Commelinales,Pontederiaceae,Heteranthera,Heteranthera reniformis,6,7707728,553,3731,2766108,2766151,FALSE,Heteranthera reniformis,FALSE,Liliopsida,196,NA,NA,NA,NA,NA,NA,NA,NA,NA,NA,Heteranthera reniformis,Plant (strict freshwater habitat tag only)
2766169,Heteranthera rotundifolia (Kunth) Griseb.,Heteranthera rotundifolia,(Kunth) Griseb.,SPECIES,BOTANICAL,ACCEPTED,Heteranthera,rotundifolia,SCIENTIFIC,<i>Heteranthera</i> <i>rotundifolia</i> (Kunth) Griseb.,EXACT,99,15,Plantae,Tracheophyta,Commelinales,Pontederiaceae,Heteranthera,Heteranthera rotundifolia,6,7707728,553,3731,2766108,2766169,FALSE,Heteranthera rotundifolia,FALSE,Liliopsida,196,NA,NA,NA,NA,NA,NA,NA,NA,NA,NA,Heteranthera rotundifolia,Plant (strict freshwater habitat tag only)
2766146,Heteranthera zosterifolia Mart.,Heteranthera zosterifolia,Mart.,SPECIES,NA,ACCEPTED,Heteranthera,zosterifolia,SCIENTIFIC,<i>Heteranthera</i> <i>zosterifolia</i> Mart.,EXACT,99,15,Plantae,Tracheophyta,Commelinales,Pontederiaceae,Heteranthera,Heteranthera zosterifolia,6,7707728,553,3731,2766108,2766146,FALSE,Heteranthera zosterifolia,FALSE,Liliopsida,196,NA,NA,NA,NA,NA,NA,NA,NA,NA,NA,Heteranthera zosterifolia,Plant (strict freshwater habitat tag only)
5202532,"Heteropneustes fossilis (Bloch, 1794)",Heteropneustes fossilis,"(Bloch, 1794)",SPECIES,ZOOLOGICAL,ACCEPTED,Heteropneustes,fossilis,SCIENTIFIC,"<i>Heteropneustes</i> <i>fossilis</i> (Bloch, 1794)",EXACT,99,12,Animalia,Chordata,Siluriformes,Heteropneustidae,Heteropneustes,Heteropneustes fossilis,1,44,708,5152,2341081,5202532,FALSE,Heteropneustes fossilis,FALSE,NA,NA,NA,NA,NA,NA,NA,NA,NA,NA,NA,NA,Heteropneustes fossilis,Fish
9466990,"Heterotilapia buttikoferi (Hubrecht, 1881)",Heterotilapia buttikoferi,"(Hubrecht, 1881)",SPECIES,ZOOLOGICAL,ACCEPTED,Heterotilapia,buttikoferi,SCIENTIFIC,"<i>Heterotilapia</i> <i>buttikoferi</i> (Hubrecht, 1881)",EXACT,99,17,Animalia,Chordata,Perciformes,Cichlidae,Heterotilapia,Heterotilapia buttikoferi,1,44,587,8522,3239264,9466990,FALSE,Heterotilapia buttikoferi,FALSE,NA,NA,NA,NA,NA,NA,NA,NA,NA,NA,NA,NA,Heterotilapia buttikoferi,Fish
5212880,"Heterotis niloticus (Cuvier, 1829)",Heterotis niloticus,"(Cuvier, 1829)",SPECIES,ZOOLOGICAL,ACCEPTED,Heterotis,niloticus,SCIENTIFIC,"<i>Heterotis</i> <i>niloticus</i> (Cuvier, 1829)",EXACT,99,9,Animalia,Chordata,Osteoglossiformes,Arapaimidae,Heterotis,Heterotis niloticus,1,44,1069,4228,7703723,5212880,FALSE,Heterotis niloticus,FALSE,NA,NA,NA,NA,NA,NA,NA,NA,NA,NA,NA,NA,Heterotis niloticus,Fish
2402320,"Hiodon alosoides (Rafinesque, 1819)",Hiodon alosoides,"(Rafinesque, 1819)",SPECIES,ZOOLOGICAL,ACCEPTED,Hiodon,alosoides,SCIENTIFIC,"<i>Hiodon</i> <i>alosoides</i> (Rafinesque, 1819)",EXACT,99,17,Animalia,Chordata,Osteoglossiformes,Hiodontidae,Hiodon,Hiodon alosoides,1,44,1069,4230,2402317,2402320,FALSE,Hiodon alosoides,FALSE,NA,NA,NA,NA,NA,NA,NA,NA,NA,NA,NA,NA,Hiodon alosoides,Fish
2402318,"Hiodon tergisus Lesueur, 1818",Hiodon tergisus,"Lesueur, 1818",SPECIES,ZOOLOGICAL,ACCEPTED,Hiodon,tergisus,SCIENTIFIC,"<i>Hiodon</i> <i>tergisus</i> Lesueur, 1818",EXACT,99,8,Animalia,Chordata,Osteoglossiformes,Hiodontidae,Hiodon,Hiodon tergisus,1,44,1069,4230,2402317,2402318,FALSE,Hiodon tergisus,FALSE,NA,NA,NA,NA,NA,NA,NA,NA,NA,NA,NA,NA,Hiodon tergisus,Fish
2352230,"Hoplias malabaricus (Bloch, 1794)",Hoplias malabaricus,"(Bloch, 1794)",SPECIES,ZOOLOGICAL,ACCEPTED,Hoplias,malabaricus,SCIENTIFIC,"<i>Hoplias</i> <i>malabaricus</i> (Bloch, 1794)",EXACT,99,9,Animalia,Chordata,Characiformes,Erythrinidae,Hoplias,Hoplias malabaricus,1,44,537,7205,2352224,2352230,FALSE,Hoplias malabaricus,FALSE,NA,NA,NA,NA,NA,NA,NA,NA,NA,NA,NA,NA,Hoplias malabaricus,Fish
2342499,"Hoplosternum littorale (Hancock, 1828)",Hoplosternum littorale,"(Hancock, 1828)",SPECIES,ZOOLOGICAL,ACCEPTED,Hoplosternum,littorale,SCIENTIFIC,"<i>Hoplosternum</i> <i>littorale</i> (Hancock, 1828)",EXACT,99,11,Animalia,Chordata,Siluriformes,Callichthyidae,Hoplosternum,Hoplosternum littorale,1,44,708,8975,2342498,2342499,FALSE,Hoplosternum littorale,FALSE,NA,NA,NA,NA,NA,NA,NA,NA,NA,NA,NA,NA,Hoplosternum littorale,Fish
2338327,"Horabagrus brachysoma (Günther, 1864)",Horabagrus brachysoma,"(Günther, 1864)",SPECIES,ZOOLOGICAL,ACCEPTED,Horabagrus,brachysoma,SCIENTIFIC,"<i>Horabagrus</i> <i>brachysoma</i> (Günther, 1864)",EXACT,99,10,Animalia,Chordata,Siluriformes,Bagridae,Horabagrus,Horabagrus brachysoma,1,44,708,8974,2338325,2338327,FALSE,Horabagrus brachysoma,FALSE,NA,NA,NA,NA,NA,NA,NA,NA,NA,NA,NA,NA,Horabagrus brachysoma,Fish
2351413,"Hucho hucho (Linnaeus, 1758)",Hucho hucho,"(Linnaeus, 1758)",SPECIES,ZOOLOGICAL,ACCEPTED,Hucho,hucho,SCIENTIFIC,"<i>Hucho</i> <i>hucho</i> (Linnaeus, 1758)",EXACT,99,1,Animalia,Chordata,Salmoniformes,Salmonidae,Hucho,Hucho hucho,1,44,1313,8615,2351400,2351413,FALSE,Hucho hucho,FALSE,NA,NA,NA,NA,NA,NA,NA,NA,NA,NA,NA,NA,Hucho hucho,Fish
2402105,"Huso huso (Linnaeus, 1758)",Huso huso,"(Linnaeus, 1758)",SPECIES,ZOOLOGICAL,ACCEPTED,Huso,huso,SCIENTIFIC,"<i>Huso</i> <i>huso</i> (Linnaeus, 1758)",EXACT,99,1,Animalia,Chordata,Acipenseriformes,Acipenseridae,Huso,Huso huso,1,44,1103,2947,2402099,2402105,FALSE,Huso huso,FALSE,NA,NA,NA,NA,NA,NA,NA,NA,NA,NA,NA,NA,Huso huso,Fish
2364394,"Hybognathus hankinsoni Hubbs, 1929",Hybognathus hankinsoni,"Hubbs, 1929",SPECIES,ZOOLOGICAL,ACCEPTED,Hybognathus,hankinsoni,SCIENTIFIC,"<i>Hybognathus</i> <i>hankinsoni</i> Hubbs, 1929",EXACT,99,12,Animalia,Chordata,Cypriniformes,Cyprinidae,Hybognathus,Hybognathus hankinsoni,1,44,1153,7336,2364390,2364394,FALSE,Hybognathus hankinsoni,FALSE,NA,NA,NA,NA,NA,NA,NA,NA,NA,NA,NA,NA,Hybognathus hankinsoni,Fish
2364395,"Hybognathus nuchalis Agassiz, 1855",Hybognathus nuchalis,"Agassiz, 1855",SPECIES,ZOOLOGICAL,ACCEPTED,Hybognathus,nuchalis,SCIENTIFIC,"<i>Hybognathus</i> <i>nuchalis</i> Agassiz, 1855",EXACT,99,10,Animalia,Chordata,Cypriniformes,Cyprinidae,Hybognathus,Hybognathus nuchalis,1,44,1153,7336,2364390,2364395,FALSE,Hybognathus nuchalis,FALSE,NA,NA,NA,NA,NA,NA,NA,NA,NA,NA,NA,NA,Hybognathus nuchalis,Fish
2364391,"Hybognathus placitus Girard, 1856",Hybognathus placitus,"Girard, 1856",SPECIES,ZOOLOGICAL,ACCEPTED,Hybognathus,placitus,SCIENTIFIC,"<i>Hybognathus</i> <i>placitus</i> Girard, 1856",EXACT,99,9,Animalia,Chordata,Cypriniformes,Cyprinidae,Hybognathus,Hybognathus placitus,1,44,1153,7336,2364390,2364391,FALSE,Hybognathus placitus,FALSE,NA,NA,NA,NA,NA,NA,NA,NA,NA,NA,NA,NA,Hybognathus placitus,Fish
2364402,"Hybognathus regius Girard, 1856",Hybognathus regius,"Girard, 1856",SPECIES,ZOOLOGICAL,ACCEPTED,Hybognathus,regius,SCIENTIFIC,"<i>Hybognathus</i> <i>regius</i> Girard, 1856",EXACT,99,9,Animalia,Chordata,Cypriniformes,Cyprinidae,Hybognathus,Hybognathus regius,1,44,1153,7336,2364390,2364402,FALSE,Hybognathus regius,FALSE,NA,NA,NA,NA,NA,NA,NA,NA,NA,NA,NA,NA,Hybognathus regius,Fish
2366620,"Hybopsis amblops (Rafinesque, 1820)",Hybopsis amblops,"(Rafinesque, 1820)",SPECIES,ZOOLOGICAL,ACCEPTED,Hybopsis,amblops,SCIENTIFIC,"<i>Hybopsis</i> <i>amblops</i> (Rafinesque, 1820)",EXACT,99,12,Animalia,Chordata,Cypriniformes,Cyprinidae,Hybopsis,Hybopsis amblops,1,44,1153,7336,2366610,2366620,FALSE,Hybopsis amblops,FALSE,NA,NA,NA,NA,NA,NA,NA,NA,NA,NA,NA,NA,Hybopsis amblops,Fish
2366623,"Hybopsis amnis (Hubbs & Greene, 1951)",Hybopsis amnis,"(Hubbs & Greene, 1951)",SPECIES,ZOOLOGICAL,ACCEPTED,Hybopsis,amnis,SCIENTIFIC,"<i>Hybopsis</i> <i>amnis</i> (Hubbs & Greene, 1951)",EXACT,99,7,Animalia,Chordata,Cypriniformes,Cyprinidae,Hybopsis,Hybopsis amnis,1,44,1153,7336,2366610,2366623,FALSE,Hybopsis amnis,FALSE,NA,NA,NA,NA,NA,NA,NA,NA,NA,NA,NA,NA,Hybopsis amnis,Fish
2366617,"Hybopsis hypsinotus (Cope, 1870)",Hybopsis hypsinotus,"(Cope, 1870)",SPECIES,ZOOLOGICAL,ACCEPTED,Hybopsis,hypsinotus,SCIENTIFIC,"<i>Hybopsis</i> <i>hypsinotus</i> (Cope, 1870)",EXACT,99,8,Animalia,Chordata,Cypriniformes,Cyprinidae,Hybopsis,Hybopsis hypsinotus,1,44,1153,7336,2366610,2366617,FALSE,Hybopsis hypsinotus,FALSE,NA,NA,NA,NA,NA,NA,NA,NA,NA,NA,NA,NA,Hybopsis hypsinotus,Fish
2366628,"Hybopsis winchelli Girard, 1856",Hybopsis winchelli,"Girard, 1856",SPECIES,ZOOLOGICAL,ACCEPTED,Hybopsis,winchelli,SCIENTIFIC,"<i>Hybopsis</i> <i>winchelli</i> Girard, 1856",EXACT,99,9,Animalia,Chordata,Cypriniformes,Cyprinidae,Hybopsis,Hybopsis winchelli,1,44,1153,7336,2366610,2366628,FALSE,Hybopsis winchelli,FALSE,NA,NA,NA,NA,NA,NA,NA,NA,NA,NA,NA,NA,Hybopsis winchelli,Fish
5329570,Hydrilla verticillata (L.f.) Royle,Hydrilla verticillata,(L.f.) Royle,SPECIES,BOTANICAL,ACCEPTED,Hydrilla,verticillata,SCIENTIFIC,<i>Hydrilla</i> <i>verticillata</i> (L.f.) Royle,EXACT,98,10,Plantae,Tracheophyta,Alismatales,Hydrocharitaceae,Hydrilla,Hydrilla verticillata,6,7707728,551,3721,2865997,5329570,FALSE,Hydrilla verticillata,FALSE,Liliopsida,196,NA,NA,NA,NA,NA,NA,NA,NA,NA,NA,Hydrilla verticillata,Plant (strict freshwater habitat tag only)
7853488,Hydrilla verticillata F.Muell.,Hydrilla verticillata,F.Muell.,SPECIES,NA,PROVISIONALLY_ACCEPTED,Hydrilla,verticillata,SCIENTIFIC,<i>Hydrilla</i> <i>verticillata</i> F.Muell.,EXACT,100,12,Plantae,Tracheophyta,Alismatales,Hydrocharitaceae,Hydrilla,Hydrilla verticillata,6,7707728,551,3721,2865997,7853488,FALSE,Hydrilla verticillata F.Muell.,FALSE,Liliopsida,196,NA,NA,NA,NA,NA,NA,NA,NA,NA,NA,Hydrilla verticillata F.Muell.,Plant (strict freshwater habitat tag only)
5329272,Hydrocharis dubia (Blume) Backer,Hydrocharis dubia,(Blume) Backer,SPECIES,BOTANICAL,ACCEPTED,Hydrocharis,dubia,SCIENTIFIC,<i>Hydrocharis</i> <i>dubia</i> (Blume) Backer,EXACT,97,10,Plantae,Tracheophyta,Alismatales,Hydrocharitaceae,Hydrocharis,Hydrocharis dubia,6,7707728,551,3721,2865596,5329272,FALSE,Hydrocharis dubia,FALSE,Liliopsida,196,NA,NA,NA,NA,NA,NA,NA,NA,NA,NA,Hydrocharis dubia,Plant (strict freshwater habitat tag only)
11055820,Hydrocharis laevigata (Humb. & Bonpl. ex Willd.) Byng & Christenh.,Hydrocharis laevigata,(Humb. & Bonpl. ex Willd.) Byng & Christenh.,SPECIES,BOTANICAL,ACCEPTED,Hydrocharis,laevigata,SCIENTIFIC,<i>Hydrocharis</i> <i>laevigata</i> (Humb. & Bonpl. ex Willd.) Byng & Christenh.,EXACT,99,12,Plantae,Tracheophyta,Alismatales,Hydrocharitaceae,Hydrocharis,Hydrocharis laevigata,6,7707728,551,3721,2865596,11055820,FALSE,Hydrocharis laevigata,FALSE,Liliopsida,196,NA,NA,NA,NA,NA,NA,NA,NA,NA,NA,Hydrocharis laevigata,Plant (strict freshwater habitat tag only)
5329266,Hydrocharis morsus-ranae L.,Hydrocharis morsus-ranae,L.,SPECIES,NA,ACCEPTED,Hydrocharis,morsus-ranae,SCIENTIFIC,<i>Hydrocharis</i> <i>morsus-ranae</i> L.,EXACT,99,11,Plantae,Tracheophyta,Alismatales,Hydrocharitaceae,Hydrocharis,Hydrocharis morsus-ranae,6,7707728,551,3721,2865596,5329266,FALSE,Hydrocharis morsus-ranae,FALSE,Liliopsida,196,NA,NA,NA,NA,NA,NA,NA,NA,NA,NA,Hydrocharis morsus-ranae,Plant (strict freshwater habitat tag only)
5329641,Hydrocharis spongia Bosc,Hydrocharis spongia,Bosc,SPECIES,NA,ACCEPTED,Hydrocharis,spongia,SCIENTIFIC,<i>Hydrocharis</i> <i>spongia</i> Bosc,EXACT,99,10,Plantae,Tracheophyta,Alismatales,Hydrocharitaceae,Hydrocharis,Hydrocharis spongia,6,7707728,551,3721,2865596,5329641,FALSE,Hydrocharis spongia,FALSE,Liliopsida,196,NA,NA,NA,NA,NA,NA,NA,NA,NA,NA,Hydrocharis spongia,Plant (strict freshwater habitat tag only)
2864576,Hydrocleys modesta Pedersen,Hydrocleys modesta,Pedersen,SPECIES,NA,ACCEPTED,Hydrocleys,modesta,SCIENTIFIC,<i>Hydrocleys</i> <i>modesta</i> Pedersen,EXACT,99,9,Plantae,Tracheophyta,Alismatales,Alismataceae,Hydrocleys,Hydrocleys modesta,6,7707728,551,3720,2864570,2864576,FALSE,Hydrocleys modesta,FALSE,Liliopsida,196,NA,NA,NA,NA,NA,NA,NA,NA,NA,NA,Hydrocleys modesta,Plant (strict freshwater habitat tag only)
2864584,Hydrocleys nymphoides (Humb. & Bonpl. ex Willd.) Buchenau,Hydrocleys nymphoides,(Humb. & Bonpl. ex Willd.) Buchenau,SPECIES,BOTANICAL,ACCEPTED,Hydrocleys,nymphoides,SCIENTIFIC,<i>Hydrocleys</i> <i>nymphoides</i> (Humb. & Bonpl. ex Willd.) Buchenau,EXACT,99,12,Plantae,Tracheophyta,Alismatales,Alismataceae,Hydrocleys,Hydrocleys nymphoides,6,7707728,551,3720,2864570,2864584,FALSE,Hydrocleys nymphoides,FALSE,Liliopsida,196,NA,NA,NA,NA,NA,NA,NA,NA,NA,NA,Hydrocleys nymphoides,Plant (strict freshwater habitat tag only)
2356176,"Hydrocynus goliath (Boulenger, 1898)",Hydrocynus goliath,"(Boulenger, 1898)",SPECIES,ZOOLOGICAL,ACCEPTED,Hydrocynus,goliath,SCIENTIFIC,"<i>Hydrocynus</i> <i>goliath</i> (Boulenger, 1898)",EXACT,99,14,Animalia,Chordata,Characiformes,Alestidae,Hydrocynus,Hydrocynus goliath,1,44,537,7199,2352302,2356176,FALSE,Hydrocynus goliath,FALSE,NA,NA,NA,NA,NA,NA,NA,NA,NA,NA,NA,NA,Hydrocynus goliath,Fish
2356183,"Hydrocynus vittatus Castelnau, 1861",Hydrocynus vittatus,"Castelnau, 1861",SPECIES,ZOOLOGICAL,ACCEPTED,Hydrocynus,vittatus,SCIENTIFIC,"<i>Hydrocynus</i> <i>vittatus</i> Castelnau, 1861",EXACT,99,13,Animalia,Chordata,Characiformes,Alestidae,Hydrocynus,Hydrocynus vittatus,1,44,537,7199,2352302,2356183,FALSE,Hydrocynus vittatus,FALSE,NA,NA,NA,NA,NA,NA,NA,NA,NA,NA,NA,NA,Hydrocynus vittatus,Fish
2641977,Hydrodictyon reticulatum (L.) Lagerh.,Hydrodictyon reticulatum,(L.) Lagerh.,SPECIES,BOTANICAL,ACCEPTED,Hydrodictyon,reticulatum,SCIENTIFIC,<i>Hydrodictyon</i> <i>reticulatum</i> (L.) Lagerh.,EXACT,97,14,Plantae,Chlorophyta,Sphaeropleales,Hydrodictyaceae,Hydrodictyon,Hydrodictyon reticulatum,6,36,7429582,8793,2641976,2641977,FALSE,Hydrodictyon reticulatum,FALSE,Chlorophyceae,329,NA,NA,NA,NA,NA,NA,NA,NA,NA,NA,Hydrodictyon reticulatum,Plant (strict freshwater habitat tag only)
2352289,"Hydrolycus armatus (Jardine, 1841)",Hydrolycus armatus,"(Jardine, 1841)",SPECIES,ZOOLOGICAL,ACCEPTED,Hydrolycus,armatus,SCIENTIFIC,"<i>Hydrolycus</i> <i>armatus</i> (Jardine, 1841)",EXACT,99,9,Animalia,Chordata,Characiformes,Cynodontidae,Hydrolycus,Hydrolycus armatus,1,44,537,2978,2352280,2352289,FALSE,Hydrolycus armatus,FALSE,NA,NA,NA,NA,NA,NA,NA,NA,NA,NA,NA,NA,Hydrolycus armatus,Fish
8020998,Hydrotriche hottoniiflora Zucc.,Hydrotriche hottoniiflora,Zucc.,SPECIES,NA,ACCEPTED,Hydrotriche,hottoniiflora,SCIENTIFIC,<i>Hydrotriche</i> <i>hottoniiflora</i> Zucc.,EXACT,99,14,Plantae,Tracheophyta,Lamiales,Plantaginaceae,Hydrotriche,Hydrotriche hottoniiflora,6,7707728,408,2420,7333383,8020998,FALSE,Hydrotriche hottoniiflora,FALSE,Magnoliopsida,220,NA,NA,NA,NA,NA,NA,NA,NA,NA,NA,Hydrotriche hottoniiflora,Plant (strict freshwater habitat tag only)
5415352,Hygrophila auriculata (Schumach.) Heine,Hygrophila auriculata,(Schumach.) Heine,SPECIES,BOTANICAL,ACCEPTED,Hygrophila,auriculata,SCIENTIFIC,<i>Hygrophila</i> <i>auriculata</i> (Schumach.) Heine,EXACT,99,12,Plantae,Tracheophyta,Lamiales,Acanthaceae,Hygrophila,Hygrophila auriculata,6,7707728,408,2393,9795574,5415352,FALSE,Hygrophila auriculata,FALSE,Magnoliopsida,220,NA,NA,NA,NA,NA,NA,NA,NA,NA,NA,Hygrophila auriculata,Plant (strict freshwater habitat tag only)
5415353,Hygrophila corymbosa (Blume) Lindau,Hygrophila corymbosa,(Blume) Lindau,SPECIES,BOTANICAL,ACCEPTED,Hygrophila,corymbosa,SCIENTIFIC,<i>Hygrophila</i> <i>corymbosa</i> (Blume) Lindau,EXACT,99,17,Plantae,Tracheophyta,Lamiales,Acanthaceae,Hygrophila,Hygrophila corymbosa,6,7707728,408,2393,9795574,5415353,FALSE,Hygrophila corymbosa,FALSE,Magnoliopsida,220,NA,NA,NA,NA,NA,NA,NA,NA,NA,NA,Hygrophila corymbosa,Plant (strict freshwater habitat tag only)
5415348,Hygrophila costata Nees,Hygrophila costata,Nees,SPECIES,NA,ACCEPTED,Hygrophila,costata,SCIENTIFIC,<i>Hygrophila</i> <i>costata</i> Nees,EXACT,99,10,Plantae,Tracheophyta,Lamiales,Acanthaceae,Hygrophila,Hygrophila costata,6,7707728,408,2393,9795574,5415348,FALSE,Hygrophila costata,FALSE,Magnoliopsida,220,NA,NA,NA,NA,NA,NA,NA,NA,NA,NA,Hygrophila costata,Plant (strict freshwater habitat tag only)
7549085,Hygrophila difformis (L.fil.) Blume,Hygrophila difformis,(L.fil.) Blume,SPECIES,BOTANICAL,ACCEPTED,Hygrophila,difformis,SCIENTIFIC,<i>Hygrophila</i> <i>difformis</i> (L.fil.) Blume,EXACT,97,15,Plantae,Tracheophyta,Lamiales,Acanthaceae,Hygrophila,Hygrophila difformis,6,7707728,408,2393,9795574,7549085,FALSE,Hygrophila difformis,FALSE,Magnoliopsida,220,NA,NA,NA,NA,NA,NA,NA,NA,NA,NA,Hygrophila difformis,Plant (strict freshwater habitat tag only)
5575565,Hygrophila erecta (Burm.fil.) Hochr.,Hygrophila erecta,(Burm.fil.) Hochr.,SPECIES,BOTANICAL,ACCEPTED,Hygrophila,erecta,SCIENTIFIC,<i>Hygrophila</i> <i>erecta</i> (Burm.fil.) Hochr.,EXACT,99,12,Plantae,Tracheophyta,Lamiales,Acanthaceae,Hygrophila,Hygrophila erecta,6,7707728,408,2393,9795574,5575565,FALSE,Hygrophila erecta,FALSE,Magnoliopsida,220,NA,NA,NA,NA,NA,NA,NA,NA,NA,NA,Hygrophila erecta,Plant (strict freshwater habitat tag only)
5575384,Hygrophila meianthos C.B.Clarke,Hygrophila meianthos,C.B.Clarke,SPECIES,NA,ACCEPTED,Hygrophila,meianthos,SCIENTIFIC,<i>Hygrophila</i> <i>meianthos</i> C.B.Clarke,EXACT,99,10,Plantae,Tracheophyta,Lamiales,Acanthaceae,Hygrophila,Hygrophila meianthos,6,7707728,408,2393,9795574,5575384,FALSE,Hygrophila meianthos,FALSE,Magnoliopsida,220,NA,NA,NA,NA,NA,NA,NA,NA,NA,NA,Hygrophila meianthos,Plant (strict freshwater habitat tag only)
5575310,Hygrophila phlomoides (Wall.) Nees,Hygrophila phlomoides,(Wall.) Nees,SPECIES,BOTANICAL,ACCEPTED,Hygrophila,phlomoides,SCIENTIFIC,<i>Hygrophila</i> <i>phlomoides</i> (Wall.) Nees,EXACT,99,12,Plantae,Tracheophyta,Lamiales,Acanthaceae,Hygrophila,Hygrophila phlomoides,6,7707728,408,2393,9795574,5575310,FALSE,Hygrophila phlomoides,FALSE,Magnoliopsida,220,NA,NA,NA,NA,NA,NA,NA,NA,NA,NA,Hygrophila phlomoides,Plant (strict freshwater habitat tag only)
5415355,Hygrophila polysperma (Roxb.) T.Anderson,Hygrophila polysperma,(Roxb.) T.Anderson,SPECIES,BOTANICAL,ACCEPTED,Hygrophila,polysperma,SCIENTIFIC,<i>Hygrophila</i> <i>polysperma</i> (Roxb.) T.Anderson,EXACT,99,11,Plantae,Tracheophyta,Lamiales,Acanthaceae,Hygrophila,Hygrophila polysperma,6,7707728,408,2393,9795574,5415355,FALSE,Hygrophila polysperma,FALSE,Magnoliopsida,220,NA,NA,NA,NA,NA,NA,NA,NA,NA,NA,Hygrophila polysperma,Plant (strict freshwater habitat tag only)
7591349,Hygrophila ringens (L.) R.Br.,Hygrophila ringens,(L.) R.Br.,SPECIES,BOTANICAL,ACCEPTED,Hygrophila,ringens,SCIENTIFIC,<i>Hygrophila</i> <i>ringens</i> (L.) R.Br.,EXACT,97,11,Plantae,Tracheophyta,Lamiales,Acanthaceae,Hygrophila,Hygrophila ringens,6,7707728,408,2393,9795574,7591349,FALSE,Hygrophila ringens,FALSE,Magnoliopsida,220,NA,NA,NA,NA,NA,NA,NA,NA,NA,NA,Hygrophila ringens,Plant (strict freshwater habitat tag only)
2339299,"Hypancistrus zebra Isbrücker & Nijssen, 1991",Hypancistrus zebra,"Isbrücker & Nijssen, 1991",SPECIES,ZOOLOGICAL,ACCEPTED,Hypancistrus,zebra,SCIENTIFIC,"<i>Hypancistrus</i> <i>zebra</i> Isbrücker & Nijssen, 1991",EXACT,99,15,Animalia,Chordata,Siluriformes,Loricariidae,Hypancistrus,Hypancistrus zebra,1,44,708,5158,2339298,2339299,FALSE,Hypancistrus zebra,FALSE,NA,NA,NA,NA,NA,NA,NA,NA,NA,NA,NA,NA,Hypancistrus zebra,Fish
2358934,"Hypentelium etowanum (Jordan, 1877)",Hypentelium etowanum,"(Jordan, 1877)",SPECIES,ZOOLOGICAL,ACCEPTED,Hypentelium,etowanum,SCIENTIFIC,"<i>Hypentelium</i> <i>etowanum</i> (Jordan, 1877)",EXACT,99,12,Animalia,Chordata,Cypriniformes,Catostomidae,Hypentelium,Hypentelium etowanum,1,44,1153,3384,2358929,2358934,FALSE,Hypentelium etowanum,FALSE,NA,NA,NA,NA,NA,NA,NA,NA,NA,NA,NA,NA,Hypentelium etowanum,Fish
2358931,"Hypentelium nigricans (Lesueur, 1817)",Hypentelium nigricans,"(Lesueur, 1817)",SPECIES,ZOOLOGICAL,ACCEPTED,Hypentelium,nigricans,SCIENTIFIC,"<i>Hypentelium</i> <i>nigricans</i> (Lesueur, 1817)",EXACT,99,13,Animalia,Chordata,Cypriniformes,Catostomidae,Hypentelium,Hypentelium nigricans,1,44,1153,3384,2358929,2358931,FALSE,Hypentelium nigricans,FALSE,NA,NA,NA,NA,NA,NA,NA,NA,NA,NA,NA,NA,Hypentelium nigricans,Fish
2358930,"Hypentelium roanokense Raney & Lachner, 1947",Hypentelium roanokense,"Raney & Lachner, 1947",SPECIES,ZOOLOGICAL,ACCEPTED,Hypentelium,roanokense,SCIENTIFIC,"<i>Hypentelium</i> <i>roanokense</i> Raney & Lachner, 1947",EXACT,99,12,Animalia,Chordata,Cypriniformes,Catostomidae,Hypentelium,Hypentelium roanokense,1,44,1153,3384,2358929,2358930,FALSE,Hypentelium roanokense,FALSE,NA,NA,NA,NA,NA,NA,NA,NA,NA,NA,NA,NA,Hypentelium roanokense,Fish
2354671,"Hyphessobrycon anisitsi (Eigenmann, 1907)",Hyphessobrycon anisitsi,"(Eigenmann, 1907)",SPECIES,ZOOLOGICAL,ACCEPTED,Hyphessobrycon,anisitsi,SCIENTIFIC,"<i>Hyphessobrycon</i> <i>anisitsi</i> (Eigenmann, 1907)",EXACT,99,16,Animalia,Chordata,Characiformes,Characidae,Hyphessobrycon,Hyphessobrycon anisitsi,1,44,537,7201,2354506,2354671,FALSE,Hyphessobrycon anisitsi,FALSE,NA,NA,NA,NA,NA,NA,NA,NA,NA,NA,NA,NA,Hyphessobrycon anisitsi,Fish
2354612,"Hyphessobrycon eques (Steindachner, 1882)",Hyphessobrycon eques,"(Steindachner, 1882)",SPECIES,ZOOLOGICAL,ACCEPTED,Hyphessobrycon,eques,SCIENTIFIC,"<i>Hyphessobrycon</i> <i>eques</i> (Steindachner, 1882)",EXACT,99,11,Animalia,Chordata,Characiformes,Characidae,Hyphessobrycon,Hyphessobrycon eques,1,44,537,7201,2354506,2354612,FALSE,Hyphessobrycon eques,FALSE,NA,NA,NA,NA,NA,NA,NA,NA,NA,NA,NA,NA,Hyphessobrycon eques,Fish
2354681,"Hyphessobrycon erythrostigma (Fowler, 1943)",Hyphessobrycon erythrostigma,"(Fowler, 1943)",SPECIES,ZOOLOGICAL,ACCEPTED,Hyphessobrycon,erythrostigma,SCIENTIFIC,"<i>Hyphessobrycon</i> <i>erythrostigma</i> (Fowler, 1943)",EXACT,99,14,Animalia,Chordata,Characiformes,Characidae,Hyphessobrycon,Hyphessobrycon erythrostigma,1,44,537,7201,2354506,2354681,FALSE,Hyphessobrycon erythrostigma,FALSE,NA,NA,NA,NA,NA,NA,NA,NA,NA,NA,NA,NA,Hyphessobrycon erythrostigma,Fish
2354538,"Hyphessobrycon flammeus Myers, 1924",Hyphessobrycon flammeus,"Myers, 1924",SPECIES,ZOOLOGICAL,ACCEPTED,Hyphessobrycon,flammeus,SCIENTIFIC,"<i>Hyphessobrycon</i> <i>flammeus</i> Myers, 1924",EXACT,99,11,Animalia,Chordata,Characiformes,Characidae,Hyphessobrycon,Hyphessobrycon flammeus,1,44,537,7201,2354506,2354538,FALSE,Hyphessobrycon flammeus,FALSE,NA,NA,NA,NA,NA,NA,NA,NA,NA,NA,NA,NA,Hyphessobrycon flammeus,Fish
2354640,"Hyphessobrycon herbertaxelrodi Géry, 1961",Hyphessobrycon herbertaxelrodi,"Géry, 1961",SPECIES,ZOOLOGICAL,ACCEPTED,Hyphessobrycon,herbertaxelrodi,SCIENTIFIC,"<i>Hyphessobrycon</i> <i>herbertaxelrodi</i> Géry, 1961",EXACT,99,16,Animalia,Chordata,Characiformes,Characidae,Hyphessobrycon,Hyphessobrycon herbertaxelrodi,1,44,537,7201,2354506,2354640,FALSE,Hyphessobrycon herbertaxelrodi,FALSE,NA,NA,NA,NA,NA,NA,NA,NA,NA,NA,NA,NA,Hyphessobrycon herbertaxelrodi,Fish
2354646,"Hyphessobrycon megalopterus (Eigenmann, 1915)",Hyphessobrycon megalopterus,"(Eigenmann, 1915)",SPECIES,ZOOLOGICAL,ACCEPTED,Hyphessobrycon,megalopterus,SCIENTIFIC,"<i>Hyphessobrycon</i> <i>megalopterus</i> (Eigenmann, 1915)",EXACT,99,14,Animalia,Chordata,Characiformes,Characidae,Hyphessobrycon,Hyphessobrycon megalopterus,1,44,537,7201,2354506,2354646,FALSE,Hyphessobrycon megalopterus,FALSE,NA,NA,NA,NA,NA,NA,NA,NA,NA,NA,NA,NA,Hyphessobrycon megalopterus,Fish
2354601,"Hyphessobrycon pulchripinnis Ahl, 1937",Hyphessobrycon pulchripinnis,"Ahl, 1937",SPECIES,ZOOLOGICAL,ACCEPTED,Hyphessobrycon,pulchripinnis,SCIENTIFIC,"<i>Hyphessobrycon</i> <i>pulchripinnis</i> Ahl, 1937",EXACT,99,18,Animalia,Chordata,Characiformes,Characidae,Hyphessobrycon,Hyphessobrycon pulchripinnis,1,44,537,7201,2354506,2354601,FALSE,Hyphessobrycon pulchripinnis,FALSE,NA,NA,NA,NA,NA,NA,NA,NA,NA,NA,NA,NA,Hyphessobrycon pulchripinnis,Fish
2410890,"Hypomesus nipponensis McAllister, 1963",Hypomesus nipponensis,"McAllister, 1963",SPECIES,ZOOLOGICAL,ACCEPTED,Hypomesus,nipponensis,SCIENTIFIC,"<i>Hypomesus</i> <i>nipponensis</i> McAllister, 1963",EXACT,99,14,Animalia,Chordata,Osmeriformes,Osmeridae,Hypomesus,Hypomesus nipponensis,1,44,1068,8480,2410868,2410890,FALSE,Hypomesus nipponensis,FALSE,NA,NA,NA,NA,NA,NA,NA,NA,NA,NA,NA,NA,Hypomesus nipponensis,Fish
2410880,"Hypomesus olidus (Pallas, 1814)",Hypomesus olidus,"(Pallas, 1814)",SPECIES,ZOOLOGICAL,ACCEPTED,Hypomesus,olidus,SCIENTIFIC,"<i>Hypomesus</i> <i>olidus</i> (Pallas, 1814)",EXACT,99,8,Animalia,Chordata,Osmeriformes,Osmeridae,Hypomesus,Hypomesus olidus,1,44,1068,8480,2410868,2410880,FALSE,Hypomesus olidus,FALSE,NA,NA,NA,NA,NA,NA,NA,NA,NA,NA,NA,NA,Hypomesus olidus,Fish
2410879,"Hypomesus transpacificus McAllister, 1963",Hypomesus transpacificus,"McAllister, 1963",SPECIES,ZOOLOGICAL,ACCEPTED,Hypomesus,transpacificus,SCIENTIFIC,"<i>Hypomesus</i> <i>transpacificus</i> McAllister, 1963",EXACT,99,7,Animalia,Chordata,Osmeriformes,Osmeridae,Hypomesus,Hypomesus transpacificus,1,44,1068,8480,2410868,2410879,FALSE,Hypomesus transpacificus,FALSE,NA,NA,NA,NA,NA,NA,NA,NA,NA,NA,NA,NA,Hypomesus transpacificus,Fish
2362473,"Hypophthalmichthys molitrix (Valenciennes, 1844)",Hypophthalmichthys molitrix,"(Valenciennes, 1844)",SPECIES,ZOOLOGICAL,ACCEPTED,Hypophthalmichthys,molitrix,SCIENTIFIC,"<i>Hypophthalmichthys</i> <i>molitrix</i> (Valenciennes, 1844)",EXACT,99,17,Animalia,Chordata,Cypriniformes,Cyprinidae,Hypophthalmichthys,Hypophthalmichthys molitrix,1,44,1153,7336,2362472,2362473,FALSE,Hypophthalmichthys molitrix,FALSE,NA,NA,NA,NA,NA,NA,NA,NA,NA,NA,NA,NA,Hypophthalmichthys molitrix,Fish
2362486,"Hypophthalmichthys nobilis (Richardson, 1845)",Hypophthalmichthys nobilis,"(Richardson, 1845)",SPECIES,ZOOLOGICAL,ACCEPTED,Hypophthalmichthys,nobilis,SCIENTIFIC,"<i>Hypophthalmichthys</i> <i>nobilis</i> (Richardson, 1845)",EXACT,99,15,Animalia,Chordata,Cypriniformes,Cyprinidae,Hypophthalmichthys,Hypophthalmichthys nobilis,1,44,1153,7336,2362472,2362486,FALSE,Hypophthalmichthys nobilis,FALSE,NA,NA,NA,NA,NA,NA,NA,NA,NA,NA,NA,NA,Hypophthalmichthys nobilis,Fish
2339615,"Hypostomus Lacepède, 1803",Hypostomus,"Lacepède, 1803",GENUS,ZOOLOGICAL,ACCEPTED,NA,NA,SCIENTIFIC,"<i>Hypostomus</i> Lacepède, 1803",EXACT,94,34,Animalia,Chordata,Siluriformes,Loricariidae,Hypostomus,NA,1,44,708,5158,2339615,NA,FALSE,Hypostomus,FALSE,NA,NA,NA,NA,NA,NA,NA,NA,NA,NA,NA,NA,Hypostomus,Fish
5202178,"Hypostomus plecostomus (Linnaeus, 1758)",Hypostomus plecostomus,"(Linnaeus, 1758)",SPECIES,ZOOLOGICAL,ACCEPTED,Hypostomus,plecostomus,SCIENTIFIC,"<i>Hypostomus</i> <i>plecostomus</i> (Linnaeus, 1758)",EXACT,99,13,Animalia,Chordata,Siluriformes,Loricariidae,Hypostomus,Hypostomus plecostomus,1,44,708,5158,2339615,5202178,FALSE,Hypostomus plecostomus,FALSE,NA,NA,NA,NA,NA,NA,NA,NA,NA,NA,NA,NA,Hypostomus plecostomus,Fish
5202194,"Hypostomus punctatus Valenciennes, 1840",Hypostomus punctatus,"Valenciennes, 1840",SPECIES,ZOOLOGICAL,ACCEPTED,Hypostomus,punctatus,SCIENTIFIC,"<i>Hypostomus</i> <i>punctatus</i> Valenciennes, 1840",EXACT,99,11,Animalia,Chordata,Siluriformes,Loricariidae,Hypostomus,Hypostomus punctatus,1,44,708,5158,2339615,5202194,FALSE,Hypostomus punctatus,FALSE,NA,NA,NA,NA,NA,NA,NA,NA,NA,NA,NA,NA,Hypostomus punctatus,Fish
5202236,"Hypostomus ventromaculatus Boeseman, 1968",Hypostomus ventromaculatus,"Boeseman, 1968",SPECIES,ZOOLOGICAL,ACCEPTED,Hypostomus,ventromaculatus,SCIENTIFIC,"<i>Hypostomus</i> <i>ventromaculatus</i> Boeseman, 1968",EXACT,99,15,Animalia,Chordata,Siluriformes,Loricariidae,Hypostomus,Hypostomus ventromaculatus,1,44,708,5158,2339615,5202236,FALSE,Hypostomus ventromaculatus,FALSE,NA,NA,NA,NA,NA,NA,NA,NA,NA,NA,NA,NA,Hypostomus ventromaculatus,Fish
2370817,"Hypsophrys nicaraguensis (Günther, 1864)",Hypsophrys nicaraguensis,"(Günther, 1864)",SPECIES,ZOOLOGICAL,ACCEPTED,Hypsophrys,nicaraguensis,SCIENTIFIC,"<i>Hypsophrys</i> <i>nicaraguensis</i> (Günther, 1864)",EXACT,99,14,Animalia,Chordata,Perciformes,Cichlidae,Hypsophrys,Hypsophrys nicaraguensis,1,44,587,8522,2226042,2370817,FALSE,Hypsophrys nicaraguensis,FALSE,NA,NA,NA,NA,NA,NA,NA,NA,NA,NA,NA,NA,Hypsophrys nicaraguensis,Fish
4285662,"Hysterocarpus traskii Gibbons, 1854",Hysterocarpus traskii,"Gibbons, 1854",SPECIES,ZOOLOGICAL,ACCEPTED,Hysterocarpus,traskii,SCIENTIFIC,"<i>Hysterocarpus</i> <i>traskii</i> Gibbons, 1854",EXACT,99,11,Animalia,Chordata,Perciformes,Embiotocidae,Hysterocarpus,Hysterocarpus traskii,1,44,587,4269,2389231,4285662,FALSE,Hysterocarpus traskii,FALSE,NA,NA,NA,NA,NA,NA,NA,NA,NA,NA,NA,NA,Hysterocarpus traskii,Fish
2421247,"Ichthyomyzon unicuspis Hubbs & Trautman, 1937",Ichthyomyzon unicuspis,"Hubbs & Trautman, 1937",SPECIES,ZOOLOGICAL,ACCEPTED,Ichthyomyzon,unicuspis,SCIENTIFIC,"<i>Ichthyomyzon</i> <i>unicuspis</i> Hubbs & Trautman, 1937",EXACT,99,11,Animalia,Chordata,Petromyzontiformes,Petromyzontidae,Ichthyomyzon,Ichthyomyzon unicuspis,1,44,771,2212,2421239,2421247,FALSE,Ichthyomyzon unicuspis,FALSE,Petromyzonti,11881065,NA,NA,NA,NA,NA,NA,NA,NA,NA,NA,Ichthyomyzon unicuspis,Fish
5202525,"Ictalurus furcatus (Valenciennes, 1840)",Ictalurus furcatus,"(Valenciennes, 1840)",SPECIES,ZOOLOGICAL,ACCEPTED,Ictalurus,furcatus,SCIENTIFIC,"<i>Ictalurus</i> <i>furcatus</i> (Valenciennes, 1840)",EXACT,98,9,Animalia,Chordata,Siluriformes,Ictaluridae,Ictalurus,Ictalurus furcatus,1,44,708,5153,2341047,5202525,FALSE,Ictalurus furcatus,FALSE,NA,NA,NA,NA,NA,NA,NA,NA,NA,NA,NA,NA,Ictalurus furcatus,Fish
5202521,"Ictalurus pricei (Rutter, 1896)",Ictalurus pricei,"(Rutter, 1896)",SPECIES,ZOOLOGICAL,ACCEPTED,Ictalurus,pricei,SCIENTIFIC,"<i>Ictalurus</i> <i>pricei</i> (Rutter, 1896)",EXACT,99,8,Animalia,Chordata,Siluriformes,Ictaluridae,Ictalurus,Ictalurus pricei,1,44,708,5153,2341047,5202521,FALSE,Ictalurus pricei,FALSE,NA,NA,NA,NA,NA,NA,NA,NA,NA,NA,NA,NA,Ictalurus pricei,Fish
5202520,"Ictalurus punctatus (Rafinesque, 1818)",Ictalurus punctatus,"(Rafinesque, 1818)",SPECIES,ZOOLOGICAL,ACCEPTED,Ictalurus,punctatus,SCIENTIFIC,"<i>Ictalurus</i> <i>punctatus</i> (Rafinesque, 1818)",EXACT,99,8,Animalia,Chordata,Siluriformes,Ictaluridae,Ictalurus,Ictalurus punctatus,1,44,708,5153,2341047,5202520,FALSE,Ictalurus punctatus,FALSE,NA,NA,NA,NA,NA,NA,NA,NA,NA,NA,NA,NA,Ictalurus punctatus,Fish
2359075,"Ictiobus bubalus (Rafinesque, 1818)",Ictiobus bubalus,"(Rafinesque, 1818)",SPECIES,ZOOLOGICAL,ACCEPTED,Ictiobus,bubalus,SCIENTIFIC,"<i>Ictiobus</i> <i>bubalus</i> (Rafinesque, 1818)",EXACT,99,7,Animalia,Chordata,Cypriniformes,Catostomidae,Ictiobus,Ictiobus bubalus,1,44,1153,3384,2359074,2359075,FALSE,Ictiobus bubalus,FALSE,NA,NA,NA,NA,NA,NA,NA,NA,NA,NA,NA,NA,Ictiobus bubalus,Fish
2359081,"Ictiobus cyprinellus (Valenciennes, 1844)",Ictiobus cyprinellus,"(Valenciennes, 1844)",SPECIES,ZOOLOGICAL,ACCEPTED,Ictiobus,cyprinellus,SCIENTIFIC,"<i>Ictiobus</i> <i>cyprinellus</i> (Valenciennes, 1844)",EXACT,99,9,Animalia,Chordata,Cypriniformes,Catostomidae,Ictiobus,Ictiobus cyprinellus,1,44,1153,3384,2359074,2359081,FALSE,Ictiobus cyprinellus,FALSE,NA,NA,NA,NA,NA,NA,NA,NA,NA,NA,NA,NA,Ictiobus cyprinellus,Fish
2359079,"Ictiobus niger (Rafinesque, 1819)",Ictiobus niger,"(Rafinesque, 1819)",SPECIES,ZOOLOGICAL,ACCEPTED,Ictiobus,niger,SCIENTIFIC,"<i>Ictiobus</i> <i>niger</i> (Rafinesque, 1819)",EXACT,99,7,Animalia,Chordata,Cypriniformes,Catostomidae,Ictiobus,Ictiobus niger,1,44,1153,3384,2359074,2359079,FALSE,Ictiobus niger,FALSE,NA,NA,NA,NA,NA,NA,NA,NA,NA,NA,NA,NA,Ictiobus niger,Fish
5784747,"Indoplanorbis exustus (Deshayes, 1833)",Indoplanorbis exustus,"(Deshayes, 1833)",SPECIES,ZOOLOGICAL,ACCEPTED,Indoplanorbis,exustus,SCIENTIFIC,"<i>Indoplanorbis</i> <i>exustus</i> (Deshayes, 1833)",EXACT,99,11,Animalia,Mollusca,NA,Bulinidae,Indoplanorbis,Indoplanorbis exustus,1,52,NA,3243757,4606372,5784747,FALSE,Indoplanorbis exustus,FALSE,Gastropoda,225,NA,NA,NA,NA,NA,NA,NA,NA,NA,NA,Indoplanorbis exustus,Gastropod
2362727,"Iotichthys phlegethontis (Cope, 1874)",Iotichthys phlegethontis,"(Cope, 1874)",SPECIES,ZOOLOGICAL,ACCEPTED,Iotichthys,phlegethontis,SCIENTIFIC,"<i>Iotichthys</i> <i>phlegethontis</i> (Cope, 1874)",EXACT,99,11,Animalia,Chordata,Cypriniformes,Cyprinidae,Iotichthys,Iotichthys phlegethontis,1,44,1153,7336,2362726,2362727,FALSE,Iotichthys phlegethontis,FALSE,NA,NA,NA,NA,NA,NA,NA,NA,NA,NA,NA,NA,Iotichthys phlegethontis,Fish
2367589,"Ischikauia steenackeri (Sauvage, 1883)",Ischikauia steenackeri,"(Sauvage, 1883)",SPECIES,ZOOLOGICAL,ACCEPTED,Ischikauia,steenackeri,SCIENTIFIC,"<i>Ischikauia</i> <i>steenackeri</i> (Sauvage, 1883)",EXACT,99,11,Animalia,Chordata,Cypriniformes,Cyprinidae,Ischikauia,Ischikauia steenackeri,1,44,1153,7336,2367588,2367589,FALSE,Ischikauia steenackeri,FALSE,NA,NA,NA,NA,NA,NA,NA,NA,NA,NA,NA,NA,Ischikauia steenackeri,Fish
2348164,"Jordanella floridae Goode & Bean, 1879",Jordanella floridae,"Goode & Bean, 1879",SPECIES,ZOOLOGICAL,ACCEPTED,Jordanella,floridae,SCIENTIFIC,"<i>Jordanella</i> <i>floridae</i> Goode & Bean, 1879",EXACT,99,8,Animalia,Chordata,Cyprinodontiformes,Cyprinodontidae,Jordanella,Jordanella floridae,1,44,547,7656,2348163,2348164,FALSE,Jordanella floridae,FALSE,NA,NA,NA,NA,NA,NA,NA,NA,NA,NA,NA,NA,Jordanella floridae,Fish
2375688,"Knipowitschia caucasica (Berg, 1916)",Knipowitschia caucasica,"(Berg, 1916)",SPECIES,ZOOLOGICAL,ACCEPTED,Knipowitschia,caucasica,SCIENTIFIC,"<i>Knipowitschia</i> <i>caucasica</i> (Berg, 1916)",EXACT,99,12,Animalia,Chordata,Perciformes,Gobiidae,Knipowitschia,Knipowitschia caucasica,1,44,587,4274,2375666,2375688,FALSE,Knipowitschia caucasica,FALSE,NA,NA,NA,NA,NA,NA,NA,NA,NA,NA,NA,NA,Knipowitschia caucasica,Fish
2337886,"Kryptopterus bicirrhis (Valenciennes, 1840)",Kryptopterus bicirrhis,"(Valenciennes, 1840)",SPECIES,ZOOLOGICAL,ACCEPTED,Kryptopterus,bicirrhis,SCIENTIFIC,"<i>Kryptopterus</i> <i>bicirrhis</i> (Valenciennes, 1840)",EXACT,99,12,Animalia,Chordata,Siluriformes,Siluridae,Kryptopterus,Kryptopterus bicirrhis,1,44,708,5168,2337880,2337886,FALSE,Kryptopterus bicirrhis,FALSE,NA,NA,NA,NA,NA,NA,NA,NA,NA,NA,NA,NA,Kryptopterus bicirrhis,Fish
5208684,"Kuhlia rupestris (Lacepède, 1802)",Kuhlia rupestris,"(Lacepède, 1802)",SPECIES,ZOOLOGICAL,ACCEPTED,Kuhlia,rupestris,SCIENTIFIC,"<i>Kuhlia</i> <i>rupestris</i> (Lacepède, 1802)",EXACT,99,10,Animalia,Chordata,Perciformes,Kuhliidae,Kuhlia,Kuhlia rupestris,1,44,587,7008,2374670,5208684,FALSE,Kuhlia rupestris,FALSE,NA,NA,NA,NA,NA,NA,NA,NA,NA,NA,NA,NA,Kuhlia rupestris,Fish
5206125,"Labeo bata (Hamilton, 1822)",Labeo bata,"(Hamilton, 1822)",SPECIES,ZOOLOGICAL,ACCEPTED,Labeo,bata,SCIENTIFIC,"<i>Labeo</i> <i>bata</i> (Hamilton, 1822)",EXACT,99,1,Animalia,Chordata,Cypriniformes,Cyprinidae,Labeo,Labeo bata,1,44,1153,7336,2361601,5206125,FALSE,Labeo bata,FALSE,NA,NA,NA,NA,NA,NA,NA,NA,NA,NA,NA,NA,Labeo bata,Fish
5206019,"Labeo calbasu (Hamilton, 1822)",Labeo calbasu,"(Hamilton, 1822)",SPECIES,ZOOLOGICAL,ACCEPTED,Labeo,calbasu,SCIENTIFIC,"<i>Labeo</i> <i>calbasu</i> (Hamilton, 1822)",EXACT,99,8,Animalia,Chordata,Cypriniformes,Cyprinidae,Labeo,Labeo calbasu,1,44,1153,7336,2361601,5206019,FALSE,Labeo calbasu,FALSE,NA,NA,NA,NA,NA,NA,NA,NA,NA,NA,NA,NA,Labeo calbasu,Fish
5206198,"Labeo chrysophekadion (Bleeker, 1849)",Labeo chrysophekadion,"(Bleeker, 1849)",SPECIES,ZOOLOGICAL,ACCEPTED,Labeo,chrysophekadion,SCIENTIFIC,"<i>Labeo</i> <i>chrysophekadion</i> (Bleeker, 1849)",EXACT,99,6,Animalia,Chordata,Cypriniformes,Cyprinidae,Labeo,Labeo chrysophekadion,1,44,1153,7336,2361601,5206198,FALSE,Labeo chrysophekadion,FALSE,NA,NA,NA,NA,NA,NA,NA,NA,NA,NA,NA,NA,Labeo chrysophekadion,Fish
5206083,"Labeo rohita (Hamilton, 1822)",Labeo rohita,"(Hamilton, 1822)",SPECIES,ZOOLOGICAL,ACCEPTED,Labeo,rohita,SCIENTIFIC,"<i>Labeo</i> <i>rohita</i> (Hamilton, 1822)",EXACT,99,3,Animalia,Chordata,Cypriniformes,Cyprinidae,Labeo,Labeo rohita,1,44,1153,7336,2361601,5206083,FALSE,Labeo rohita,FALSE,NA,NA,NA,NA,NA,NA,NA,NA,NA,NA,NA,NA,Labeo rohita,Fish
5205453,"Labeobarbus aeneus (Burchell, 1822)",Labeobarbus aeneus,"(Burchell, 1822)",SPECIES,ZOOLOGICAL,ACCEPTED,Labeobarbus,aeneus,SCIENTIFIC,"<i>Labeobarbus</i> <i>aeneus</i> (Burchell, 1822)",EXACT,99,10,Animalia,Chordata,Cypriniformes,Cyprinidae,Labeobarbus,Labeobarbus aeneus,1,44,1153,7336,8078638,5205453,FALSE,Labeobarbus aeneus,FALSE,NA,NA,NA,NA,NA,NA,NA,NA,NA,NA,NA,NA,Labeobarbus aeneus,Fish
5205497,"Labeobarbus kimberleyensis (Gilchrist & Thompson, 1913)",Labeobarbus kimberleyensis,"(Gilchrist & Thompson, 1913)",SPECIES,ZOOLOGICAL,ACCEPTED,Labeobarbus,kimberleyensis,SCIENTIFIC,"<i>Labeobarbus</i> <i>kimberleyensis</i> (Gilchrist & Thompson, 1913)",EXACT,99,14,Animalia,Chordata,Cypriniformes,Cyprinidae,Labeobarbus,Labeobarbus kimberleyensis,1,44,1153,7336,8078638,5205497,FALSE,Labeobarbus kimberleyensis,FALSE,NA,NA,NA,NA,NA,NA,NA,NA,NA,NA,NA,NA,Labeobarbus kimberleyensis,Fish
5205514,"Labeobarbus natalensis (Castelnau, 1861)",Labeobarbus natalensis,"(Castelnau, 1861)",SPECIES,ZOOLOGICAL,ACCEPTED,Labeobarbus,natalensis,SCIENTIFIC,"<i>Labeobarbus</i> <i>natalensis</i> (Castelnau, 1861)",EXACT,99,13,Animalia,Chordata,Cypriniformes,Cyprinidae,Labeobarbus,Labeobarbus natalensis,1,44,1153,7336,8078638,5205514,FALSE,Labeobarbus natalensis,FALSE,NA,NA,NA,NA,NA,NA,NA,NA,NA,NA,NA,NA,Labeobarbus natalensis,Fish
2372167,"Labeotropheus fuelleborni Ahl, 1926",Labeotropheus fuelleborni,"Ahl, 1926",SPECIES,ZOOLOGICAL,ACCEPTED,Labeotropheus,fuelleborni,SCIENTIFIC,"<i>Labeotropheus</i> <i>fuelleborni</i> Ahl, 1926",EXACT,99,14,Animalia,Chordata,Perciformes,Cichlidae,Labeotropheus,Labeotropheus fuelleborni,1,44,587,8522,2372165,2372167,FALSE,Labeotropheus fuelleborni,FALSE,NA,NA,NA,NA,NA,NA,NA,NA,NA,NA,NA,NA,Labeotropheus fuelleborni,Fish
2412271,"Labidesthes sicculus (Cope, 1865)",Labidesthes sicculus,"(Cope, 1865)",SPECIES,ZOOLOGICAL,ACCEPTED,Labidesthes,sicculus,SCIENTIFIC,"<i>Labidesthes</i> <i>sicculus</i> (Cope, 1865)",EXACT,99,9,Animalia,Chordata,Atheriniformes,Atherinopsidae,Labidesthes,Labidesthes sicculus,1,44,496,2957,2412270,2412271,FALSE,Labidesthes sicculus,FALSE,NA,NA,NA,NA,NA,NA,NA,NA,NA,NA,NA,NA,Labidesthes sicculus,Fish
2371661,"Labidochromis caeruleus Fryer, 1956",Labidochromis caeruleus,"Fryer, 1956",SPECIES,ZOOLOGICAL,ACCEPTED,Labidochromis,caeruleus,SCIENTIFIC,"<i>Labidochromis</i> <i>caeruleus</i> Fryer, 1956",EXACT,99,11,Animalia,Chordata,Perciformes,Cichlidae,Labidochromis,Labidochromis caeruleus,1,44,587,8522,2371640,2371661,FALSE,Labidochromis caeruleus,FALSE,NA,NA,NA,NA,NA,NA,NA,NA,NA,NA,NA,NA,Labidochromis caeruleus,Fish
8343100,"Ladislavella catascopium (Say, 1817)",Ladislavella catascopium,"(Say, 1817)",SPECIES,ZOOLOGICAL,ACCEPTED,Ladislavella,catascopium,SCIENTIFIC,"<i>Ladislavella</i> <i>catascopium</i> (Say, 1817)",EXACT,99,12,Animalia,Mollusca,NA,Lymnaeidae,Ladislavella,Ladislavella catascopium,1,52,NA,2852,4606458,8343100,FALSE,Ladislavella catascopium,FALSE,Gastropoda,225,NA,NA,NA,NA,NA,NA,NA,NA,NA,NA,Ladislavella catascopium,Gastropod
2865567,Lagarosiphon madagascariensis Casp.,Lagarosiphon madagascariensis,Casp.,SPECIES,NA,ACCEPTED,Lagarosiphon,madagascariensis,SCIENTIFIC,<i>Lagarosiphon</i> <i>madagascariensis</i> Casp.,EXACT,99,15,Plantae,Tracheophyta,Alismatales,Hydrocharitaceae,Lagarosiphon,Lagarosiphon madagascariensis,6,7707728,551,3721,2865546,2865567,FALSE,Lagarosiphon madagascariensis,FALSE,Liliopsida,196,NA,NA,NA,NA,NA,NA,NA,NA,NA,NA,Lagarosiphon madagascariensis,Plant (strict freshwater habitat tag only)
2865565,Lagarosiphon major (Ridl.) Moss,Lagarosiphon major,(Ridl.) Moss,SPECIES,BOTANICAL,ACCEPTED,Lagarosiphon,major,SCIENTIFIC,<i>Lagarosiphon</i> <i>major</i> (Ridl.) Moss,EXACT,97,10,Plantae,Tracheophyta,Alismatales,Hydrocharitaceae,Lagarosiphon,Lagarosiphon major,6,7707728,551,3721,2865546,2865565,FALSE,Lagarosiphon major,FALSE,Liliopsida,196,NA,NA,NA,NA,NA,NA,NA,NA,NA,NA,Lagarosiphon major,Plant (strict freshwater habitat tag only)
2865550,Lagarosiphon muscoides Harv.,Lagarosiphon muscoides,Harv.,SPECIES,NA,ACCEPTED,Lagarosiphon,muscoides,SCIENTIFIC,<i>Lagarosiphon</i> <i>muscoides</i> Harv.,EXACT,99,13,Plantae,Tracheophyta,Alismatales,Hydrocharitaceae,Lagarosiphon,Lagarosiphon muscoides,6,7707728,551,3721,2865546,2865550,FALSE,Lagarosiphon muscoides,FALSE,Liliopsida,196,NA,NA,NA,NA,NA,NA,NA,NA,NA,NA,Lagarosiphon muscoides,Plant (strict freshwater habitat tag only)
2392025,"Lateolabrax japonicus (Cuvier, 1828)",Lateolabrax japonicus,"(Cuvier, 1828)",SPECIES,ZOOLOGICAL,ACCEPTED,Lateolabrax,japonicus,SCIENTIFIC,"<i>Lateolabrax</i> <i>japonicus</i> (Cuvier, 1828)",EXACT,99,13,Animalia,Chordata,Perciformes,Lateolabracidae,Lateolabrax,Lateolabrax japonicus,1,44,587,8537,2392024,2392025,FALSE,Lateolabrax japonicus,FALSE,NA,NA,NA,NA,NA,NA,NA,NA,NA,NA,NA,NA,Lateolabrax japonicus,Fish
2393183,"Lates angustifrons Boulenger, 1906",Lates angustifrons,"Boulenger, 1906",SPECIES,ZOOLOGICAL,ACCEPTED,Lates,angustifrons,SCIENTIFIC,"<i>Lates</i> <i>angustifrons</i> Boulenger, 1906",EXACT,99,10,Animalia,Chordata,Perciformes,Latidae,Lates,Lates angustifrons,1,44,587,4281,2380430,2393183,FALSE,Lates angustifrons,FALSE,NA,NA,NA,NA,NA,NA,NA,NA,NA,NA,NA,NA,Lates angustifrons,Fish
2393172,"Lates calcarifer (Bloch, 1790)",Lates calcarifer,"(Bloch, 1790)",SPECIES,ZOOLOGICAL,ACCEPTED,Lates,calcarifer,SCIENTIFIC,"<i>Lates</i> <i>calcarifer</i> (Bloch, 1790)",EXACT,99,9,Animalia,Chordata,Perciformes,Latidae,Lates,Lates calcarifer,1,44,587,4281,2380430,2393172,FALSE,Lates calcarifer,FALSE,NA,NA,NA,NA,NA,NA,NA,NA,NA,NA,NA,NA,Lates calcarifer,Fish
2393192,"Lates mariae Steindachner, 1909",Lates mariae,"Steindachner, 1909",SPECIES,ZOOLOGICAL,ACCEPTED,Lates,mariae,SCIENTIFIC,"<i>Lates</i> <i>mariae</i> Steindachner, 1909",EXACT,99,2,Animalia,Chordata,Perciformes,Latidae,Lates,Lates mariae,1,44,587,4281,2380430,2393192,FALSE,Lates mariae,FALSE,NA,NA,NA,NA,NA,NA,NA,NA,NA,NA,NA,NA,Lates mariae,Fish
2393184,"Lates niloticus (Linnaeus, 1758)",Lates niloticus,"(Linnaeus, 1758)",SPECIES,ZOOLOGICAL,ACCEPTED,Lates,niloticus,SCIENTIFIC,"<i>Lates</i> <i>niloticus</i> (Linnaeus, 1758)",EXACT,99,9,Animalia,Chordata,Perciformes,Latidae,Lates,Lates niloticus,1,44,587,4281,2380430,2393184,FALSE,Lates niloticus,FALSE,NA,NA,NA,NA,NA,NA,NA,NA,NA,NA,NA,NA,Lates niloticus,Fish
5206009,"Lavinia exilicauda Baird & Girard, 1854",Lavinia exilicauda,"Baird & Girard, 1854",SPECIES,ZOOLOGICAL,ACCEPTED,Lavinia,exilicauda,SCIENTIFIC,"<i>Lavinia</i> <i>exilicauda</i> Baird & Girard, 1854",EXACT,99,9,Animalia,Chordata,Cypriniformes,Cyprinidae,Lavinia,Lavinia exilicauda,1,44,1153,7336,2361594,5206009,FALSE,Lavinia exilicauda,FALSE,NA,NA,NA,NA,NA,NA,NA,NA,NA,NA,NA,NA,Lavinia exilicauda,Fish
2358859,"Lefua nikkonis (Jordan & Fowler, 1903)",Lefua nikkonis,"(Jordan & Fowler, 1903)",SPECIES,ZOOLOGICAL,ACCEPTED,Lefua,nikkonis,SCIENTIFIC,"<i>Lefua</i> <i>nikkonis</i> (Jordan & Fowler, 1903)",EXACT,99,6,Animalia,Chordata,Cypriniformes,Nemacheilidae,Lefua,Lefua nikkonis,1,44,1153,6759123,2358857,2358859,FALSE,Lefua nikkonis,FALSE,NA,NA,NA,NA,NA,NA,NA,NA,NA,NA,NA,NA,Lefua nikkonis,Fish
2338858,"Leiarius marmoratus (Gill, 1870)",Leiarius marmoratus,"(Gill, 1870)",SPECIES,ZOOLOGICAL,ACCEPTED,Leiarius,marmoratus,SCIENTIFIC,"<i>Leiarius</i> <i>marmoratus</i> (Gill, 1870)",EXACT,99,10,Animalia,Chordata,Siluriformes,Pimelodidae,Leiarius,Leiarius marmoratus,1,44,708,5163,2338857,2338858,FALSE,Leiarius marmoratus,FALSE,NA,NA,NA,NA,NA,NA,NA,NA,NA,NA,NA,NA,Leiarius marmoratus,Fish
2867616,Lemna aequinoctialis Welw.,Lemna aequinoctialis,Welw.,SPECIES,NA,ACCEPTED,Lemna,aequinoctialis,SCIENTIFIC,<i>Lemna</i> <i>aequinoctialis</i> Welw.,EXACT,99,11,Plantae,Tracheophyta,Alismatales,Araceae,Lemna,Lemna aequinoctialis,6,7707728,551,6979,2867567,2867616,FALSE,Lemna aequinoctialis,FALSE,Liliopsida,196,NA,NA,NA,NA,NA,NA,NA,NA,NA,NA,Lemna aequinoctialis,Plant (strict freshwater habitat tag only)
2867569,Lemna gibba L.,Lemna gibba,L.,SPECIES,NA,ACCEPTED,Lemna,gibba,SCIENTIFIC,<i>Lemna</i> <i>gibba</i> L.,EXACT,97,4,Plantae,Tracheophyta,Alismatales,Araceae,Lemna,Lemna gibba,6,7707728,551,6979,2867567,2867569,FALSE,Lemna gibba,FALSE,Liliopsida,196,NA,NA,NA,NA,NA,NA,NA,NA,NA,NA,Lemna gibba,Plant (strict freshwater habitat tag only)
2867589,Lemna minor L.,Lemna minor,L.,SPECIES,NA,ACCEPTED,Lemna,minor,SCIENTIFIC,<i>Lemna</i> <i>minor</i> L.,EXACT,98,16,Plantae,Tracheophyta,Alismatales,Araceae,Lemna,Lemna minor,6,7707728,551,6979,2867567,2867589,FALSE,Lemna minor,FALSE,Liliopsida,196,NA,NA,NA,NA,NA,NA,NA,NA,NA,NA,Lemna minor,Plant (strict freshwater habitat tag only)
2867614,Lemna minuta Kunth,Lemna minuta,Kunth,SPECIES,NA,ACCEPTED,Lemna,minuta,SCIENTIFIC,<i>Lemna</i> <i>minuta</i> Kunth,EXACT,97,20,Plantae,Tracheophyta,Alismatales,Araceae,Lemna,Lemna minuta,6,7707728,551,6979,2867567,2867614,FALSE,Lemna minuta,FALSE,Liliopsida,196,NA,NA,NA,NA,NA,NA,NA,NA,NA,NA,Lemna minuta,Plant (strict freshwater habitat tag only)
2867627,Lemna perpusilla Torr.,Lemna perpusilla,Torr.,SPECIES,NA,ACCEPTED,Lemna,perpusilla,SCIENTIFIC,<i>Lemna</i> <i>perpusilla</i> Torr.,EXACT,99,8,Plantae,Tracheophyta,Alismatales,Araceae,Lemna,Lemna perpusilla,6,7707728,551,6979,2867567,2867627,FALSE,Lemna perpusilla,FALSE,Liliopsida,196,NA,NA,NA,NA,NA,NA,NA,NA,NA,NA,Lemna perpusilla,Plant (strict freshwater habitat tag only)
2867631,Lemna turionifera Landolt,Lemna turionifera,Landolt,SPECIES,NA,ACCEPTED,Lemna,turionifera,SCIENTIFIC,<i>Lemna</i> <i>turionifera</i> Landolt,EXACT,99,8,Plantae,Tracheophyta,Alismatales,Araceae,Lemna,Lemna turionifera,6,7707728,551,6979,2867567,2867631,FALSE,Lemna turionifera,FALSE,Liliopsida,196,NA,NA,NA,NA,NA,NA,NA,NA,NA,NA,Lemna turionifera,Plant (strict freshwater habitat tag only)
2867612,Lemna valdiviana Phil.,Lemna valdiviana,Phil.,SPECIES,NA,ACCEPTED,Lemna,valdiviana,SCIENTIFIC,<i>Lemna</i> <i>valdiviana</i> Phil.,EXACT,97,9,Plantae,Tracheophyta,Alismatales,Araceae,Lemna,Lemna valdiviana,6,7707728,551,6979,2867567,2867612,FALSE,Lemna valdiviana,FALSE,Liliopsida,196,NA,NA,NA,NA,NA,NA,NA,NA,NA,NA,Lemna valdiviana,Plant (strict freshwater habitat tag only)
6518512,"Leostyletus misakiensis (Baba, 1960)",Leostyletus misakiensis,"(Baba, 1960)",SPECIES,ZOOLOGICAL,ACCEPTED,Leostyletus,misakiensis,SCIENTIFIC,"<i>Leostyletus</i> <i>misakiensis</i> (Baba, 1960)",EXACT,99,12,Animalia,Mollusca,Nudibranchia,Eubranchidae,Leostyletus,Leostyletus misakiensis,1,52,980,2646,4605829,6518512,FALSE,Leostyletus misakiensis,FALSE,Gastropoda,225,NA,NA,NA,NA,NA,NA,NA,NA,NA,NA,Leostyletus misakiensis,Gastropod
2361898,"Lepidomeda albivallis Miller & Hubbs, 1960",Lepidomeda albivallis,"Miller & Hubbs, 1960",SPECIES,ZOOLOGICAL,ACCEPTED,Lepidomeda,albivallis,SCIENTIFIC,"<i>Lepidomeda</i> <i>albivallis</i> Miller & Hubbs, 1960",EXACT,99,11,Animalia,Chordata,Cypriniformes,Cyprinidae,Lepidomeda,Lepidomeda albivallis,1,44,1153,7336,2361894,2361898,FALSE,Lepidomeda albivallis,FALSE,NA,NA,NA,NA,NA,NA,NA,NA,NA,NA,NA,NA,Lepidomeda albivallis,Fish
2361899,"Lepidomeda copei (Jordan & Gilbert, 1881)",Lepidomeda copei,"(Jordan & Gilbert, 1881)",SPECIES,ZOOLOGICAL,ACCEPTED,Lepidomeda,copei,SCIENTIFIC,"<i>Lepidomeda</i> <i>copei</i> (Jordan & Gilbert, 1881)",EXACT,99,7,Animalia,Chordata,Cypriniformes,Cyprinidae,Lepidomeda,Lepidomeda copei,1,44,1153,7336,2361894,2361899,FALSE,Lepidomeda copei,FALSE,NA,NA,NA,NA,NA,NA,NA,NA,NA,NA,NA,NA,Lepidomeda copei,Fish
6166781,"Lepidomeda mollispinis mollispinis Miller & Hubbs, 1960",Lepidomeda mollispinis mollispinis,"Miller & Hubbs, 1960",SUBSPECIES,NA,SYNONYM,Lepidomeda,mollispinis,SCIENTIFIC,"<i>Lepidomeda</i> <i>mollispinis</i> <i>mollispinis</i> Miller & Hubbs, 1960",EXACT,98,8,Animalia,Chordata,Cypriniformes,Cyprinidae,Lepidomeda,Lepidomeda mollispinis,1,44,1153,7336,2361894,2361895,TRUE,Lepidomeda mollispinis mollispinis,FALSE,NA,NA,NA,mollispinis,NA,NA,NA,NA,2361895,"Lepidomeda mollispinis Miller & Hubbs, 1960",NA,NA,Lepidomeda mollispinis mollispinis,Fish
6166782,"Lepidomeda mollispinis pratensis Miller & Hubbs, 1960",Lepidomeda mollispinis pratensis,"Miller & Hubbs, 1960",SUBSPECIES,ZOOLOGICAL,SYNONYM,Lepidomeda,mollispinis,SCIENTIFIC,"<i>Lepidomeda</i> <i>mollispinis</i> <i>pratensis</i> Miller & Hubbs, 1960",EXACT,100,21,Animalia,Chordata,Cypriniformes,Cyprinidae,Lepidomeda,Lepidomeda mollispinis,1,44,1153,7336,2361894,2361895,TRUE,"Lepidomeda mollispinis pratensis Miller & Hubbs, 1960",FALSE,NA,NA,NA,pratensis,NA,NA,NA,NA,2361895,"Lepidomeda mollispinis Miller & Hubbs, 1960",NA,NA,"Lepidomeda mollispinis pratensis Miller & Hubbs, 1960",Fish
2346692,"Lepisosteus oculatus Winchell, 1864",Lepisosteus oculatus,"Winchell, 1864",SPECIES,ZOOLOGICAL,ACCEPTED,Lepisosteus,oculatus,SCIENTIFIC,"<i>Lepisosteus</i> <i>oculatus</i> Winchell, 1864",EXACT,99,11,Animalia,Chordata,Lepisosteiformes,Lepisosteidae,Lepisosteus,Lepisosteus oculatus,1,44,1167,3716,2346691,2346692,FALSE,Lepisosteus oculatus,FALSE,NA,NA,NA,NA,NA,NA,NA,NA,NA,NA,NA,NA,Lepisosteus oculatus,Fish
2346740,"Lepisosteus platostomus Rafinesque, 1820",Lepisosteus platostomus,"Rafinesque, 1820",SPECIES,ZOOLOGICAL,ACCEPTED,Lepisosteus,platostomus,SCIENTIFIC,"<i>Lepisosteus</i> <i>platostomus</i> Rafinesque, 1820",EXACT,99,12,Animalia,Chordata,Lepisosteiformes,Lepisosteidae,Lepisosteus,Lepisosteus platostomus,1,44,1167,3716,2346691,2346740,FALSE,Lepisosteus platostomus,FALSE,NA,NA,NA,NA,NA,NA,NA,NA,NA,NA,NA,NA,Lepisosteus platostomus,Fish
2346698,"Lepisosteus platyrhincus DeKay, 1842",Lepisosteus platyrhincus,"DeKay, 1842",SPECIES,ZOOLOGICAL,ACCEPTED,Lepisosteus,platyrhincus,SCIENTIFIC,"<i>Lepisosteus</i> <i>platyrhincus</i> DeKay, 1842",EXACT,99,14,Animalia,Chordata,Lepisosteiformes,Lepisosteidae,Lepisosteus,Lepisosteus platyrhincus,1,44,1167,3716,2346691,2346698,FALSE,Lepisosteus platyrhincus,FALSE,NA,NA,NA,NA,NA,NA,NA,NA,NA,NA,NA,NA,Lepisosteus platyrhincus,Fish
2394491,"Lepomis auritus (Linnaeus, 1758)",Lepomis auritus,"(Linnaeus, 1758)",SPECIES,ZOOLOGICAL,ACCEPTED,Lepomis,auritus,SCIENTIFIC,"<i>Lepomis</i> <i>auritus</i> (Linnaeus, 1758)",EXACT,99,8,Animalia,Chordata,Perciformes,Centrarchidae,Lepomis,Lepomis auritus,1,44,587,8513,2394482,2394491,FALSE,Lepomis auritus,FALSE,NA,NA,NA,NA,NA,NA,NA,NA,NA,NA,NA,NA,Lepomis auritus,Fish
2394494,"Lepomis cyanellus Rafinesque, 1819",Lepomis cyanellus,"Rafinesque, 1819",SPECIES,ZOOLOGICAL,ACCEPTED,Lepomis,cyanellus,SCIENTIFIC,"<i>Lepomis</i> <i>cyanellus</i> Rafinesque, 1819",EXACT,99,9,Animalia,Chordata,Perciformes,Centrarchidae,Lepomis,Lepomis cyanellus,1,44,587,8513,2394482,2394494,FALSE,Lepomis cyanellus,FALSE,NA,NA,NA,NA,NA,NA,NA,NA,NA,NA,NA,NA,Lepomis cyanellus,Fish
2394486,"Lepomis gibbosus (Linnaeus, 1758)",Lepomis gibbosus,"(Linnaeus, 1758)",SPECIES,ZOOLOGICAL,ACCEPTED,Lepomis,gibbosus,SCIENTIFIC,"<i>Lepomis</i> <i>gibbosus</i> (Linnaeus, 1758)",EXACT,99,8,Animalia,Chordata,Perciformes,Centrarchidae,Lepomis,Lepomis gibbosus,1,44,587,8513,2394482,2394486,FALSE,Lepomis gibbosus,FALSE,NA,NA,NA,NA,NA,NA,NA,NA,NA,NA,NA,NA,Lepomis gibbosus,Fish
2394507,"Lepomis gulosus (Cuvier, 1829)",Lepomis gulosus,"(Cuvier, 1829)",SPECIES,ZOOLOGICAL,ACCEPTED,Lepomis,gulosus,SCIENTIFIC,"<i>Lepomis</i> <i>gulosus</i> (Cuvier, 1829)",EXACT,99,8,Animalia,Chordata,Perciformes,Centrarchidae,Lepomis,Lepomis gulosus,1,44,587,8513,2394482,2394507,FALSE,Lepomis gulosus,FALSE,NA,NA,NA,NA,NA,NA,NA,NA,NA,NA,NA,NA,Lepomis gulosus,Fish
2394483,"Lepomis humilis (Girard, 1858)",Lepomis humilis,"(Girard, 1858)",SPECIES,ZOOLOGICAL,ACCEPTED,Lepomis,humilis,SCIENTIFIC,"<i>Lepomis</i> <i>humilis</i> (Girard, 1858)",EXACT,99,8,Animalia,Chordata,Perciformes,Centrarchidae,Lepomis,Lepomis humilis,1,44,587,8513,2394482,2394483,FALSE,Lepomis humilis,FALSE,NA,NA,NA,NA,NA,NA,NA,NA,NA,NA,NA,NA,Lepomis humilis,Fish
2394503,"Lepomis macrochirus Rafinesque, 1819",Lepomis macrochirus,"Rafinesque, 1819",SPECIES,ZOOLOGICAL,ACCEPTED,Lepomis,macrochirus,SCIENTIFIC,"<i>Lepomis</i> <i>macrochirus</i> Rafinesque, 1819",EXACT,99,10,Animalia,Chordata,Perciformes,Centrarchidae,Lepomis,Lepomis macrochirus,1,44,587,8513,2394482,2394503,FALSE,Lepomis macrochirus,FALSE,NA,NA,NA,NA,NA,NA,NA,NA,NA,NA,NA,NA,Lepomis macrochirus,Fish
2394497,"Lepomis marginatus (Holbrook, 1855)",Lepomis marginatus,"(Holbrook, 1855)",SPECIES,ZOOLOGICAL,ACCEPTED,Lepomis,marginatus,SCIENTIFIC,"<i>Lepomis</i> <i>marginatus</i> (Holbrook, 1855)",EXACT,99,10,Animalia,Chordata,Perciformes,Centrarchidae,Lepomis,Lepomis marginatus,1,44,587,8513,2394482,2394497,FALSE,Lepomis marginatus,FALSE,NA,NA,NA,NA,NA,NA,NA,NA,NA,NA,NA,NA,Lepomis marginatus,Fish
2394510,"Lepomis megalotis (Rafinesque, 1820)",Lepomis megalotis,"(Rafinesque, 1820)",SPECIES,ZOOLOGICAL,ACCEPTED,Lepomis,megalotis,SCIENTIFIC,"<i>Lepomis</i> <i>megalotis</i> (Rafinesque, 1820)",EXACT,99,9,Animalia,Chordata,Perciformes,Centrarchidae,Lepomis,Lepomis megalotis,1,44,587,8513,2394482,2394510,FALSE,Lepomis megalotis,FALSE,NA,NA,NA,NA,NA,NA,NA,NA,NA,NA,NA,NA,Lepomis megalotis,Fish
2394501,"Lepomis microlophus (Günther, 1859)",Lepomis microlophus,"(Günther, 1859)",SPECIES,ZOOLOGICAL,ACCEPTED,Lepomis,microlophus,SCIENTIFIC,"<i>Lepomis</i> <i>microlophus</i> (Günther, 1859)",EXACT,99,9,Animalia,Chordata,Perciformes,Centrarchidae,Lepomis,Lepomis microlophus,1,44,587,8513,2394482,2394501,FALSE,Lepomis microlophus,FALSE,NA,NA,NA,NA,NA,NA,NA,NA,NA,NA,NA,NA,Lepomis microlophus,Fish
2394505,"Lepomis miniatus (Jordan, 1877)",Lepomis miniatus,"(Jordan, 1877)",SPECIES,ZOOLOGICAL,ACCEPTED,Lepomis,miniatus,SCIENTIFIC,"<i>Lepomis</i> <i>miniatus</i> (Jordan, 1877)",EXACT,99,8,Animalia,Chordata,Perciformes,Centrarchidae,Lepomis,Lepomis miniatus,1,44,587,8513,2394482,2394505,FALSE,Lepomis miniatus,FALSE,NA,NA,NA,NA,NA,NA,NA,NA,NA,NA,NA,NA,Lepomis miniatus,Fish
2394499,"Lepomis punctatus (Valenciennes, 1831)",Lepomis punctatus,"(Valenciennes, 1831)",SPECIES,ZOOLOGICAL,ACCEPTED,Lepomis,punctatus,SCIENTIFIC,"<i>Lepomis</i> <i>punctatus</i> (Valenciennes, 1831)",EXACT,99,10,Animalia,Chordata,Perciformes,Centrarchidae,Lepomis,Lepomis punctatus,1,44,587,8513,2394482,2394499,FALSE,Lepomis punctatus,FALSE,NA,NA,NA,NA,NA,NA,NA,NA,NA,NA,NA,NA,Lepomis punctatus,Fish
2339395,"Leporacanthicus galaxias Isbrücker & Nijssen, 1989",Leporacanthicus galaxias,"Isbrücker & Nijssen, 1989",SPECIES,ZOOLOGICAL,ACCEPTED,Leporacanthicus,galaxias,SCIENTIFIC,"<i>Leporacanthicus</i> <i>galaxias</i> Isbrücker & Nijssen, 1989",EXACT,99,15,Animalia,Chordata,Siluriformes,Loricariidae,Leporacanthicus,Leporacanthicus galaxias,1,44,708,5158,2339391,2339395,FALSE,Leporacanthicus galaxias,FALSE,NA,NA,NA,NA,NA,NA,NA,NA,NA,NA,NA,NA,Leporacanthicus galaxias,Fish
2355387,"Leporinus fasciatus (Bloch, 1794)",Leporinus fasciatus,"(Bloch, 1794)",SPECIES,ZOOLOGICAL,ACCEPTED,Leporinus,fasciatus,SCIENTIFIC,"<i>Leporinus</i> <i>fasciatus</i> (Bloch, 1794)",EXACT,99,15,Animalia,Chordata,Characiformes,Anostomidae,Leporinus,Leporinus fasciatus,1,44,537,7200,2352324,2355387,FALSE,Leporinus fasciatus,FALSE,NA,NA,NA,NA,NA,NA,NA,NA,NA,NA,NA,NA,Leporinus fasciatus,Fish
2365645,"Leptobarbus hoevenii (Bleeker, 1851)",Leptobarbus hoevenii,"(Bleeker, 1851)",SPECIES,ZOOLOGICAL,ACCEPTED,Leptobarbus,hoevenii,SCIENTIFIC,"<i>Leptobarbus</i> <i>hoevenii</i> (Bleeker, 1851)",EXACT,99,12,Animalia,Chordata,Cypriniformes,Cyprinidae,Leptobarbus,Leptobarbus hoevenii,1,44,1153,7336,2365640,2365645,FALSE,Leptobarbus hoevenii,FALSE,NA,NA,NA,NA,NA,NA,NA,NA,NA,NA,NA,NA,Leptobarbus hoevenii,Fish
2365651,"Leptobarbus rubripinna (Fowler, 1937)",Leptobarbus rubripinna,"(Fowler, 1937)",SPECIES,ZOOLOGICAL,ACCEPTED,Leptobarbus,rubripinna,SCIENTIFIC,"<i>Leptobarbus</i> <i>rubripinna</i> (Fowler, 1937)",EXACT,99,13,Animalia,Chordata,Cypriniformes,Cyprinidae,Leptobarbus,Leptobarbus rubripinna,1,44,1153,7336,2365640,2365651,FALSE,Leptobarbus rubripinna,FALSE,NA,NA,NA,NA,NA,NA,NA,NA,NA,NA,NA,NA,Leptobarbus rubripinna,Fish
2362881,"Leucaspius delineatus (Heckel, 1843)",Leucaspius delineatus,"(Heckel, 1843)",SPECIES,ZOOLOGICAL,ACCEPTED,Leucaspius,delineatus,SCIENTIFIC,"<i>Leucaspius</i> <i>delineatus</i> (Heckel, 1843)",EXACT,99,11,Animalia,Chordata,Cypriniformes,Cyprinidae,Leucaspius,Leucaspius delineatus,1,44,1153,7336,2362880,2362881,FALSE,Leucaspius delineatus,FALSE,NA,NA,NA,NA,NA,NA,NA,NA,NA,NA,NA,NA,Leucaspius delineatus,Fish
5851603,"Leuciscus aspius (Linnaeus, 1758)",Leuciscus aspius,"(Linnaeus, 1758)",SPECIES,ZOOLOGICAL,ACCEPTED,Leuciscus,aspius,SCIENTIFIC,"<i>Leuciscus</i> <i>aspius</i> (Linnaeus, 1758)",EXACT,99,8,Animalia,Chordata,Cypriniformes,Cyprinidae,Leuciscus,Leuciscus aspius,1,44,1153,7336,3241445,5851603,FALSE,Leuciscus aspius,FALSE,NA,NA,NA,NA,NA,NA,NA,NA,NA,NA,NA,NA,Leuciscus aspius,Fish
5205770,"Leuciscus baicalensis (Dybowski, 1874)",Leuciscus baicalensis,"(Dybowski, 1874)",SPECIES,ZOOLOGICAL,ACCEPTED,Leuciscus,baicalensis,SCIENTIFIC,"<i>Leuciscus</i> <i>baicalensis</i> (Dybowski, 1874)",EXACT,99,10,Animalia,Chordata,Cypriniformes,Cyprinidae,Leuciscus,Leuciscus baicalensis,1,44,1153,7336,3241445,5205770,FALSE,Leuciscus baicalensis,FALSE,NA,NA,NA,NA,NA,NA,NA,NA,NA,NA,NA,NA,Leuciscus baicalensis,Fish
4409643,"Leuciscus idus (Linnaeus, 1758)",Leuciscus idus,"(Linnaeus, 1758)",SPECIES,ZOOLOGICAL,ACCEPTED,Leuciscus,idus,SCIENTIFIC,"<i>Leuciscus</i> <i>idus</i> (Linnaeus, 1758)",EXACT,99,15,Animalia,Chordata,Cypriniformes,Cyprinidae,Leuciscus,Leuciscus idus,1,44,1153,7336,3241445,4409643,FALSE,Leuciscus idus,FALSE,NA,NA,NA,NA,NA,NA,NA,NA,NA,NA,NA,NA,Leuciscus idus,Fish
4409641,"Leuciscus leuciscus (Linnaeus, 1758)",Leuciscus leuciscus,"(Linnaeus, 1758)",SPECIES,ZOOLOGICAL,ACCEPTED,Leuciscus,leuciscus,SCIENTIFIC,"<i>Leuciscus</i> <i>leuciscus</i> (Linnaeus, 1758)",EXACT,99,11,Animalia,Chordata,Cypriniformes,Cyprinidae,Leuciscus,Leuciscus leuciscus,1,44,1153,7336,3241445,4409641,FALSE,Leuciscus leuciscus,FALSE,NA,NA,NA,NA,NA,NA,NA,NA,NA,NA,NA,NA,Leuciscus leuciscus,Fish
5203831,"Limia vittata (Guichenot, 1853)",Limia vittata,"(Guichenot, 1853)",SPECIES,ZOOLOGICAL,ACCEPTED,Limia,vittata,SCIENTIFIC,"<i>Limia</i> <i>vittata</i> (Guichenot, 1853)",EXACT,99,7,Animalia,Chordata,Cyprinodontiformes,Poeciliidae,Limia,Limia vittata,1,44,547,7659,2349550,5203831,FALSE,Limia vittata,FALSE,NA,NA,NA,NA,NA,NA,NA,NA,NA,NA,NA,NA,Limia vittata,Fish
5863000,"Limnocaridina tanganyikae Calman, 1899",Limnocaridina tanganyikae,"Calman, 1899",SPECIES,ZOOLOGICAL,ACCEPTED,Limnocaridina,tanganyikae,SCIENTIFIC,"<i>Limnocaridina</i> <i>tanganyikae</i> Calman, 1899",EXACT,99,13,Animalia,Arthropoda,Decapoda,Atyidae,Limnocaridina,Limnocaridina tanganyikae,1,54,637,4475,4646373,5863000,FALSE,Limnocaridina tanganyikae,FALSE,Malacostraca,229,NA,NA,NA,NA,NA,NA,NA,NA,NA,NA,Limnocaridina tanganyikae,Crayfish/crab (Malacostraca)
2220347,"Limnomysis benedeni Czerniavsky, 1882",Limnomysis benedeni,"Czerniavsky, 1882",SPECIES,ZOOLOGICAL,ACCEPTED,Limnomysis,benedeni,SCIENTIFIC,"<i>Limnomysis</i> <i>benedeni</i> Czerniavsky, 1882",EXACT,99,10,Animalia,Arthropoda,Mysida,Mysidae,Limnomysis,Limnomysis benedeni,1,54,841,5404,2220344,2220347,FALSE,Limnomysis benedeni,FALSE,Malacostraca,229,NA,NA,NA,NA,NA,NA,NA,NA,NA,NA,Limnomysis benedeni,Crayfish/crab (Malacostraca)
5415005,Limnophila aromatica (Lam.) Merr.,Limnophila aromatica,(Lam.) Merr.,SPECIES,BOTANICAL,ACCEPTED,Limnophila,aromatica,SCIENTIFIC,<i>Limnophila</i> <i>aromatica</i> (Lam.) Merr.,EXACT,97,11,Plantae,Tracheophyta,Lamiales,Plantaginaceae,Limnophila,Limnophila aromatica,6,7707728,408,2420,3172158,5415005,FALSE,Limnophila aromatica,FALSE,Magnoliopsida,220,NA,NA,NA,NA,NA,NA,NA,NA,NA,NA,Limnophila aromatica,Plant (strict freshwater habitat tag only)
6033875,Limnophila chinensis (Osbeck) Merr.,Limnophila chinensis,(Osbeck) Merr.,SPECIES,BOTANICAL,ACCEPTED,Limnophila,chinensis,SCIENTIFIC,<i>Limnophila</i> <i>chinensis</i> (Osbeck) Merr.,EXACT,99,11,Plantae,Tracheophyta,Lamiales,Plantaginaceae,Limnophila,Limnophila chinensis,6,7707728,408,2420,3172158,6033875,FALSE,Limnophila chinensis,FALSE,Magnoliopsida,220,NA,NA,NA,NA,NA,NA,NA,NA,NA,NA,Limnophila chinensis,Plant (strict freshwater habitat tag only)
5415004,Limnophila indica (L.) Druce,Limnophila indica,(L.) Druce,SPECIES,BOTANICAL,ACCEPTED,Limnophila,indica,SCIENTIFIC,<i>Limnophila</i> <i>indica</i> (L.) Druce,EXACT,99,11,Plantae,Tracheophyta,Lamiales,Plantaginaceae,Limnophila,Limnophila indica,6,7707728,408,2420,3172158,5415004,FALSE,Limnophila indica,FALSE,Magnoliopsida,220,NA,NA,NA,NA,NA,NA,NA,NA,NA,NA,Limnophila indica,Plant (strict freshwater habitat tag only)
8083723,Limnophila laxa Benth.,Limnophila laxa,Benth.,SPECIES,NA,ACCEPTED,Limnophila,laxa,SCIENTIFIC,<i>Limnophila</i> <i>laxa</i> Benth.,EXACT,99,13,Plantae,Tracheophyta,Lamiales,Plantaginaceae,Limnophila,Limnophila laxa,6,7707728,408,2420,3172158,8083723,FALSE,Limnophila laxa,FALSE,Magnoliopsida,220,NA,NA,NA,NA,NA,NA,NA,NA,NA,NA,Limnophila laxa,Plant (strict freshwater habitat tag only)
5415002,Limnophila × ludoviciana Thieret,Limnophila ludoviciana,Thieret,SPECIES,NA,ACCEPTED,Limnophila,ludoviciana,SCIENTIFIC,<i>Limnophila</i> × <i>ludoviciana</i> Thieret,EXACT,99,11,Plantae,Tracheophyta,Lamiales,Plantaginaceae,Limnophila,Limnophila ludoviciana,6,7707728,408,2420,3172158,5415002,FALSE,Limnophila ludoviciana,FALSE,Magnoliopsida,220,NA,NA,NA,NA,NA,NA,NA,NA,NA,NA,Limnophila ludoviciana,Plant (strict freshwater habitat tag only)
5415001,Limnophila sessiliflora (Vahl) Blume,Limnophila sessiliflora,(Vahl) Blume,SPECIES,BOTANICAL,ACCEPTED,Limnophila,sessiliflora,SCIENTIFIC,<i>Limnophila</i> <i>sessiliflora</i> (Vahl) Blume,EXACT,97,12,Plantae,Tracheophyta,Lamiales,Plantaginaceae,Limnophila,Limnophila sessiliflora,6,7707728,408,2420,3172158,5415001,FALSE,Limnophila sessiliflora,FALSE,Magnoliopsida,220,NA,NA,NA,NA,NA,NA,NA,NA,NA,NA,Limnophila sessiliflora,Plant (strict freshwater habitat tag only)
8370084,Limnophila villosa Blume,Limnophila villosa,Blume,SPECIES,NA,ACCEPTED,Limnophila,villosa,SCIENTIFIC,<i>Limnophila</i> <i>villosa</i> Blume,EXACT,99,10,Plantae,Tracheophyta,Lamiales,Plantaginaceae,Limnophila,Limnophila villosa,6,7707728,408,2420,3172158,8370084,FALSE,Limnophila villosa,FALSE,Magnoliopsida,220,NA,NA,NA,NA,NA,NA,NA,NA,NA,NA,Limnophila villosa,Plant (strict freshwater habitat tag only)
2413361,"Limnothrissa miodon (Boulenger, 1906)",Limnothrissa miodon,"(Boulenger, 1906)",SPECIES,ZOOLOGICAL,ACCEPTED,Limnothrissa,miodon,SCIENTIFIC,"<i>Limnothrissa</i> <i>miodon</i> (Boulenger, 1906)",EXACT,99,10,Animalia,Chordata,Clupeiformes,Clupeidae,Limnothrissa,Limnothrissa miodon,1,44,538,7332,2413360,2413361,FALSE,Limnothrissa miodon,FALSE,NA,NA,NA,NA,NA,NA,NA,NA,NA,NA,NA,NA,Limnothrissa miodon,Fish
2342839,"Liobagrus reinii Hilgendorf, 1878",Liobagrus reinii,"Hilgendorf, 1878",SPECIES,ZOOLOGICAL,ACCEPTED,Liobagrus,reinii,SCIENTIFIC,"<i>Liobagrus</i> <i>reinii</i> Hilgendorf, 1878",EXACT,99,8,Animalia,Chordata,Siluriformes,Amblycipitidae,Liobagrus,Liobagrus reinii,1,44,708,8636,2342827,2342839,FALSE,Liobagrus reinii,FALSE,NA,NA,NA,NA,NA,NA,NA,NA,NA,NA,NA,NA,Liobagrus reinii,Fish
5777912,"Lithoglyphus naticoides (C.Pfeiffer, 1828)",Lithoglyphus naticoides,"(C.Pfeiffer, 1828)",SPECIES,ZOOLOGICAL,ACCEPTED,Lithoglyphus,naticoides,SCIENTIFIC,"<i>Lithoglyphus</i> <i>naticoides</i> (C.Pfeiffer, 1828)",EXACT,99,15,Animalia,Mollusca,Littorinimorpha,Lithoglyphidae,Lithoglyphus,Lithoglyphus naticoides,1,52,7390893,4963617,5192467,5777912,FALSE,Lithoglyphus naticoides,FALSE,Gastropoda,225,NA,NA,NA,NA,NA,NA,NA,NA,NA,NA,Lithoglyphus naticoides,Gastropod
2415460,"Lota lota (Linnaeus, 1758)",Lota lota,"(Linnaeus, 1758)",SPECIES,ZOOLOGICAL,ACCEPTED,Lota,lota,SCIENTIFIC,"<i>Lota</i> <i>lota</i> (Linnaeus, 1758)",EXACT,99,2,Animalia,Chordata,Gadiformes,Lotidae,Lota,Lota lota,1,44,549,9639,2415459,2415460,FALSE,Lota lota,FALSE,NA,NA,NA,NA,NA,NA,NA,NA,NA,NA,NA,NA,Lota lota,Fish
2349571,"Lucania goodei Jordan, 1880",Lucania goodei,"Jordan, 1880",SPECIES,ZOOLOGICAL,ACCEPTED,Lucania,goodei,SCIENTIFIC,"<i>Lucania</i> <i>goodei</i> Jordan, 1880",EXACT,99,6,Animalia,Chordata,Cyprinodontiformes,Fundulidae,Lucania,Lucania goodei,1,44,547,3695,2348005,2349571,FALSE,Lucania goodei,FALSE,NA,NA,NA,NA,NA,NA,NA,NA,NA,NA,NA,NA,Lucania goodei,Fish
2349567,"Lucania parva (Baird & Girard, 1855)",Lucania parva,"(Baird & Girard, 1855)",SPECIES,ZOOLOGICAL,ACCEPTED,Lucania,parva,SCIENTIFIC,"<i>Lucania</i> <i>parva</i> (Baird & Girard, 1855)",EXACT,99,9,Animalia,Chordata,Cyprinodontiformes,Fundulidae,Lucania,Lucania parva,1,44,547,3695,2348005,2349567,FALSE,Lucania parva,FALSE,NA,NA,NA,NA,NA,NA,NA,NA,NA,NA,NA,NA,Lucania parva,Fish
2363097,"Luciobarbus graellsii (Steindachner, 1866)",Luciobarbus graellsii,"(Steindachner, 1866)",SPECIES,ZOOLOGICAL,ACCEPTED,Luciobarbus,graellsii,SCIENTIFIC,"<i>Luciobarbus</i> <i>graellsii</i> (Steindachner, 1866)",EXACT,99,12,Animalia,Chordata,Cypriniformes,Cyprinidae,Luciobarbus,Luciobarbus graellsii,1,44,1153,7336,2363068,2363097,FALSE,Luciobarbus graellsii,FALSE,NA,NA,NA,NA,NA,NA,NA,NA,NA,NA,NA,NA,Luciobarbus graellsii,Fish
2864775,Luronium natans (L.) Raf.,Luronium natans,(L.) Raf.,SPECIES,BOTANICAL,ACCEPTED,Luronium,natans,SCIENTIFIC,<i>Luronium</i> <i>natans</i> (L.) Raf.,EXACT,99,11,Plantae,Tracheophyta,Alismatales,Alismataceae,Luronium,Luronium natans,6,7707728,551,3720,2864774,2864775,FALSE,Luronium natans,FALSE,Liliopsida,196,NA,NA,NA,NA,NA,NA,NA,NA,NA,NA,Luronium natans,Plant (strict freshwater habitat tag only)
2385069,"Lutjanus argentimaculatus (Forsskål, 1775)",Lutjanus argentimaculatus,"(Forsskål, 1775)",SPECIES,ZOOLOGICAL,ACCEPTED,Lutjanus,argentimaculatus,SCIENTIFIC,"<i>Lutjanus</i> <i>argentimaculatus</i> (Forsskål, 1775)",EXACT,99,15,Animalia,Chordata,Perciformes,Lutjanidae,Lutjanus,Lutjanus argentimaculatus,1,44,587,8542,2356953,2385069,FALSE,Lutjanus argentimaculatus,FALSE,NA,NA,NA,NA,NA,NA,NA,NA,NA,NA,NA,NA,Lutjanus argentimaculatus,Fish
2366984,"Luxilus albeolus (Jordan, 1889)",Luxilus albeolus,"(Jordan, 1889)",SPECIES,ZOOLOGICAL,ACCEPTED,Luxilus,albeolus,SCIENTIFIC,"<i>Luxilus</i> <i>albeolus</i> (Jordan, 1889)",EXACT,99,8,Animalia,Chordata,Cypriniformes,Cyprinidae,Luxilus,Luxilus albeolus,1,44,1153,7336,2366958,2366984,FALSE,Luxilus albeolus,FALSE,NA,NA,NA,NA,NA,NA,NA,NA,NA,NA,NA,NA,Luxilus albeolus,Fish
2366987,"Luxilus cerasinus (Cope, 1868)",Luxilus cerasinus,"(Cope, 1868)",SPECIES,ZOOLOGICAL,ACCEPTED,Luxilus,cerasinus,SCIENTIFIC,"<i>Luxilus</i> <i>cerasinus</i> (Cope, 1868)",EXACT,99,10,Animalia,Chordata,Cypriniformes,Cyprinidae,Luxilus,Luxilus cerasinus,1,44,1153,7336,2366958,2366987,FALSE,Luxilus cerasinus,FALSE,NA,NA,NA,NA,NA,NA,NA,NA,NA,NA,NA,NA,Luxilus cerasinus,Fish
2366993,"Luxilus chrysocephalus Rafinesque, 1820",Luxilus chrysocephalus,"Rafinesque, 1820",SPECIES,ZOOLOGICAL,ACCEPTED,Luxilus,chrysocephalus,SCIENTIFIC,"<i>Luxilus</i> <i>chrysocephalus</i> Rafinesque, 1820",EXACT,99,13,Animalia,Chordata,Cypriniformes,Cyprinidae,Luxilus,Luxilus chrysocephalus,1,44,1153,7336,2366958,2366993,FALSE,Luxilus chrysocephalus,FALSE,NA,NA,NA,NA,NA,NA,NA,NA,NA,NA,NA,NA,Luxilus chrysocephalus,Fish
2366963,"Luxilus coccogenis (Cope, 1868)",Luxilus coccogenis,"(Cope, 1868)",SPECIES,ZOOLOGICAL,ACCEPTED,Luxilus,coccogenis,SCIENTIFIC,"<i>Luxilus</i> <i>coccogenis</i> (Cope, 1868)",EXACT,99,8,Animalia,Chordata,Cypriniformes,Cyprinidae,Luxilus,Luxilus coccogenis,1,44,1153,7336,2366958,2366963,FALSE,Luxilus coccogenis,FALSE,NA,NA,NA,NA,NA,NA,NA,NA,NA,NA,NA,NA,Luxilus coccogenis,Fish
2366967,"Luxilus cornutus (Mitchill, 1817)",Luxilus cornutus,"(Mitchill, 1817)",SPECIES,ZOOLOGICAL,ACCEPTED,Luxilus,cornutus,SCIENTIFIC,"<i>Luxilus</i> <i>cornutus</i> (Mitchill, 1817)",EXACT,99,7,Animalia,Chordata,Cypriniformes,Cyprinidae,Luxilus,Luxilus cornutus,1,44,1153,7336,2366958,2366967,FALSE,Luxilus cornutus,FALSE,NA,NA,NA,NA,NA,NA,NA,NA,NA,NA,NA,NA,Luxilus cornutus,Fish
2366959,"Luxilus zonistius Jordan, 1880",Luxilus zonistius,"Jordan, 1880",SPECIES,ZOOLOGICAL,ACCEPTED,Luxilus,zonistius,SCIENTIFIC,"<i>Luxilus</i> <i>zonistius</i> Jordan, 1880",EXACT,99,8,Animalia,Chordata,Cypriniformes,Cyprinidae,Luxilus,Luxilus zonistius,1,44,1153,7336,2366958,2366959,FALSE,Luxilus zonistius,FALSE,NA,NA,NA,NA,NA,NA,NA,NA,NA,NA,NA,NA,Luxilus zonistius,Fish
2291253,"Lymnaea stagnalis (Linnaeus, 1758)",Lymnaea stagnalis,"(Linnaeus, 1758)",SPECIES,ZOOLOGICAL,ACCEPTED,Lymnaea,stagnalis,SCIENTIFIC,"<i>Lymnaea</i> <i>stagnalis</i> (Linnaeus, 1758)",EXACT,99,11,Animalia,Mollusca,NA,Lymnaeidae,Lymnaea,Lymnaea stagnalis,1,52,NA,2852,2291251,2291253,FALSE,Lymnaea stagnalis,FALSE,Gastropoda,225,NA,NA,NA,NA,NA,NA,NA,NA,NA,NA,Lymnaea stagnalis,Gastropod
2869311,Lysichiton americanus Hultén & H.St.John,Lysichiton americanus,Hultén & H.St.John,SPECIES,NA,ACCEPTED,Lysichiton,americanus,SCIENTIFIC,<i>Lysichiton</i> <i>americanus</i> Hultén & H.St.John,EXACT,99,12,Plantae,Tracheophyta,Alismatales,Araceae,Lysichiton,Lysichiton americanus,6,7707728,551,6979,2869300,2869311,FALSE,Lysichiton americanus,FALSE,Liliopsida,196,NA,NA,NA,NA,NA,NA,NA,NA,NA,NA,Lysichiton americanus,Plant (strict freshwater habitat tag only)
2869301,Lysichiton camtschatcensis (L.) Schott,Lysichiton camtschatcensis,(L.) Schott,SPECIES,BOTANICAL,ACCEPTED,Lysichiton,camtschatcensis,SCIENTIFIC,<i>Lysichiton</i> <i>camtschatcensis</i> (L.) Schott,EXACT,99,17,Plantae,Tracheophyta,Alismatales,Araceae,Lysichiton,Lysichiton camtschatcensis,6,7707728,551,6979,2869300,2869301,FALSE,Lysichiton camtschatcensis,FALSE,Liliopsida,196,NA,NA,NA,NA,NA,NA,NA,NA,NA,NA,Lysichiton camtschatcensis,Plant (strict freshwater habitat tag only)
2366055,"Lythrurus ardens (Cope, 1868)",Lythrurus ardens,"(Cope, 1868)",SPECIES,ZOOLOGICAL,ACCEPTED,Lythrurus,ardens,SCIENTIFIC,"<i>Lythrurus</i> <i>ardens</i> (Cope, 1868)",EXACT,99,9,Animalia,Chordata,Cypriniformes,Cyprinidae,Lythrurus,Lythrurus ardens,1,44,1153,7336,2366051,2366055,FALSE,Lythrurus ardens,FALSE,NA,NA,NA,NA,NA,NA,NA,NA,NA,NA,NA,NA,Lythrurus ardens,Fish
2366076,"Lythrurus atrapiculus (Snelson, 1972)",Lythrurus atrapiculus,"(Snelson, 1972)",SPECIES,ZOOLOGICAL,ACCEPTED,Lythrurus,atrapiculus,SCIENTIFIC,"<i>Lythrurus</i> <i>atrapiculus</i> (Snelson, 1972)",EXACT,99,10,Animalia,Chordata,Cypriniformes,Cyprinidae,Lythrurus,Lythrurus atrapiculus,1,44,1153,7336,2366051,2366076,FALSE,Lythrurus atrapiculus,FALSE,NA,NA,NA,NA,NA,NA,NA,NA,NA,NA,NA,NA,Lythrurus atrapiculus,Fish
2366064,"Lythrurus fasciolaris (Gilbert, 1891)",Lythrurus fasciolaris,"(Gilbert, 1891)",SPECIES,ZOOLOGICAL,ACCEPTED,Lythrurus,fasciolaris,SCIENTIFIC,"<i>Lythrurus</i> <i>fasciolaris</i> (Gilbert, 1891)",EXACT,99,11,Animalia,Chordata,Cypriniformes,Cyprinidae,Lythrurus,Lythrurus fasciolaris,1,44,1153,7336,2366051,2366064,FALSE,Lythrurus fasciolaris,FALSE,NA,NA,NA,NA,NA,NA,NA,NA,NA,NA,NA,NA,Lythrurus fasciolaris,Fish
2366058,"Lythrurus matutinus (Cope, 1870)",Lythrurus matutinus,"(Cope, 1870)",SPECIES,ZOOLOGICAL,ACCEPTED,Lythrurus,matutinus,SCIENTIFIC,"<i>Lythrurus</i> <i>matutinus</i> (Cope, 1870)",EXACT,99,8,Animalia,Chordata,Cypriniformes,Cyprinidae,Lythrurus,Lythrurus matutinus,1,44,1153,7336,2366051,2366058,FALSE,Lythrurus matutinus,FALSE,NA,NA,NA,NA,NA,NA,NA,NA,NA,NA,NA,NA,Lythrurus matutinus,Fish
2380484,"Maccullochella peelii (Mitchell, 1838)",Maccullochella peelii,"(Mitchell, 1838)",SPECIES,ZOOLOGICAL,ACCEPTED,Maccullochella,peelii,SCIENTIFIC,"<i>Maccullochella</i> <i>peelii</i> (Mitchell, 1838)",EXACT,99,9,Animalia,Chordata,Perciformes,Percichthyidae,Maccullochella,Maccullochella peelii,1,44,587,8574,2380473,2380484,FALSE,Maccullochella peelii,FALSE,NA,NA,NA,NA,NA,NA,NA,NA,NA,NA,NA,NA,Maccullochella peelii,Fish
5209327,"Macquaria ambigua (Richardson, 1845)",Macquaria ambigua,"(Richardson, 1845)",SPECIES,ZOOLOGICAL,ACCEPTED,Macquaria,ambigua,SCIENTIFIC,"<i>Macquaria</i> <i>ambigua</i> (Richardson, 1845)",EXACT,99,12,Animalia,Chordata,Perciformes,Percichthyidae,Macquaria,Macquaria ambigua,1,44,587,8574,2380493,5209327,FALSE,Macquaria ambigua,FALSE,NA,NA,NA,NA,NA,NA,NA,NA,NA,NA,NA,NA,Macquaria ambigua,Fish
5209330,"Macquaria colonorum (Günther, 1863)",Macquaria colonorum,"(Günther, 1863)",SPECIES,ZOOLOGICAL,ACCEPTED,Macquaria,colonorum,SCIENTIFIC,"<i>Macquaria</i> <i>colonorum</i> (Günther, 1863)",EXACT,99,8,Animalia,Chordata,Perciformes,Percichthyidae,Macquaria,Macquaria colonorum,1,44,587,8574,2380493,5209330,FALSE,Macquaria colonorum,FALSE,NA,NA,NA,NA,NA,NA,NA,NA,NA,NA,NA,NA,Macquaria colonorum,Fish
5209329,"Macquaria novemaculeata (Steindachner, 1866)",Macquaria novemaculeata,"(Steindachner, 1866)",SPECIES,ZOOLOGICAL,ACCEPTED,Macquaria,novemaculeata,SCIENTIFIC,"<i>Macquaria</i> <i>novemaculeata</i> (Steindachner, 1866)",EXACT,99,16,Animalia,Chordata,Perciformes,Percichthyidae,Macquaria,Macquaria novemaculeata,1,44,587,8574,2380493,5209329,FALSE,Macquaria novemaculeata,FALSE,NA,NA,NA,NA,NA,NA,NA,NA,NA,NA,NA,NA,Macquaria novemaculeata,Fish
2362056,"Macrhybopsis meeki (Jordan & Evermann, 1896)",Macrhybopsis meeki,"(Jordan & Evermann, 1896)",SPECIES,ZOOLOGICAL,ACCEPTED,Macrhybopsis,meeki,SCIENTIFIC,"<i>Macrhybopsis</i> <i>meeki</i> (Jordan & Evermann, 1896)",EXACT,99,9,Animalia,Chordata,Cypriniformes,Cyprinidae,Macrhybopsis,Macrhybopsis meeki,1,44,1153,7336,2362042,2362056,FALSE,Macrhybopsis meeki,FALSE,NA,NA,NA,NA,NA,NA,NA,NA,NA,NA,NA,NA,Macrhybopsis meeki,Fish
2224710,"Macrobrachium amazonicum (Heller, 1862)",Macrobrachium amazonicum,"(Heller, 1862)",SPECIES,ZOOLOGICAL,ACCEPTED,Macrobrachium,amazonicum,SCIENTIFIC,"<i>Macrobrachium</i> <i>amazonicum</i> (Heller, 1862)",EXACT,99,13,Animalia,Arthropoda,Decapoda,Palaemonidae,Macrobrachium,Macrobrachium amazonicum,1,54,637,8654,2224508,2224710,FALSE,Macrobrachium amazonicum,FALSE,Malacostraca,229,NA,NA,NA,NA,NA,NA,NA,NA,NA,NA,Macrobrachium amazonicum,Crayfish/crab (Malacostraca)
2224763,"Macrobrachium dayanum (Henderson, 1893)",Macrobrachium dayanum,"(Henderson, 1893)",SPECIES,ZOOLOGICAL,ACCEPTED,Macrobrachium,dayanum,SCIENTIFIC,"<i>Macrobrachium</i> <i>dayanum</i> (Henderson, 1893)",EXACT,99,16,Animalia,Arthropoda,Decapoda,Palaemonidae,Macrobrachium,Macrobrachium dayanum,1,54,637,8654,2224508,2224763,FALSE,Macrobrachium dayanum,FALSE,Malacostraca,229,NA,NA,NA,NA,NA,NA,NA,NA,NA,NA,Macrobrachium dayanum,Crayfish/crab (Malacostraca)
2224744,"Macrobrachium gracilirostre (Miers, 1875)",Macrobrachium gracilirostre,"(Miers, 1875)",SPECIES,ZOOLOGICAL,ACCEPTED,Macrobrachium,gracilirostre,SCIENTIFIC,"<i>Macrobrachium</i> <i>gracilirostre</i> (Miers, 1875)",EXACT,99,16,Animalia,Arthropoda,Decapoda,Palaemonidae,Macrobrachium,Macrobrachium gracilirostre,1,54,637,8654,2224508,2224744,FALSE,Macrobrachium gracilirostre,FALSE,Malacostraca,229,NA,NA,NA,NA,NA,NA,NA,NA,NA,NA,Macrobrachium gracilirostre,Crayfish/crab (Malacostraca)
2224579,"Macrobrachium inflatum Liang & Yan, 1985",Macrobrachium inflatum,"Liang & Yan, 1985",SPECIES,ZOOLOGICAL,ACCEPTED,Macrobrachium,inflatum,SCIENTIFIC,"<i>Macrobrachium</i> <i>inflatum</i> Liang & Yan, 1985",EXACT,99,12,Animalia,Arthropoda,Decapoda,Palaemonidae,Macrobrachium,Macrobrachium inflatum,1,54,637,8654,2224508,2224579,FALSE,Macrobrachium inflatum,FALSE,Malacostraca,229,NA,NA,NA,NA,NA,NA,NA,NA,NA,NA,Macrobrachium inflatum,Crayfish/crab (Malacostraca)
2224668,"Macrobrachium lanchesteri (De Man, 1911)",Macrobrachium lanchesteri,"(De Man, 1911)",SPECIES,ZOOLOGICAL,ACCEPTED,Macrobrachium,lanchesteri,SCIENTIFIC,"<i>Macrobrachium</i> <i>lanchesteri</i> (De Man, 1911)",EXACT,99,14,Animalia,Arthropoda,Decapoda,Palaemonidae,Macrobrachium,Macrobrachium lanchesteri,1,54,637,8654,2224508,2224668,FALSE,Macrobrachium lanchesteri,FALSE,Malacostraca,229,NA,NA,NA,NA,NA,NA,NA,NA,NA,NA,Macrobrachium lanchesteri,Crayfish/crab (Malacostraca)
2224515,"Macrobrachium nipponense (De Haan, 1849)",Macrobrachium nipponense,"(De Haan, 1849)",SPECIES,ZOOLOGICAL,ACCEPTED,Macrobrachium,nipponense,SCIENTIFIC,"<i>Macrobrachium</i> <i>nipponense</i> (De Haan, 1849)",EXACT,99,16,Animalia,Arthropoda,Decapoda,Palaemonidae,Macrobrachium,Macrobrachium nipponense,1,54,637,8654,2224508,2224515,FALSE,Macrobrachium nipponense,FALSE,Malacostraca,229,NA,NA,NA,NA,NA,NA,NA,NA,NA,NA,Macrobrachium nipponense,Crayfish/crab (Malacostraca)
2224546,"Macrobrachium rosenbergii (De Man, 1879)",Macrobrachium rosenbergii,"(De Man, 1879)",SPECIES,ZOOLOGICAL,ACCEPTED,Macrobrachium,rosenbergii,SCIENTIFIC,"<i>Macrobrachium</i> <i>rosenbergii</i> (De Man, 1879)",EXACT,99,15,Animalia,Arthropoda,Decapoda,Palaemonidae,Macrobrachium,Macrobrachium rosenbergii,1,54,637,8654,2224508,2224546,FALSE,Macrobrachium rosenbergii,FALSE,Malacostraca,229,NA,NA,NA,NA,NA,NA,NA,NA,NA,NA,Macrobrachium rosenbergii,Crayfish/crab (Malacostraca)
7194553,"Macrobrachium rosenbergii rosenbergii (De Man, 1879)",Macrobrachium rosenbergii rosenbergii,"(De Man, 1879)",SUBSPECIES,NA,SYNONYM,Macrobrachium,rosenbergii,SCIENTIFIC,"<i>Macrobrachium</i> <i>rosenbergii</i> <i>rosenbergii</i> (De Man, 1879)",EXACT,100,24,Animalia,Arthropoda,Decapoda,Palaemonidae,Macrobrachium,Macrobrachium rosenbergii,1,54,637,8654,2224508,2224546,TRUE,"Macrobrachium rosenbergii subsp. rosenbergii (De Man, 1879)",FALSE,Malacostraca,229,NA,rosenbergii,NA,NA,NA,NA,2224546,"Macrobrachium rosenbergii (De Man, 1879)",NA,NA,"Macrobrachium rosenbergii subsp. rosenbergii (De Man, 1879)",Crayfish/crab (Malacostraca)
5204062,"Macrognathus aculeatus (Bloch, 1786)",Macrognathus aculeatus,"(Bloch, 1786)",SPECIES,ZOOLOGICAL,ACCEPTED,Macrognathus,aculeatus,SCIENTIFIC,"<i>Macrognathus</i> <i>aculeatus</i> (Bloch, 1786)",EXACT,99,17,Animalia,Chordata,Synbranchiformes,Mastacembelidae,Macrognathus,Macrognathus aculeatus,1,44,889,2224,2346748,5204062,FALSE,Macrognathus aculeatus,FALSE,NA,NA,NA,NA,NA,NA,NA,NA,NA,NA,NA,NA,Macrognathus aculeatus,Fish
5204055,"Macrognathus siamensis (Günther, 1861)",Macrognathus siamensis,"(Günther, 1861)",SPECIES,ZOOLOGICAL,ACCEPTED,Macrognathus,siamensis,SCIENTIFIC,"<i>Macrognathus</i> <i>siamensis</i> (Günther, 1861)",EXACT,99,13,Animalia,Chordata,Synbranchiformes,Mastacembelidae,Macrognathus,Macrognathus siamensis,1,44,889,2224,2346748,5204055,FALSE,Macrognathus siamensis,FALSE,NA,NA,NA,NA,NA,NA,NA,NA,NA,NA,NA,NA,Macrognathus siamensis,Fish
5204054,"Macrognathus zebrinus (Blyth, 1858)",Macrognathus zebrinus,"(Blyth, 1858)",SPECIES,ZOOLOGICAL,ACCEPTED,Macrognathus,zebrinus,SCIENTIFIC,"<i>Macrognathus</i> <i>zebrinus</i> (Blyth, 1858)",EXACT,99,11,Animalia,Chordata,Synbranchiformes,Mastacembelidae,Macrognathus,Macrognathus zebrinus,1,44,889,2224,2346748,5204054,FALSE,Macrognathus zebrinus,FALSE,NA,NA,NA,NA,NA,NA,NA,NA,NA,NA,NA,NA,Macrognathus zebrinus,Fish
5211160,"Macropodus opercularis (Linnaeus, 1758)",Macropodus opercularis,"(Linnaeus, 1758)",SPECIES,ZOOLOGICAL,ACCEPTED,Macropodus,opercularis,SCIENTIFIC,"<i>Macropodus</i> <i>opercularis</i> (Linnaeus, 1758)",EXACT,99,11,Animalia,Chordata,Perciformes,Osphronemidae,Macropodus,Macropodus opercularis,1,44,587,8553,2393959,5211160,FALSE,Macropodus opercularis,FALSE,NA,NA,NA,NA,NA,NA,NA,NA,NA,NA,NA,NA,Macropodus opercularis,Fish
7820753,"Magallana gigas (Thunberg, 1793)",Magallana gigas,"(Thunberg, 1793)",SPECIES,ZOOLOGICAL,ACCEPTED,Magallana,gigas,SCIENTIFIC,"<i>Magallana</i> <i>gigas</i> (Thunberg, 1793)",EXACT,99,7,Animalia,Mollusca,Ostreida,Ostreidae,Magallana,Magallana gigas,1,52,9485611,6871,8418204,7820753,FALSE,Magallana gigas,FALSE,Bivalvia,137,NA,NA,NA,NA,NA,NA,NA,NA,NA,NA,Magallana gigas,Bivalve
2360894,"Margariscus margarita (Cope, 1867)",Margariscus margarita,"(Cope, 1867)",SPECIES,ZOOLOGICAL,ACCEPTED,Margariscus,margarita,SCIENTIFIC,"<i>Margariscus</i> <i>margarita</i> (Cope, 1867)",EXACT,99,10,Animalia,Chordata,Cypriniformes,Cyprinidae,Margariscus,Margariscus margarita,1,44,1153,7336,2360890,2360894,FALSE,Margariscus margarita,FALSE,NA,NA,NA,NA,NA,NA,NA,NA,NA,NA,NA,NA,Margariscus margarita,Fish
2292586,"Marisa cornuarietis (Linnaeus, 1758)",Marisa cornuarietis,"(Linnaeus, 1758)",SPECIES,ZOOLOGICAL,ACCEPTED,Marisa,cornuarietis,SCIENTIFIC,"<i>Marisa</i> <i>cornuarietis</i> (Linnaeus, 1758)",EXACT,99,11,Animalia,Mollusca,Architaenioglossa,Ampullariidae,Marisa,Marisa cornuarietis,1,52,455,6801,2292585,2292586,FALSE,Marisa cornuarietis,FALSE,Gastropoda,225,NA,NA,NA,NA,NA,NA,NA,NA,NA,NA,Marisa cornuarietis,Gastropod
2412071,"Marosatherina ladigesi (Ahl, 1936)",Marosatherina ladigesi,"(Ahl, 1936)",SPECIES,ZOOLOGICAL,ACCEPTED,Marosatherina,ladigesi,SCIENTIFIC,"<i>Marosatherina</i> <i>ladigesi</i> (Ahl, 1936)",EXACT,99,12,Animalia,Chordata,Atheriniformes,Telmatherinidae,Marosatherina,Marosatherina ladigesi,1,44,496,7177,2412070,2412071,FALSE,Marosatherina ladigesi,FALSE,NA,NA,NA,NA,NA,NA,NA,NA,NA,NA,NA,NA,Marosatherina ladigesi,Fish
5613335,Marsilea crenata C.Presl,Marsilea crenata,C.Presl,SPECIES,NA,ACCEPTED,Marsilea,crenata,SCIENTIFIC,<i>Marsilea</i> <i>crenata</i> C.Presl,EXACT,98,10,Plantae,Tracheophyta,Salviniales,Marsileaceae,Marsilea,Marsilea crenata,6,7707728,7229405,2375,2650085,5613335,FALSE,Marsilea crenata,FALSE,Polypodiopsida,7228684,NA,NA,NA,NA,NA,NA,NA,NA,NA,NA,Marsilea crenata,Plant (strict freshwater habitat tag only)
7275825,Marsilea drummondii A.Braun,Marsilea drummondii,A.Braun,SPECIES,NA,ACCEPTED,Marsilea,drummondii,SCIENTIFIC,<i>Marsilea</i> <i>drummondii</i> A.Braun,EXACT,99,9,Plantae,Tracheophyta,Salviniales,Marsileaceae,Marsilea,Marsilea drummondii,6,7707728,7229405,2375,2650085,7275825,FALSE,Marsilea drummondii,FALSE,Polypodiopsida,7228684,NA,NA,NA,NA,NA,NA,NA,NA,NA,NA,Marsilea drummondii,Plant (strict freshwater habitat tag only)
5274865,Marsilea hirsuta R.Br.,Marsilea hirsuta,R.Br.,SPECIES,NA,ACCEPTED,Marsilea,hirsuta,SCIENTIFIC,<i>Marsilea</i> <i>hirsuta</i> R.Br.,EXACT,99,10,Plantae,Tracheophyta,Salviniales,Marsileaceae,Marsilea,Marsilea hirsuta,6,7707728,7229405,2375,2650085,5274865,FALSE,Marsilea hirsuta,FALSE,Polypodiopsida,7228684,NA,NA,NA,NA,NA,NA,NA,NA,NA,NA,Marsilea hirsuta,Plant (strict freshwater habitat tag only)
5274876,Marsilea minuta L.,Marsilea minuta,L.,SPECIES,NA,ACCEPTED,Marsilea,minuta,SCIENTIFIC,<i>Marsilea</i> <i>minuta</i> L.,EXACT,97,9,Plantae,Tracheophyta,Salviniales,Marsileaceae,Marsilea,Marsilea minuta,6,7707728,7229405,2375,2650085,5274876,FALSE,Marsilea minuta,FALSE,Polypodiopsida,7228684,NA,NA,NA,NA,NA,NA,NA,NA,NA,NA,Marsilea minuta,Plant (strict freshwater habitat tag only)
5613347,Marsilea mutica Mett.,Marsilea mutica,Mett.,SPECIES,NA,ACCEPTED,Marsilea,mutica,SCIENTIFIC,<i>Marsilea</i> <i>mutica</i> Mett.,EXACT,99,9,Plantae,Tracheophyta,Salviniales,Marsileaceae,Marsilea,Marsilea mutica,6,7707728,7229405,2375,2650085,5613347,FALSE,Marsilea mutica,FALSE,Polypodiopsida,7228684,NA,NA,NA,NA,NA,NA,NA,NA,NA,NA,Marsilea mutica,Plant (strict freshwater habitat tag only)
5274875,Marsilea quadrifolia L.,Marsilea quadrifolia,L.,SPECIES,NA,ACCEPTED,Marsilea,quadrifolia,SCIENTIFIC,<i>Marsilea</i> <i>quadrifolia</i> L.,EXACT,97,15,Plantae,Tracheophyta,Salviniales,Marsileaceae,Marsilea,Marsilea quadrifolia,6,7707728,7229405,2375,2650085,5274875,FALSE,Marsilea quadrifolia,FALSE,Polypodiopsida,7228684,NA,NA,NA,NA,NA,NA,NA,NA,NA,NA,Marsilea quadrifolia,Plant (strict freshwater habitat tag only)
2351784,"Mastacembelus armatus (Lacepède, 1800)",Mastacembelus armatus,"(Lacepède, 1800)",SPECIES,ZOOLOGICAL,ACCEPTED,Mastacembelus,armatus,SCIENTIFIC,"<i>Mastacembelus</i> <i>armatus</i> (Lacepède, 1800)",EXACT,99,10,Animalia,Chordata,Synbranchiformes,Mastacembelidae,Mastacembelus,Mastacembelus armatus,1,44,889,2224,8301715,2351784,FALSE,"Mastacembelus armatus Sykes, 1839",FALSE,NA,NA,NA,NA,NA,NA,NA,NA,NA,NA,NA,NA,"Mastacembelus armatus Sykes, 1839",Fish
2351804,"Mastacembelus erythrotaenia Bleeker, 1850",Mastacembelus erythrotaenia,"Bleeker, 1850",SPECIES,ZOOLOGICAL,ACCEPTED,Mastacembelus,erythrotaenia,SCIENTIFIC,"<i>Mastacembelus</i> <i>erythrotaenia</i> Bleeker, 1850",EXACT,99,14,Animalia,Chordata,Synbranchiformes,Mastacembelidae,Mastacembelus,Mastacembelus erythrotaenia,1,44,889,2224,8301715,2351804,FALSE,Mastacembelus erythrotaenia,FALSE,NA,NA,NA,NA,NA,NA,NA,NA,NA,NA,NA,NA,Mastacembelus erythrotaenia,Fish
2707865,Mayaca fluviatilis Aubl.,Mayaca fluviatilis,Aubl.,SPECIES,NA,ACCEPTED,Mayaca,fluviatilis,SCIENTIFIC,<i>Mayaca</i> <i>fluviatilis</i> Aubl.,EXACT,97,10,Plantae,Tracheophyta,Poales,Mayacaceae,Mayaca,Mayaca fluviatilis,6,7707728,1369,3744,2707864,2707865,FALSE,Mayaca fluviatilis,FALSE,Liliopsida,196,NA,NA,NA,NA,NA,NA,NA,NA,NA,NA,Mayaca fluviatilis,Plant (strict freshwater habitat tag only)
9632775,"Mayaheros beani (Jordan, 1889)",Mayaheros beani,"(Jordan, 1889)",SPECIES,ZOOLOGICAL,ACCEPTED,Mayaheros,beani,SCIENTIFIC,"<i>Mayaheros</i> <i>beani</i> (Jordan, 1889)",EXACT,99,12,Animalia,Chordata,Perciformes,Cichlidae,Mayaheros,Mayaheros beani,1,44,587,8522,9596916,9632775,FALSE,Mayaheros beani,FALSE,NA,NA,NA,NA,NA,NA,NA,NA,NA,NA,NA,NA,Mayaheros beani,Fish
9539561,"Mayaheros urophthalmus (Günther, 1862)",Mayaheros urophthalmus,"(Günther, 1862)",SPECIES,ZOOLOGICAL,ACCEPTED,Mayaheros,urophthalmus,SCIENTIFIC,"<i>Mayaheros</i> <i>urophthalmus</i> (Günther, 1862)",EXACT,99,11,Animalia,Chordata,Perciformes,Cichlidae,Mayaheros,Mayaheros urophthalmus,1,44,587,8522,9596916,9539561,FALSE,Mayaheros urophthalmus,FALSE,NA,NA,NA,NA,NA,NA,NA,NA,NA,NA,NA,NA,Mayaheros urophthalmus,Fish
2372994,"Maylandia estherae (Konings, 1995)",Maylandia estherae,"(Konings, 1995)",SPECIES,ZOOLOGICAL,ACCEPTED,Maylandia,estherae,SCIENTIFIC,"<i>Maylandia</i> <i>estherae</i> (Konings, 1995)",EXACT,99,9,Animalia,Chordata,Perciformes,Cichlidae,Maylandia,Maylandia estherae,1,44,587,8522,2372983,2372994,FALSE,Maylandia estherae,FALSE,NA,NA,NA,NA,NA,NA,NA,NA,NA,NA,NA,NA,Maylandia estherae,Fish
2372997,"Maylandia lombardoi (Burgess, 1977)",Maylandia lombardoi,"(Burgess, 1977)",SPECIES,ZOOLOGICAL,ACCEPTED,Maylandia,lombardoi,SCIENTIFIC,"<i>Maylandia</i> <i>lombardoi</i> (Burgess, 1977)",EXACT,99,10,Animalia,Chordata,Perciformes,Cichlidae,Maylandia,Maylandia lombardoi,1,44,587,8522,2372983,2372997,FALSE,Maylandia lombardoi,FALSE,NA,NA,NA,NA,NA,NA,NA,NA,NA,NA,NA,NA,Maylandia lombardoi,Fish
2373039,"Maylandia zebra (Boulenger, 1899)",Maylandia zebra,"(Boulenger, 1899)",SPECIES,ZOOLOGICAL,ACCEPTED,Maylandia,zebra,SCIENTIFIC,"<i>Maylandia</i> <i>zebra</i> (Boulenger, 1899)",EXACT,99,9,Animalia,Chordata,Perciformes,Cichlidae,Maylandia,Maylandia zebra,1,44,587,8522,2372983,2373039,FALSE,Maylandia zebra,FALSE,NA,NA,NA,NA,NA,NA,NA,NA,NA,NA,NA,NA,Maylandia zebra,Fish
2361250,"Meda fulgida Girard, 1856",Meda fulgida,"Girard, 1856",SPECIES,ZOOLOGICAL,ACCEPTED,Meda,fulgida,SCIENTIFIC,"<i>Meda</i> <i>fulgida</i> Girard, 1856",EXACT,99,7,Animalia,Chordata,Cypriniformes,Cyprinidae,Meda,Meda fulgida,1,44,1153,7336,2361249,2361250,FALSE,Meda fulgida,FALSE,NA,NA,NA,NA,NA,NA,NA,NA,NA,NA,NA,NA,Meda fulgida,Fish
2362740,"Megalobrama amblycephala Yih, 1955",Megalobrama amblycephala,"Yih, 1955",SPECIES,ZOOLOGICAL,ACCEPTED,Megalobrama,amblycephala,SCIENTIFIC,"<i>Megalobrama</i> <i>amblycephala</i> Yih, 1955",EXACT,99,13,Animalia,Chordata,Cypriniformes,Cyprinidae,Megalobrama,Megalobrama amblycephala,1,44,1153,7336,2362736,2362740,FALSE,Megalobrama amblycephala,FALSE,NA,NA,NA,NA,NA,NA,NA,NA,NA,NA,NA,NA,Megalobrama amblycephala,Fish
2362745,"Megalobrama terminalis (Richardson, 1846)",Megalobrama terminalis,"(Richardson, 1846)",SPECIES,ZOOLOGICAL,ACCEPTED,Megalobrama,terminalis,SCIENTIFIC,"<i>Megalobrama</i> <i>terminalis</i> (Richardson, 1846)",EXACT,99,12,Animalia,Chordata,Cypriniformes,Cyprinidae,Megalobrama,Megalobrama terminalis,1,44,1153,7336,2362736,2362745,FALSE,Megalobrama terminalis,FALSE,NA,NA,NA,NA,NA,NA,NA,NA,NA,NA,NA,NA,Megalobrama terminalis,Fish
2373186,"Melanochromis auratus (Boulenger, 1897)",Melanochromis auratus,"(Boulenger, 1897)",SPECIES,ZOOLOGICAL,ACCEPTED,Melanochromis,auratus,SCIENTIFIC,"<i>Melanochromis</i> <i>auratus</i> (Boulenger, 1897)",EXACT,99,12,Animalia,Chordata,Perciformes,Cichlidae,Melanochromis,Melanochromis auratus,1,44,587,8522,2373170,2373186,FALSE,Melanochromis auratus,FALSE,NA,NA,NA,NA,NA,NA,NA,NA,NA,NA,NA,NA,Melanochromis auratus,Fish
4362965,"Melanoides tuberculata (O.F.Müller, 1774)",Melanoides tuberculata,"(O.F.Müller, 1774)",SPECIES,ZOOLOGICAL,ACCEPTED,Melanoides,tuberculata,SCIENTIFIC,"<i>Melanoides</i> <i>tuberculata</i> (O.F.Müller, 1774)",EXACT,99,12,Animalia,Mollusca,NA,Thiaridae,Melanoides,Melanoides tuberculata,1,52,NA,7063,2300936,4362965,FALSE,Melanoides tuberculata,FALSE,Gastropoda,225,NA,NA,NA,NA,NA,NA,NA,NA,NA,NA,Melanoides tuberculata,Gastropod
2411671,"Melanotaenia australis (Castelnau, 1875)",Melanotaenia australis,"(Castelnau, 1875)",SPECIES,ZOOLOGICAL,ACCEPTED,Melanotaenia,australis,SCIENTIFIC,"<i>Melanotaenia</i> <i>australis</i> (Castelnau, 1875)",EXACT,99,12,Animalia,Chordata,Atheriniformes,Melanotaeniidae,Melanotaenia,Melanotaenia australis,1,44,496,7174,2411649,2411671,FALSE,Melanotaenia australis,FALSE,NA,NA,NA,NA,NA,NA,NA,NA,NA,NA,NA,NA,Melanotaenia australis,Fish
2411651,"Melanotaenia boesemani Allen & Cross, 1980",Melanotaenia boesemani,"Allen & Cross, 1980",SPECIES,ZOOLOGICAL,ACCEPTED,Melanotaenia,boesemani,SCIENTIFIC,"<i>Melanotaenia</i> <i>boesemani</i> Allen & Cross, 1980",EXACT,99,11,Animalia,Chordata,Atheriniformes,Melanotaeniidae,Melanotaenia,Melanotaenia boesemani,1,44,496,7174,2411649,2411651,FALSE,Melanotaenia boesemani,FALSE,NA,NA,NA,NA,NA,NA,NA,NA,NA,NA,NA,NA,Melanotaenia boesemani,Fish
2411662,"Melanotaenia herbertaxelrodi Allen, 1981",Melanotaenia herbertaxelrodi,"Allen, 1981",SPECIES,ZOOLOGICAL,ACCEPTED,Melanotaenia,herbertaxelrodi,SCIENTIFIC,"<i>Melanotaenia</i> <i>herbertaxelrodi</i> Allen, 1981",EXACT,99,16,Animalia,Chordata,Atheriniformes,Melanotaeniidae,Melanotaenia,Melanotaenia herbertaxelrodi,1,44,496,7174,2411649,2411662,FALSE,Melanotaenia herbertaxelrodi,FALSE,NA,NA,NA,NA,NA,NA,NA,NA,NA,NA,NA,NA,Melanotaenia herbertaxelrodi,Fish
2411677,"Melanotaenia nigrans (Richardson, 1843)",Melanotaenia nigrans,"(Richardson, 1843)",SPECIES,ZOOLOGICAL,ACCEPTED,Melanotaenia,nigrans,SCIENTIFIC,"<i>Melanotaenia</i> <i>nigrans</i> (Richardson, 1843)",EXACT,99,11,Animalia,Chordata,Atheriniformes,Melanotaeniidae,Melanotaenia,Melanotaenia nigrans,1,44,496,7174,2411649,2411677,FALSE,Melanotaenia nigrans,FALSE,NA,NA,NA,NA,NA,NA,NA,NA,NA,NA,NA,NA,Melanotaenia nigrans,Fish
2411715,"Melanotaenia praecox (Weber & de Beaufort, 1922)",Melanotaenia praecox,"(Weber & de Beaufort, 1922)",SPECIES,ZOOLOGICAL,ACCEPTED,Melanotaenia,praecox,SCIENTIFIC,"<i>Melanotaenia</i> <i>praecox</i> (Weber & de Beaufort, 1922)",EXACT,99,8,Animalia,Chordata,Atheriniformes,Melanotaeniidae,Melanotaenia,Melanotaenia praecox,1,44,496,7174,2411649,2411715,FALSE,Melanotaenia praecox,FALSE,NA,NA,NA,NA,NA,NA,NA,NA,NA,NA,NA,NA,Melanotaenia praecox,Fish
4284264,"Melanotaenia splendida (Peters, 1866)",Melanotaenia splendida,"(Peters, 1866)",SPECIES,ZOOLOGICAL,ACCEPTED,Melanotaenia,splendida,SCIENTIFIC,"<i>Melanotaenia</i> <i>splendida</i> (Peters, 1866)",EXACT,99,10,Animalia,Chordata,Atheriniformes,Melanotaeniidae,Melanotaenia,Melanotaenia splendida,1,44,496,7174,2411649,4284264,FALSE,Melanotaenia splendida,FALSE,NA,NA,NA,NA,NA,NA,NA,NA,NA,NA,NA,NA,Melanotaenia splendida,Fish
5189713,"Menetus dilatatus (A.Gould, 1841)",Menetus dilatatus,"(A.Gould, 1841)",SPECIES,ZOOLOGICAL,ACCEPTED,Menetus,dilatatus,SCIENTIFIC,"<i>Menetus</i> <i>dilatatus</i> (A.Gould, 1841)",EXACT,99,10,Animalia,Mollusca,NA,Planorbidae,Menetus,Menetus dilatatus,1,52,NA,2851,2290966,5189713,FALSE,Menetus dilatatus,FALSE,Gastropoda,225,NA,NA,NA,NA,NA,NA,NA,NA,NA,NA,Menetus dilatatus,Gastropod
2412298,"Menidia audens Hay, 1882",Menidia audens,"Hay, 1882",SPECIES,ZOOLOGICAL,ACCEPTED,Menidia,audens,SCIENTIFIC,"<i>Menidia</i> <i>audens</i> Hay, 1882",EXACT,99,8,Animalia,Chordata,Atheriniformes,Atherinopsidae,Menidia,Menidia audens,1,44,496,2957,2412291,2412298,FALSE,Menidia audens,FALSE,NA,NA,NA,NA,NA,NA,NA,NA,NA,NA,NA,NA,Menidia audens,Fish
2412295,"Menidia beryllina (Cope, 1867)",Menidia beryllina,"(Cope, 1867)",SPECIES,ZOOLOGICAL,ACCEPTED,Menidia,beryllina,SCIENTIFIC,"<i>Menidia</i> <i>beryllina</i> (Cope, 1867)",EXACT,99,9,Animalia,Chordata,Atheriniformes,Atherinopsidae,Menidia,Menidia beryllina,1,44,496,2957,2412291,2412295,FALSE,Menidia beryllina,FALSE,NA,NA,NA,NA,NA,NA,NA,NA,NA,NA,NA,NA,Menidia beryllina,Fish
9285139,"Mesoheros festae (Boulenger, 1899)",Mesoheros festae,"(Boulenger, 1899)",SPECIES,ZOOLOGICAL,ACCEPTED,Mesoheros,festae,SCIENTIFIC,"<i>Mesoheros</i> <i>festae</i> (Boulenger, 1899)",EXACT,99,8,Animalia,Chordata,Perciformes,Cichlidae,Mesoheros,Mesoheros festae,1,44,587,8522,8477924,9285139,FALSE,Mesoheros festae,FALSE,NA,NA,NA,NA,NA,NA,NA,NA,NA,NA,NA,NA,Mesoheros festae,Fish
2353432,"Metynnis argenteus Ahl, 1923",Metynnis argenteus,"Ahl, 1923",SPECIES,ZOOLOGICAL,ACCEPTED,Metynnis,argenteus,SCIENTIFIC,"<i>Metynnis</i> <i>argenteus</i> Ahl, 1923",EXACT,99,9,Animalia,Chordata,Characiformes,Serrasalmidae,Metynnis,Metynnis argenteus,1,44,537,4287106,2353416,2353432,FALSE,Metynnis argenteus,FALSE,NA,NA,NA,NA,NA,NA,NA,NA,NA,NA,NA,NA,Metynnis argenteus,Fish
2353434,"Metynnis hypsauchen (Müller & Troschel, 1844)",Metynnis hypsauchen,"(Müller & Troschel, 1844)",SPECIES,ZOOLOGICAL,ACCEPTED,Metynnis,hypsauchen,SCIENTIFIC,"<i>Metynnis</i> <i>hypsauchen</i> (Müller & Troschel, 1844)",EXACT,99,11,Animalia,Chordata,Characiformes,Serrasalmidae,Metynnis,Metynnis hypsauchen,1,44,537,4287106,2353416,2353434,FALSE,Metynnis hypsauchen,FALSE,NA,NA,NA,NA,NA,NA,NA,NA,NA,NA,NA,NA,Metynnis hypsauchen,Fish
2362362,"Metzia lineata (Pellegrin, 1907)",Metzia lineata,"(Pellegrin, 1907)",SPECIES,ZOOLOGICAL,ACCEPTED,Metzia,lineata,SCIENTIFIC,"<i>Metzia</i> <i>lineata</i> (Pellegrin, 1907)",EXACT,99,8,Animalia,Chordata,Cypriniformes,Cyprinidae,Metzia,Metzia lineata,1,44,1153,7336,2362353,2362362,FALSE,Metzia lineata,FALSE,NA,NA,NA,NA,NA,NA,NA,NA,NA,NA,NA,NA,Metzia lineata,Fish
2391639,"Microctenopoma ansorgii (Boulenger, 1912)",Microctenopoma ansorgii,"(Boulenger, 1912)",SPECIES,ZOOLOGICAL,ACCEPTED,Microctenopoma,ansorgii,SCIENTIFIC,"<i>Microctenopoma</i> <i>ansorgii</i> (Boulenger, 1912)",EXACT,99,15,Animalia,Chordata,Perciformes,Anabantidae,Microctenopoma,Microctenopoma ansorgii,1,44,587,8488,2391613,2391639,FALSE,Microctenopoma ansorgii,FALSE,NA,NA,NA,NA,NA,NA,NA,NA,NA,NA,NA,NA,Microctenopoma ansorgii,Fish
2344132,"Microglanis iheringi Gomes, 1946",Microglanis iheringi,"Gomes, 1946",SPECIES,ZOOLOGICAL,ACCEPTED,Microglanis,iheringi,SCIENTIFIC,"<i>Microglanis</i> <i>iheringi</i> Gomes, 1946",EXACT,99,19,Animalia,Chordata,Siluriformes,Pseudopimelodidae,Microglanis,Microglanis iheringi,1,44,708,5165,2344124,2344132,FALSE,Microglanis iheringi,FALSE,NA,NA,NA,NA,NA,NA,NA,NA,NA,NA,NA,NA,Microglanis iheringi,Fish
5211258,"Micropterus cataractae Williams & Burgess, 1999",Micropterus cataractae,"Williams & Burgess, 1999",SPECIES,ZOOLOGICAL,ACCEPTED,Micropterus,cataractae,SCIENTIFIC,"<i>Micropterus</i> <i>cataractae</i> Williams & Burgess, 1999",EXACT,99,12,Animalia,Chordata,Perciformes,Centrarchidae,Micropterus,Micropterus cataractae,1,44,587,8513,2391100,5211258,FALSE,Micropterus cataractae,FALSE,NA,NA,NA,NA,NA,NA,NA,NA,NA,NA,NA,NA,Micropterus cataractae,Fish
5211257,"Micropterus coosae Hubbs & Bailey, 1940",Micropterus coosae,"Hubbs & Bailey, 1940",SPECIES,ZOOLOGICAL,ACCEPTED,Micropterus,coosae,SCIENTIFIC,"<i>Micropterus</i> <i>coosae</i> Hubbs & Bailey, 1940",EXACT,99,9,Animalia,Chordata,Perciformes,Centrarchidae,Micropterus,Micropterus coosae,1,44,587,8513,2391100,5211257,FALSE,Micropterus coosae,FALSE,NA,NA,NA,NA,NA,NA,NA,NA,NA,NA,NA,NA,Micropterus coosae,Fish
5211250,"Micropterus dolomieu Lacepède, 1802",Micropterus dolomieu,"Lacepède, 1802",SPECIES,ZOOLOGICAL,ACCEPTED,Micropterus,dolomieu,SCIENTIFIC,"<i>Micropterus</i> <i>dolomieu</i> Lacepède, 1802",EXACT,99,14,Animalia,Chordata,Perciformes,Centrarchidae,Micropterus,Micropterus dolomieu,1,44,587,8513,2391100,5211250,FALSE,Micropterus dolomieu,FALSE,NA,NA,NA,NA,NA,NA,NA,NA,NA,NA,NA,NA,Micropterus dolomieu,Fish
5211240,"Micropterus floridanus (Lesueur, 1822)",Micropterus floridanus,"(Lesueur, 1822)",SPECIES,ZOOLOGICAL,ACCEPTED,Micropterus,floridanus,SCIENTIFIC,"<i>Micropterus</i> <i>floridanus</i> (Lesueur, 1822)",EXACT,99,15,Animalia,Chordata,Perciformes,Centrarchidae,Micropterus,Micropterus floridanus,1,44,587,8513,2391100,5211240,FALSE,Micropterus floridanus,FALSE,NA,NA,NA,NA,NA,NA,NA,NA,NA,NA,NA,NA,Micropterus floridanus,Fish
7193243,"Micropterus henshalli Hubbs & Bailey, 1940",Micropterus henshalli,"Hubbs & Bailey, 1940",SPECIES,ZOOLOGICAL,ACCEPTED,Micropterus,henshalli,SCIENTIFIC,"<i>Micropterus</i> <i>henshalli</i> Hubbs & Bailey, 1940",EXACT,99,12,Animalia,Chordata,Perciformes,Centrarchidae,Micropterus,Micropterus henshalli,1,44,587,8513,2391100,7193243,FALSE,Micropterus henshalli,FALSE,NA,NA,NA,NA,NA,NA,NA,NA,NA,NA,NA,NA,Micropterus henshalli,Fish
5211245,"Micropterus punctulatus (Rafinesque, 1819)",Micropterus punctulatus,"(Rafinesque, 1819)",SPECIES,ZOOLOGICAL,ACCEPTED,Micropterus,punctulatus,SCIENTIFIC,"<i>Micropterus</i> <i>punctulatus</i> (Rafinesque, 1819)",EXACT,99,13,Animalia,Chordata,Perciformes,Centrarchidae,Micropterus,Micropterus punctulatus,1,44,587,8513,2391100,5211245,FALSE,Micropterus punctulatus,FALSE,NA,NA,NA,NA,NA,NA,NA,NA,NA,NA,NA,NA,Micropterus punctulatus,Fish
2394563,"Micropterus salmoides (Lacepède, 1802)",Micropterus salmoides,"(Lacepède, 1802)",SPECIES,ZOOLOGICAL,ACCEPTED,Micropterus,salmoides,SCIENTIFIC,"<i>Micropterus</i> <i>salmoides</i> (Lacepède, 1802)",EXACT,99,15,Animalia,Chordata,Perciformes,Centrarchidae,Micropterus,Micropterus salmoides,1,44,587,8513,2391100,2394563,FALSE,Micropterus salmoides,FALSE,NA,NA,NA,NA,NA,NA,NA,NA,NA,NA,NA,NA,Micropterus salmoides,Fish
5211242,"Micropterus salmoides floridanus (Lesueur, 1822)",Micropterus salmoides floridanus,"(Lesueur, 1822)",SUBSPECIES,ZOOLOGICAL,SYNONYM,Micropterus,salmoides,SCIENTIFIC,"<i>Micropterus</i> <i>salmoides</i> <i>floridanus</i> (Lesueur, 1822)",EXACT,100,18,Animalia,Chordata,Perciformes,Centrarchidae,Micropterus,Micropterus floridanus,1,44,587,8513,2391100,5211240,TRUE,"Micropterus salmoides floridanus (Lesueur, 1822)",FALSE,NA,NA,NA,floridanus,NA,NA,NA,NA,5211240,"Micropterus floridanus (Lesueur, 1822)",NA,NA,"Micropterus salmoides floridanus (Lesueur, 1822)",Fish
5211243,"Micropterus treculii (Vaillant & Bocourt, 1874)",Micropterus treculii,"(Vaillant & Bocourt, 1874)",SPECIES,ZOOLOGICAL,ACCEPTED,Micropterus,treculii,SCIENTIFIC,"<i>Micropterus</i> <i>treculii</i> (Vaillant & Bocourt, 1874)",EXACT,99,11,Animalia,Chordata,Perciformes,Centrarchidae,Micropterus,Micropterus treculii,1,44,587,8513,2391100,5211243,FALSE,Micropterus treculii,FALSE,NA,NA,NA,NA,NA,NA,NA,NA,NA,NA,NA,NA,Micropterus treculii,Fish
7843893,"Mieniplotia scabra (O.F.Müller, 1774)",Mieniplotia scabra,"(O.F.Müller, 1774)",SPECIES,ZOOLOGICAL,ACCEPTED,Mieniplotia,scabra,SCIENTIFIC,"<i>Mieniplotia</i> <i>scabra</i> (O.F.Müller, 1774)",EXACT,99,12,Animalia,Mollusca,NA,Thiaridae,Mieniplotia,Mieniplotia scabra,1,52,NA,7063,8167467,7843893,FALSE,Mieniplotia scabra,FALSE,Gastropoda,225,NA,NA,NA,NA,NA,NA,NA,NA,NA,NA,Mieniplotia scabra,Gastropod
2373109,"Mikrogeophagus altispinosus (Haseman, 1911)",Mikrogeophagus altispinosus,"(Haseman, 1911)",SPECIES,ZOOLOGICAL,ACCEPTED,Mikrogeophagus,altispinosus,SCIENTIFIC,"<i>Mikrogeophagus</i> <i>altispinosus</i> (Haseman, 1911)",EXACT,99,6,Animalia,Chordata,Perciformes,Cichlidae,Mikrogeophagus,Mikrogeophagus altispinosus,1,44,587,8522,2373103,2373109,FALSE,Mikrogeophagus altispinosus,FALSE,NA,NA,NA,NA,NA,NA,NA,NA,NA,NA,NA,NA,Mikrogeophagus altispinosus,Fish
2373104,"Mikrogeophagus ramirezi (Myers & Harry, 1948)",Mikrogeophagus ramirezi,"(Myers & Harry, 1948)",SPECIES,ZOOLOGICAL,ACCEPTED,Mikrogeophagus,ramirezi,SCIENTIFIC,"<i>Mikrogeophagus</i> <i>ramirezi</i> (Myers & Harry, 1948)",EXACT,99,14,Animalia,Chordata,Perciformes,Cichlidae,Mikrogeophagus,Mikrogeophagus ramirezi,1,44,587,8522,2373103,2373104,FALSE,Mikrogeophagus ramirezi,FALSE,NA,NA,NA,NA,NA,NA,NA,NA,NA,NA,NA,NA,Mikrogeophagus ramirezi,Fish
2358945,"Minytrema melanops (Rafinesque, 1820)",Minytrema melanops,"(Rafinesque, 1820)",SPECIES,ZOOLOGICAL,ACCEPTED,Minytrema,melanops,SCIENTIFIC,"<i>Minytrema</i> <i>melanops</i> (Rafinesque, 1820)",EXACT,99,13,Animalia,Chordata,Cypriniformes,Catostomidae,Minytrema,Minytrema melanops,1,44,1153,3384,2358944,2358945,FALSE,Minytrema melanops,FALSE,NA,NA,NA,NA,NA,NA,NA,NA,NA,NA,NA,NA,Minytrema melanops,Fish
2367919,"Misgurnus anguillicaudatus (Cantor, 1842)",Misgurnus anguillicaudatus,"(Cantor, 1842)",SPECIES,ZOOLOGICAL,ACCEPTED,Misgurnus,anguillicaudatus,SCIENTIFIC,"<i>Misgurnus</i> <i>anguillicaudatus</i> (Cantor, 1842)",EXACT,99,14,Animalia,Chordata,Cypriniformes,Cobitidae,Misgurnus,Misgurnus anguillicaudatus,1,44,1153,3385,2367906,2367919,FALSE,Misgurnus anguillicaudatus,FALSE,NA,NA,NA,NA,NA,NA,NA,NA,NA,NA,NA,NA,Misgurnus anguillicaudatus,Fish
2367936,"Misgurnus fossilis (Linnaeus, 1758)",Misgurnus fossilis,"(Linnaeus, 1758)",SPECIES,ZOOLOGICAL,ACCEPTED,Misgurnus,fossilis,SCIENTIFIC,"<i>Misgurnus</i> <i>fossilis</i> (Linnaeus, 1758)",EXACT,99,9,Animalia,Chordata,Cypriniformes,Cobitidae,Misgurnus,Misgurnus fossilis,1,44,1153,3385,2367906,2367936,FALSE,Misgurnus fossilis,FALSE,NA,NA,NA,NA,NA,NA,NA,NA,NA,NA,NA,NA,Misgurnus fossilis,Fish
2367907,"Misgurnus mizolepis Günther, 1888",Misgurnus mizolepis,"Günther, 1888",SPECIES,ZOOLOGICAL,ACCEPTED,Misgurnus,mizolepis,SCIENTIFIC,"<i>Misgurnus</i> <i>mizolepis</i> Günther, 1888",EXACT,99,10,Animalia,Chordata,Cypriniformes,Cobitidae,Misgurnus,Misgurnus mizolepis,1,44,1153,3385,2367906,2367907,FALSE,Misgurnus mizolepis,FALSE,NA,NA,NA,NA,NA,NA,NA,NA,NA,NA,NA,NA,Misgurnus mizolepis,Fish
2367911,"Misgurnus mohoity (Dybowski, 1869)",Misgurnus mohoity,"(Dybowski, 1869)",SPECIES,ZOOLOGICAL,ACCEPTED,Misgurnus,mohoity,SCIENTIFIC,"<i>Misgurnus</i> <i>mohoity</i> (Dybowski, 1869)",EXACT,99,6,Animalia,Chordata,Cypriniformes,Cobitidae,Misgurnus,Misgurnus mohoity,1,44,1153,3385,2367906,2367911,FALSE,Misgurnus mohoity,FALSE,NA,NA,NA,NA,NA,NA,NA,NA,NA,NA,NA,NA,Misgurnus mohoity,Fish
2367938,"Misgurnus nikolskyi Vasil'eva, 2001",Misgurnus nikolskyi,"Vasil'eva, 2001",SPECIES,ZOOLOGICAL,ACCEPTED,Misgurnus,nikolskyi,SCIENTIFIC,"<i>Misgurnus</i> <i>nikolskyi</i> Vasil'eva, 2001",EXACT,99,10,Animalia,Chordata,Cypriniformes,Cobitidae,Misgurnus,Misgurnus nikolskyi,1,44,1153,3385,2367906,2367938,FALSE,Misgurnus nikolskyi,FALSE,NA,NA,NA,NA,NA,NA,NA,NA,NA,NA,NA,NA,Misgurnus nikolskyi,Fish
2362734,"Moapa coriacea Hubbs & Miller, 1948",Moapa coriacea,"Hubbs & Miller, 1948",SPECIES,ZOOLOGICAL,ACCEPTED,Moapa,coriacea,SCIENTIFIC,"<i>Moapa</i> <i>coriacea</i> Hubbs & Miller, 1948",EXACT,99,12,Animalia,Chordata,Cypriniformes,Cyprinidae,Moapa,Moapa coriacea,1,44,1153,7336,2362733,2362734,FALSE,Moapa coriacea,FALSE,NA,NA,NA,NA,NA,NA,NA,NA,NA,NA,NA,NA,Moapa coriacea,Fish
2352615,"Moenkhausia sanctaefilomenae (Steindachner, 1907)",Moenkhausia sanctaefilomenae,"(Steindachner, 1907)",SPECIES,ZOOLOGICAL,ACCEPTED,Moenkhausia,sanctaefilomenae,SCIENTIFIC,"<i>Moenkhausia</i> <i>sanctaefilomenae</i> (Steindachner, 1907)",EXACT,99,16,Animalia,Chordata,Characiformes,Characidae,Moenkhausia,Moenkhausia sanctaefilomenae,1,44,537,7201,2352526,2352615,FALSE,Moenkhausia sanctaefilomenae,FALSE,NA,NA,NA,NA,NA,NA,NA,NA,NA,NA,NA,NA,Moenkhausia sanctaefilomenae,Fish
5211117,"Monodactylus argenteus (Linnaeus, 1758)",Monodactylus argenteus,"(Linnaeus, 1758)",SPECIES,ZOOLOGICAL,ACCEPTED,Monodactylus,argenteus,SCIENTIFIC,"<i>Monodactylus</i> <i>argenteus</i> (Linnaeus, 1758)",EXACT,99,15,Animalia,Chordata,Perciformes,Monodactylidae,Monodactylus,Monodactylus argenteus,1,44,587,4286,2393415,5211117,FALSE,Monodactylus argenteus,FALSE,NA,NA,NA,NA,NA,NA,NA,NA,NA,NA,NA,NA,Monodactylus argenteus,Fish
5211115,"Monodactylus sebae (Cuvier, 1829)",Monodactylus sebae,"(Cuvier, 1829)",SPECIES,ZOOLOGICAL,ACCEPTED,Monodactylus,sebae,SCIENTIFIC,"<i>Monodactylus</i> <i>sebae</i> (Cuvier, 1829)",EXACT,99,10,Animalia,Chordata,Perciformes,Monodactylidae,Monodactylus,Monodactylus sebae,1,44,587,4286,2393415,5211115,FALSE,Monodactylus sebae,FALSE,NA,NA,NA,NA,NA,NA,NA,NA,NA,NA,NA,NA,Monodactylus sebae,Fish
10133060,"Monodontina vondembuschiana (I.Lea, 1840)",Monodontina vondembuschiana,"(I.Lea, 1840)",SPECIES,ZOOLOGICAL,ACCEPTED,Monodontina,vondembuschiana,SCIENTIFIC,"<i>Monodontina</i> <i>vondembuschiana</i> (I.Lea, 1840)",EXACT,99,17,Animalia,Mollusca,Unionida,Unionidae,Monodontina,Monodontina vondembuschiana,1,52,9301143,3461,4629062,10133060,FALSE,Monodontina vondembuschiana,FALSE,Bivalvia,137,NA,NA,NA,NA,NA,NA,NA,NA,NA,NA,Monodontina vondembuschiana,Bivalve
5204081,"Monopterus albus (Zuiew, 1793)",Monopterus albus,"(Zuiew, 1793)",SPECIES,ZOOLOGICAL,ACCEPTED,Monopterus,albus,SCIENTIFIC,"<i>Monopterus</i> <i>albus</i> (Zuiew, 1793)",EXACT,99,7,Animalia,Chordata,Synbranchiformes,Synbranchidae,Monopterus,Monopterus albus,1,44,889,2223,2352025,5204081,FALSE,Monopterus albus,FALSE,NA,NA,NA,NA,NA,NA,NA,NA,NA,NA,NA,NA,Monopterus albus,Fish
5204099,"Monopterus cuchia (Hamilton, 1822)",Monopterus cuchia,"(Hamilton, 1822)",SPECIES,ZOOLOGICAL,ACCEPTED,Monopterus,cuchia,SCIENTIFIC,"<i>Monopterus</i> <i>cuchia</i> (Hamilton, 1822)",EXACT,99,9,Animalia,Chordata,Synbranchiformes,Synbranchidae,Monopterus,Monopterus cuchia,1,44,889,2223,2352025,5204099,FALSE,Monopterus cuchia,FALSE,NA,NA,NA,NA,NA,NA,NA,NA,NA,NA,NA,NA,Monopterus cuchia,Fish
2394604,"Morone americana (Gmelin, 1789)",Morone americana,"(Gmelin, 1789)",SPECIES,ZOOLOGICAL,ACCEPTED,Morone,americana,SCIENTIFIC,"<i>Morone</i> <i>americana</i> (Gmelin, 1789)",EXACT,99,10,Animalia,Chordata,Perciformes,Moronidae,Morone,Morone americana,1,44,587,8545,2382010,2394604,FALSE,Morone americana,FALSE,NA,NA,NA,NA,NA,NA,NA,NA,NA,NA,NA,NA,Morone americana,Fish
2394598,"Morone chrysops (Rafinesque, 1820)",Morone chrysops,"(Rafinesque, 1820)",SPECIES,ZOOLOGICAL,ACCEPTED,Morone,chrysops,SCIENTIFIC,"<i>Morone</i> <i>chrysops</i> (Rafinesque, 1820)",EXACT,99,9,Animalia,Chordata,Perciformes,Moronidae,Morone,Morone chrysops,1,44,587,8545,2382010,2394598,FALSE,Morone chrysops,FALSE,NA,NA,NA,NA,NA,NA,NA,NA,NA,NA,NA,NA,Morone chrysops,Fish
2394610,"Morone mississippiensis Jordan & Eigenmann, 1887",Morone mississippiensis,"Jordan & Eigenmann, 1887",SPECIES,ZOOLOGICAL,ACCEPTED,Morone,mississippiensis,SCIENTIFIC,"<i>Morone</i> <i>mississippiensis</i> Jordan & Eigenmann, 1887",EXACT,99,10,Animalia,Chordata,Perciformes,Moronidae,Morone,Morone mississippiensis,1,44,587,8545,2382010,2394610,FALSE,Morone mississippiensis,FALSE,NA,NA,NA,NA,NA,NA,NA,NA,NA,NA,NA,NA,Morone mississippiensis,Fish
2394612,"Morone saxatilis (Walbaum, 1792)",Morone saxatilis,"(Walbaum, 1792)",SPECIES,ZOOLOGICAL,ACCEPTED,Morone,saxatilis,SCIENTIFIC,"<i>Morone</i> <i>saxatilis</i> (Walbaum, 1792)",EXACT,99,12,Animalia,Chordata,Perciformes,Moronidae,Morone,Morone saxatilis,1,44,587,8545,2382010,2394612,FALSE,Morone saxatilis,FALSE,NA,NA,NA,NA,NA,NA,NA,NA,NA,NA,NA,NA,Morone saxatilis,Fish
2358964,"Moxostoma anisurum (Rafinesque, 1820)",Moxostoma anisurum,"(Rafinesque, 1820)",SPECIES,ZOOLOGICAL,ACCEPTED,Moxostoma,anisurum,SCIENTIFIC,"<i>Moxostoma</i> <i>anisurum</i> (Rafinesque, 1820)",EXACT,99,10,Animalia,Chordata,Cypriniformes,Catostomidae,Moxostoma,Moxostoma anisurum,1,44,1153,3384,2358961,2358964,FALSE,Moxostoma anisurum,FALSE,NA,NA,NA,NA,NA,NA,NA,NA,NA,NA,NA,NA,Moxostoma anisurum,Fish
2359003,"Moxostoma cervinum (Cope, 1868)",Moxostoma cervinum,"(Cope, 1868)",SPECIES,ZOOLOGICAL,ACCEPTED,Moxostoma,cervinum,SCIENTIFIC,"<i>Moxostoma</i> <i>cervinum</i> (Cope, 1868)",EXACT,99,9,Animalia,Chordata,Cypriniformes,Catostomidae,Moxostoma,Moxostoma cervinum,1,44,1153,3384,2358961,2359003,FALSE,Moxostoma cervinum,FALSE,NA,NA,NA,NA,NA,NA,NA,NA,NA,NA,NA,NA,Moxostoma cervinum,Fish
2358972,"Moxostoma collapsum (Cope, 1870)",Moxostoma collapsum,"(Cope, 1870)",SPECIES,ZOOLOGICAL,ACCEPTED,Moxostoma,collapsum,SCIENTIFIC,"<i>Moxostoma</i> <i>collapsum</i> (Cope, 1870)",EXACT,99,8,Animalia,Chordata,Cypriniformes,Catostomidae,Moxostoma,Moxostoma collapsum,1,44,1153,3384,2358961,2358972,FALSE,Moxostoma collapsum,FALSE,NA,NA,NA,NA,NA,NA,NA,NA,NA,NA,NA,NA,Moxostoma collapsum,Fish
2358988,"Moxostoma congestum (Baird & Girard, 1854)",Moxostoma congestum,"(Baird & Girard, 1854)",SPECIES,ZOOLOGICAL,ACCEPTED,Moxostoma,congestum,SCIENTIFIC,"<i>Moxostoma</i> <i>congestum</i> (Baird & Girard, 1854)",EXACT,99,9,Animalia,Chordata,Cypriniformes,Catostomidae,Moxostoma,Moxostoma congestum,1,44,1153,3384,2358961,2358988,FALSE,Moxostoma congestum,FALSE,NA,NA,NA,NA,NA,NA,NA,NA,NA,NA,NA,NA,Moxostoma congestum,Fish
2358966,"Moxostoma erythrurum (Rafinesque, 1818)",Moxostoma erythrurum,"(Rafinesque, 1818)",SPECIES,ZOOLOGICAL,ACCEPTED,Moxostoma,erythrurum,SCIENTIFIC,"<i>Moxostoma</i> <i>erythrurum</i> (Rafinesque, 1818)",EXACT,99,11,Animalia,Chordata,Cypriniformes,Catostomidae,Moxostoma,Moxostoma erythrurum,1,44,1153,3384,2358961,2358966,FALSE,Moxostoma erythrurum,FALSE,NA,NA,NA,NA,NA,NA,NA,NA,NA,NA,NA,NA,Moxostoma erythrurum,Fish
2359011,"Moxostoma lachneri Robins & Raney, 1956",Moxostoma lachneri,"Robins & Raney, 1956",SPECIES,ZOOLOGICAL,ACCEPTED,Moxostoma,lachneri,SCIENTIFIC,"<i>Moxostoma</i> <i>lachneri</i> Robins & Raney, 1956",EXACT,99,6,Animalia,Chordata,Cypriniformes,Catostomidae,Moxostoma,Moxostoma lachneri,1,44,1153,3384,2358961,2359011,FALSE,Moxostoma lachneri,FALSE,NA,NA,NA,NA,NA,NA,NA,NA,NA,NA,NA,NA,Moxostoma lachneri,Fish
2359006,"Moxostoma macrolepidotum (Lesueur, 1817)",Moxostoma macrolepidotum,"(Lesueur, 1817)",SPECIES,ZOOLOGICAL,ACCEPTED,Moxostoma,macrolepidotum,SCIENTIFIC,"<i>Moxostoma</i> <i>macrolepidotum</i> (Lesueur, 1817)",EXACT,99,13,Animalia,Chordata,Cypriniformes,Catostomidae,Moxostoma,Moxostoma macrolepidotum,1,44,1153,3384,2358961,2359006,FALSE,Moxostoma macrolepidotum,FALSE,NA,NA,NA,NA,NA,NA,NA,NA,NA,NA,NA,NA,Moxostoma macrolepidotum,Fish
2358979,"Moxostoma pisolabrum Trautman & Martin, 1951",Moxostoma pisolabrum,"Trautman & Martin, 1951",SPECIES,ZOOLOGICAL,ACCEPTED,Moxostoma,pisolabrum,SCIENTIFIC,"<i>Moxostoma</i> <i>pisolabrum</i> Trautman & Martin, 1951",EXACT,99,12,Animalia,Chordata,Cypriniformes,Catostomidae,Moxostoma,Moxostoma pisolabrum,1,44,1153,3384,2358961,2358979,FALSE,Moxostoma pisolabrum,FALSE,NA,NA,NA,NA,NA,NA,NA,NA,NA,NA,NA,NA,Moxostoma pisolabrum,Fish
2358974,"Moxostoma rupiscartes Jordan & Jenkins, 1889",Moxostoma rupiscartes,"Jordan & Jenkins, 1889",SPECIES,ZOOLOGICAL,ACCEPTED,Moxostoma,rupiscartes,SCIENTIFIC,"<i>Moxostoma</i> <i>rupiscartes</i> Jordan & Jenkins, 1889",EXACT,99,11,Animalia,Chordata,Cypriniformes,Catostomidae,Moxostoma,Moxostoma rupiscartes,1,44,1153,3384,2358961,2358974,FALSE,Moxostoma rupiscartes,FALSE,NA,NA,NA,NA,NA,NA,NA,NA,NA,NA,NA,NA,Moxostoma rupiscartes,Fish
8189568,"Mugil cephalus Linnaeus, 1758",Mugil cephalus,"Linnaeus, 1758",SPECIES,ZOOLOGICAL,ACCEPTED,Mugil,cephalus,SCIENTIFIC,"<i>Mugil</i> <i>cephalus</i> Linnaeus, 1758",EXACT,99,9,Animalia,Chordata,Mugiliformes,Mugilidae,Mugil,Mugil cephalus,1,44,1067,8473,7822511,8189568,FALSE,Mugil cephalus,FALSE,NA,NA,NA,NA,NA,NA,NA,NA,NA,NA,NA,NA,Mugil cephalus,Fish
2400641,"Mugil curema Valenciennes, 1836",Mugil curema,"Valenciennes, 1836",SPECIES,ZOOLOGICAL,ACCEPTED,Mugil,curema,SCIENTIFIC,"<i>Mugil</i> <i>curema</i> Valenciennes, 1836",EXACT,99,9,Animalia,Chordata,Mugiliformes,Mugilidae,Mugil,Mugil curema,1,44,1067,8473,7822511,2400641,FALSE,Mugil curema,FALSE,NA,NA,NA,NA,NA,NA,NA,NA,NA,NA,NA,NA,Mugil curema,Fish
2405369,"Muraenesox cinereus (Forsskål, 1775)",Muraenesox cinereus,"(Forsskål, 1775)",SPECIES,ZOOLOGICAL,ACCEPTED,Muraenesox,cinereus,SCIENTIFIC,"<i>Muraenesox</i> <i>cinereus</i> (Forsskål, 1775)",EXACT,99,12,Animalia,Chordata,Anguilliformes,Muraenesocidae,Muraenesox,Muraenesox cinereus,1,44,495,2952,2405367,2405369,FALSE,Muraenesox cinereus,FALSE,NA,NA,NA,NA,NA,NA,NA,NA,NA,NA,NA,NA,Muraenesox cinereus,Fish
2286719,"Musculium transversum (Say, 1829)",Musculium transversum,"(Say, 1829)",SPECIES,ZOOLOGICAL,ACCEPTED,Musculium,transversum,SCIENTIFIC,"<i>Musculium</i> <i>transversum</i> (Say, 1829)",EXACT,99,14,Animalia,Mollusca,Sphaeriida,Sphaeriidae,Musculium,Musculium transversum,1,52,10495862,3247675,2286716,2286719,FALSE,Musculium transversum,FALSE,Bivalvia,137,NA,NA,NA,NA,NA,NA,NA,NA,NA,NA,Musculium transversum,Bivalve
2354481,"Myleus pacu (Jardine, 1841)",Myleus pacu,"(Jardine, 1841)",SPECIES,ZOOLOGICAL,ACCEPTED,Myleus,pacu,SCIENTIFIC,"<i>Myleus</i> <i>pacu</i> (Jardine, 1841)",EXACT,99,7,Animalia,Chordata,Characiformes,Serrasalmidae,Myleus,Myleus pacu,1,44,537,4287106,2354457,2354481,FALSE,Myleus pacu,FALSE,NA,NA,NA,NA,NA,NA,NA,NA,NA,NA,NA,NA,Myleus pacu,Fish
2360913,"Mylocheilus caurinus (Richardson, 1836)",Mylocheilus caurinus,"(Richardson, 1836)",SPECIES,ZOOLOGICAL,ACCEPTED,Mylocheilus,caurinus,SCIENTIFIC,"<i>Mylocheilus</i> <i>caurinus</i> (Richardson, 1836)",EXACT,99,12,Animalia,Chordata,Cypriniformes,Cyprinidae,Mylocheilus,Mylocheilus caurinus,1,44,1153,7336,2360912,2360913,FALSE,Mylocheilus caurinus,FALSE,NA,NA,NA,NA,NA,NA,NA,NA,NA,NA,NA,NA,Mylocheilus caurinus,Fish
2362110,"Mylopharyngodon piceus (Richardson, 1846)",Mylopharyngodon piceus,"(Richardson, 1846)",SPECIES,ZOOLOGICAL,ACCEPTED,Mylopharyngodon,piceus,SCIENTIFIC,"<i>Mylopharyngodon</i> <i>piceus</i> (Richardson, 1846)",EXACT,99,14,Animalia,Chordata,Cypriniformes,Cyprinidae,Mylopharyngodon,Mylopharyngodon piceus,1,44,1153,7336,2362109,2362110,FALSE,Mylopharyngodon piceus,FALSE,NA,NA,NA,NA,NA,NA,NA,NA,NA,NA,NA,NA,Mylopharyngodon piceus,Fish
2353404,"Myloplus rubripinnis (Müller & Troschel, 1844)",Myloplus rubripinnis,"(Müller & Troschel, 1844)",SPECIES,ZOOLOGICAL,ACCEPTED,Myloplus,rubripinnis,SCIENTIFIC,"<i>Myloplus</i> <i>rubripinnis</i> (Müller & Troschel, 1844)",EXACT,99,10,Animalia,Chordata,Characiformes,Serrasalmidae,Myloplus,Myloplus rubripinnis,1,44,537,4287106,2353403,2353404,FALSE,Myloplus rubripinnis,FALSE,NA,NA,NA,NA,NA,NA,NA,NA,NA,NA,NA,NA,Myloplus rubripinnis,Fish
5361785,Myriophyllum aquaticum (Vell.) Verdc.,Myriophyllum aquaticum,(Vell.) Verdc.,SPECIES,BOTANICAL,ACCEPTED,Myriophyllum,aquaticum,SCIENTIFIC,<i>Myriophyllum</i> <i>aquaticum</i> (Vell.) Verdc.,EXACT,99,11,Plantae,Tracheophyta,Saxifragales,Haloragaceae,Myriophyllum,Myriophyllum aquaticum,6,7707728,7219248,6694,2984253,5361785,FALSE,Myriophyllum aquaticum,FALSE,Magnoliopsida,220,NA,NA,NA,NA,NA,NA,NA,NA,NA,NA,Myriophyllum aquaticum,Plant (strict freshwater habitat tag only)
5361762,Myriophyllum heterophyllum Michx.,Myriophyllum heterophyllum,Michx.,SPECIES,NA,ACCEPTED,Myriophyllum,heterophyllum,SCIENTIFIC,<i>Myriophyllum</i> <i>heterophyllum</i> Michx.,EXACT,99,12,Plantae,Tracheophyta,Saxifragales,Haloragaceae,Myriophyllum,Myriophyllum heterophyllum,6,7707728,7219248,6694,2984253,5361762,FALSE,Myriophyllum heterophyllum,FALSE,Magnoliopsida,220,NA,NA,NA,NA,NA,NA,NA,NA,NA,NA,Myriophyllum heterophyllum,Plant (strict freshwater habitat tag only)
5361776,"Myriophyllum pinnatum (Walter) Britton, Sterns & Poggenb.",Myriophyllum pinnatum,"(Walter) Britton, Sterns & Poggenb.",SPECIES,BOTANICAL,ACCEPTED,Myriophyllum,pinnatum,SCIENTIFIC,"<i>Myriophyllum</i> <i>pinnatum</i> (Walter) Britton, Sterns & Poggenb.",EXACT,98,11,Plantae,Tracheophyta,Saxifragales,Haloragaceae,Myriophyllum,Myriophyllum pinnatum,6,7707728,7219248,6694,2984253,5361776,FALSE,Myriophyllum pinnatum,FALSE,Magnoliopsida,220,NA,NA,NA,NA,NA,NA,NA,NA,NA,NA,Myriophyllum pinnatum,Plant (strict freshwater habitat tag only)
5361788,Myriophyllum quitense Kunth,Myriophyllum quitense,Kunth,SPECIES,NA,ACCEPTED,Myriophyllum,quitense,SCIENTIFIC,<i>Myriophyllum</i> <i>quitense</i> Kunth,EXACT,99,11,Plantae,Tracheophyta,Saxifragales,Haloragaceae,Myriophyllum,Myriophyllum quitense,6,7707728,7219248,6694,2984253,5361788,FALSE,Myriophyllum quitense,FALSE,Magnoliopsida,220,NA,NA,NA,NA,NA,NA,NA,NA,NA,NA,Myriophyllum quitense,Plant (strict freshwater habitat tag only)
5555421,Myriophyllum robustum Hook.fil.,Myriophyllum robustum,Hook.fil.,SPECIES,NA,ACCEPTED,Myriophyllum,robustum,SCIENTIFIC,<i>Myriophyllum</i> <i>robustum</i> Hook.fil.,EXACT,99,12,Plantae,Tracheophyta,Saxifragales,Haloragaceae,Myriophyllum,Myriophyllum robustum,6,7707728,7219248,6694,2984253,5555421,FALSE,Myriophyllum robustum,FALSE,Magnoliopsida,220,NA,NA,NA,NA,NA,NA,NA,NA,NA,NA,Myriophyllum robustum,Plant (strict freshwater habitat tag only)
5555409,Myriophyllum simulans Orchard,Myriophyllum simulans,Orchard,SPECIES,NA,ACCEPTED,Myriophyllum,simulans,SCIENTIFIC,<i>Myriophyllum</i> <i>simulans</i> Orchard,EXACT,99,12,Plantae,Tracheophyta,Saxifragales,Haloragaceae,Myriophyllum,Myriophyllum simulans,6,7707728,7219248,6694,2984253,5555409,FALSE,Myriophyllum simulans,FALSE,Magnoliopsida,220,NA,NA,NA,NA,NA,NA,NA,NA,NA,NA,Myriophyllum simulans,Plant (strict freshwater habitat tag only)
5361760,Myriophyllum spicatum L.,Myriophyllum spicatum,L.,SPECIES,NA,ACCEPTED,Myriophyllum,spicatum,SCIENTIFIC,<i>Myriophyllum</i> <i>spicatum</i> L.,EXACT,97,14,Plantae,Tracheophyta,Saxifragales,Haloragaceae,Myriophyllum,Myriophyllum spicatum,6,7707728,7219248,6694,2984253,5361760,FALSE,Myriophyllum spicatum,FALSE,Magnoliopsida,220,NA,NA,NA,NA,NA,NA,NA,NA,NA,NA,Myriophyllum spicatum,Plant (strict freshwater habitat tag only)
5361779,Myriophyllum verticillatum L.,Myriophyllum verticillatum,L.,SPECIES,NA,ACCEPTED,Myriophyllum,verticillatum,SCIENTIFIC,<i>Myriophyllum</i> <i>verticillatum</i> L.,EXACT,98,14,Plantae,Tracheophyta,Saxifragales,Haloragaceae,Myriophyllum,Myriophyllum verticillatum,6,7707728,7219248,6694,2984253,5361779,FALSE,Myriophyllum verticillatum,FALSE,Magnoliopsida,220,NA,NA,NA,NA,NA,NA,NA,NA,NA,NA,Myriophyllum verticillatum,Plant (strict freshwater habitat tag only)
5201840,"Mystus castaneus Ng, 2002",Mystus castaneus,"Ng, 2002",SPECIES,ZOOLOGICAL,ACCEPTED,Mystus,castaneus,SCIENTIFIC,"<i>Mystus</i> <i>castaneus</i> Ng, 2002",EXACT,99,9,Animalia,Chordata,Siluriformes,Bagridae,Mystus,Mystus castaneus,1,44,708,8974,2338463,5201840,FALSE,Mystus castaneus,FALSE,NA,NA,NA,NA,NA,NA,NA,NA,NA,NA,NA,NA,Mystus castaneus,Fish
5201907,"Mystus wolffii (Bleeker, 1851)",Mystus wolffii,"(Bleeker, 1851)",SPECIES,ZOOLOGICAL,ACCEPTED,Mystus,wolffii,SCIENTIFIC,"<i>Mystus</i> <i>wolffii</i> (Bleeker, 1851)",EXACT,99,5,Animalia,Chordata,Siluriformes,Bagridae,Mystus,Mystus wolffii,1,44,708,8974,2338463,5201907,FALSE,Mystus wolffii,FALSE,NA,NA,NA,NA,NA,NA,NA,NA,NA,NA,NA,NA,Mystus wolffii,Fish
2287076,"Mytilopsis leucophaeata (Conrad, 1831)",Mytilopsis leucophaeata,"(Conrad, 1831)",SPECIES,ZOOLOGICAL,ACCEPTED,Mytilopsis,leucophaeata,SCIENTIFIC,"<i>Mytilopsis</i> <i>leucophaeata</i> (Conrad, 1831)",EXACT,99,14,Animalia,Mollusca,Myida,Dreissenidae,Mytilopsis,Mytilopsis leucophaeata,1,52,9241244,6852,2287074,2287076,FALSE,Mytilopsis leucophaeata,FALSE,Bivalvia,137,NA,NA,NA,NA,NA,NA,NA,NA,NA,NA,Mytilopsis leucophaeata,Bivalve
2359106,"Myxocyprinus asiaticus (Bleeker, 1864)",Myxocyprinus asiaticus,"(Bleeker, 1864)",SPECIES,ZOOLOGICAL,ACCEPTED,Myxocyprinus,asiaticus,SCIENTIFIC,"<i>Myxocyprinus</i> <i>asiaticus</i> (Bleeker, 1864)",EXACT,99,10,Animalia,Chordata,Cypriniformes,Catostomidae,Myxocyprinus,Myxocyprinus asiaticus,1,44,1153,3384,2359105,2359106,FALSE,Myxocyprinus asiaticus,FALSE,NA,NA,NA,NA,NA,NA,NA,NA,NA,NA,NA,NA,Myxocyprinus asiaticus,Fish
5329463,Najas chinensis N.Z.Wang,Najas chinensis,N.Z.Wang,SPECIES,NA,ACCEPTED,Najas,chinensis,SCIENTIFIC,<i>Najas</i> <i>chinensis</i> N.Z.Wang,EXACT,99,7,Plantae,Tracheophyta,Alismatales,Hydrocharitaceae,Najas,Najas chinensis,6,7707728,551,3721,2865618,5329463,FALSE,Najas chinensis,FALSE,Liliopsida,196,NA,NA,NA,NA,NA,NA,NA,NA,NA,NA,Najas chinensis,Plant (strict freshwater habitat tag only)
5329315,Najas flexilis (Willd.) Rostk. & W.L.E.Schmidt,Najas flexilis,(Willd.) Rostk. & W.L.E.Schmidt,SPECIES,BOTANICAL,ACCEPTED,Najas,flexilis,SCIENTIFIC,<i>Najas</i> <i>flexilis</i> (Willd.) Rostk. & W.L.E.Schmidt,EXACT,99,7,Plantae,Tracheophyta,Alismatales,Hydrocharitaceae,Najas,Najas flexilis,6,7707728,551,3721,2865618,5329315,FALSE,Najas flexilis,FALSE,Liliopsida,196,NA,NA,NA,NA,NA,NA,NA,NA,NA,NA,Najas flexilis,Plant (strict freshwater habitat tag only)
5329454,Najas gracillima (A.Braun ex Engelm.) Magnus,Najas gracillima,(A.Braun ex Engelm.) Magnus,SPECIES,BOTANICAL,ACCEPTED,Najas,gracillima,SCIENTIFIC,<i>Najas</i> <i>gracillima</i> (A.Braun ex Engelm.) Magnus,EXACT,99,8,Plantae,Tracheophyta,Alismatales,Hydrocharitaceae,Najas,Najas gracillima,6,7707728,551,3721,2865618,5329454,FALSE,Najas gracillima,FALSE,Liliopsida,196,NA,NA,NA,NA,NA,NA,NA,NA,NA,NA,Najas gracillima,Plant (strict freshwater habitat tag only)
5329404,Najas graminea Delile,Najas graminea,Delile,SPECIES,NA,ACCEPTED,Najas,graminea,SCIENTIFIC,<i>Najas</i> <i>graminea</i> Delile,EXACT,99,12,Plantae,Tracheophyta,Alismatales,Hydrocharitaceae,Najas,Najas graminea,6,7707728,551,3721,2865618,5329404,FALSE,Najas graminea,FALSE,Liliopsida,196,NA,NA,NA,NA,NA,NA,NA,NA,NA,NA,Najas graminea,Plant (strict freshwater habitat tag only)
5329293,Najas guadalupensis (Spreng.) Magnus,Najas guadalupensis,(Spreng.) Magnus,SPECIES,BOTANICAL,ACCEPTED,Najas,guadalupensis,SCIENTIFIC,<i>Najas</i> <i>guadalupensis</i> (Spreng.) Magnus,EXACT,98,9,Plantae,Tracheophyta,Alismatales,Hydrocharitaceae,Najas,Najas guadalupensis,6,7707728,551,3721,2865618,5329293,FALSE,Najas guadalupensis,FALSE,Liliopsida,196,NA,NA,NA,NA,NA,NA,NA,NA,NA,NA,Najas guadalupensis,Plant (strict freshwater habitat tag only)
5329388,Najas indica (Willd.) Cham.,Najas indica,(Willd.) Cham.,SPECIES,BOTANICAL,ACCEPTED,Najas,indica,SCIENTIFIC,<i>Najas</i> <i>indica</i> (Willd.) Cham.,EXACT,99,4,Plantae,Tracheophyta,Alismatales,Hydrocharitaceae,Najas,Najas indica,6,7707728,551,3721,2865618,5329388,FALSE,Najas indica,FALSE,Liliopsida,196,NA,NA,NA,NA,NA,NA,NA,NA,NA,NA,Najas indica,Plant (strict freshwater habitat tag only)
5329431,Najas malesiana W.J.de Wilde,Najas malesiana,W.J.de Wilde,SPECIES,NA,ACCEPTED,Najas,malesiana,SCIENTIFIC,<i>Najas</i> <i>malesiana</i> W.J.de Wilde,EXACT,98,8,Plantae,Tracheophyta,Alismatales,Hydrocharitaceae,Najas,Najas malesiana,6,7707728,551,3721,2865618,5329431,FALSE,Najas malesiana,FALSE,Liliopsida,196,NA,NA,NA,NA,NA,NA,NA,NA,NA,NA,Najas malesiana,Plant (strict freshwater habitat tag only)
5329324,Najas marina L.,Najas marina,L.,SPECIES,NA,ACCEPTED,Najas,marina,SCIENTIFIC,<i>Najas</i> <i>marina</i> L.,EXACT,99,2,Plantae,Tracheophyta,Alismatales,Hydrocharitaceae,Najas,Najas marina,6,7707728,551,3721,2865618,5329324,FALSE,Najas marina,FALSE,Liliopsida,196,NA,NA,NA,NA,NA,NA,NA,NA,NA,NA,Najas marina,Plant (strict freshwater habitat tag only)
7600839,"Najas marina var. intermedia A.Braun, 1864",Najas marina intermedia,"A.Braun, 1864",VARIETY,ZOOLOGICAL,ACCEPTED,Najas,marina,SCIENTIFIC,"<i>Najas</i> <i>marina</i> var. <i>intermedia</i> A.Braun, 1864",EXACT,97,15,Plantae,Tracheophyta,Alismatales,Hydrocharitaceae,Najas,Najas marina,6,7707728,551,3721,2865618,5329324,FALSE,Najas marina intermedia,FALSE,Liliopsida,196,2 synonym homonyms,intermedia,NA,NA,NA,NA,NA,NA,Najas marina intermedia,7600839,Najas marina intermedia,Plant (strict freshwater habitat tag only)
7228338,Najas marina subsp. marina,Najas marina marina,NA,SUBSPECIES,BOTANICAL,ACCEPTED,Najas,marina,SCIENTIFIC,<i>Najas</i> <i>marina</i> subsp. <i>marina</i>,EXACT,97,9,Plantae,Tracheophyta,Alismatales,Hydrocharitaceae,Najas,Najas marina,6,7707728,551,3721,2865618,5329324,FALSE,Najas marina marina,FALSE,Liliopsida,196,NA,marina,Najas marina marina,7228338,NA,NA,NA,NA,NA,NA,Najas marina marina,Plant (strict freshwater habitat tag only)
5329434,Najas minor All.,Najas minor,All.,SPECIES,NA,ACCEPTED,Najas,minor,SCIENTIFIC,<i>Najas</i> <i>minor</i> All.,EXACT,99,8,Plantae,Tracheophyta,Alismatales,Hydrocharitaceae,Najas,Najas minor,6,7707728,551,3721,2865618,5329434,FALSE,Najas minor,FALSE,Liliopsida,196,NA,NA,NA,NA,NA,NA,NA,NA,NA,NA,Najas minor,Plant (strict freshwater habitat tag only)
5329459,Najas pectinata (Parl.) Magnus,Najas pectinata,(Parl.) Magnus,SPECIES,BOTANICAL,ACCEPTED,Najas,pectinata,SCIENTIFIC,<i>Najas</i> <i>pectinata</i> (Parl.) Magnus,EXACT,98,10,Plantae,Tracheophyta,Alismatales,Hydrocharitaceae,Najas,Najas pectinata,6,7707728,551,3721,2865618,5329459,FALSE,Najas pectinata,FALSE,Liliopsida,196,NA,NA,NA,NA,NA,NA,NA,NA,NA,NA,Najas pectinata,Plant (strict freshwater habitat tag only)
5329424,Najas wrightiana A.Braun,Najas wrightiana,A.Braun,SPECIES,NA,ACCEPTED,Najas,wrightiana,SCIENTIFIC,<i>Najas</i> <i>wrightiana</i> A.Braun,EXACT,99,9,Plantae,Tracheophyta,Alismatales,Hydrocharitaceae,Najas,Najas wrightiana,6,7707728,551,3721,2865618,5329424,FALSE,Najas wrightiana,FALSE,Liliopsida,196,NA,NA,NA,NA,NA,NA,NA,NA,NA,NA,Najas wrightiana,Plant (strict freshwater habitat tag only)
2355651,"Nannostomus unifasciatus Steindachner, 1876",Nannostomus unifasciatus,"Steindachner, 1876",SPECIES,ZOOLOGICAL,ACCEPTED,Nannostomus,unifasciatus,SCIENTIFIC,"<i>Nannostomus</i> <i>unifasciatus</i> Steindachner, 1876",EXACT,99,8,Animalia,Chordata,Characiformes,Lebiasinidae,Nannostomus,Nannostomus unifasciatus,1,44,537,3380,2352439,2355651,FALSE,Nannostomus unifasciatus,FALSE,NA,NA,NA,NA,NA,NA,NA,NA,NA,NA,NA,NA,Nannostomus unifasciatus,Fish
2882449,Nelumbo nucifera Gaertn.,Nelumbo nucifera,Gaertn.,SPECIES,NA,ACCEPTED,Nelumbo,nucifera,SCIENTIFIC,<i>Nelumbo</i> <i>nucifera</i> Gaertn.,EXACT,99,10,Plantae,Tracheophyta,Proteales,Nelumbonaceae,Nelumbo,Nelumbo nucifera,6,7707728,400,2424,2882448,2882449,FALSE,Nelumbo nucifera,FALSE,Magnoliopsida,220,NA,NA,NA,NA,NA,NA,NA,NA,NA,NA,Nelumbo nucifera,Plant (strict freshwater habitat tag only)
2349543,"Nematolebias whitei (Myers, 1942)",Nematolebias whitei,"(Myers, 1942)",SPECIES,ZOOLOGICAL,ACCEPTED,Nematolebias,whitei,SCIENTIFIC,"<i>Nematolebias</i> <i>whitei</i> (Myers, 1942)",EXACT,99,10,Animalia,Chordata,Cyprinodontiformes,Rivulidae,Nematolebias,Nematolebias whitei,1,44,547,3696,2349542,2349543,FALSE,Nematolebias whitei,FALSE,NA,NA,NA,NA,NA,NA,NA,NA,NA,NA,NA,NA,Nematolebias whitei,Fish
11689892,"Neocaridina davidi (Bouvier, 1904)",Neocaridina davidi,"(Bouvier, 1904)",SPECIES,ZOOLOGICAL,ACCEPTED,Neocaridina,davidi,SCIENTIFIC,"<i>Neocaridina</i> <i>davidi</i> (Bouvier, 1904)",EXACT,99,10,Animalia,Arthropoda,Decapoda,Atyidae,Neocaridina,Neocaridina davidi,1,54,637,4475,2223024,11689892,FALSE,Neocaridina davidi,FALSE,Malacostraca,229,NA,NA,NA,NA,NA,NA,NA,NA,NA,NA,Neocaridina davidi,Crayfish/crab (Malacostraca)
2379105,"Neogobius fluviatilis (Pallas, 1814)",Neogobius fluviatilis,"(Pallas, 1814)",SPECIES,ZOOLOGICAL,ACCEPTED,Neogobius,fluviatilis,SCIENTIFIC,"<i>Neogobius</i> <i>fluviatilis</i> (Pallas, 1814)",EXACT,99,11,Animalia,Chordata,Perciformes,Gobiidae,Neogobius,Neogobius fluviatilis,1,44,587,4274,2379049,2379105,FALSE,Neogobius fluviatilis,FALSE,NA,NA,NA,NA,NA,NA,NA,NA,NA,NA,NA,NA,Neogobius fluviatilis,Fish
2379089,"Neogobius melanostomus (Pallas, 1814)",Neogobius melanostomus,"(Pallas, 1814)",SPECIES,ZOOLOGICAL,ACCEPTED,Neogobius,melanostomus,SCIENTIFIC,"<i>Neogobius</i> <i>melanostomus</i> (Pallas, 1814)",EXACT,99,6,Animalia,Chordata,Perciformes,Gobiidae,Neogobius,Neogobius melanostomus,1,44,587,4274,2379049,2379089,FALSE,Neogobius melanostomus,FALSE,NA,NA,NA,NA,NA,NA,NA,NA,NA,NA,NA,NA,Neogobius melanostomus,Fish
2371754,"Neolamprologus brichardi (Poll, 1974)",Neolamprologus brichardi,"(Poll, 1974)",SPECIES,ZOOLOGICAL,ACCEPTED,Neolamprologus,brichardi,SCIENTIFIC,"<i>Neolamprologus</i> <i>brichardi</i> (Poll, 1974)",EXACT,99,15,Animalia,Chordata,Perciformes,Cichlidae,Neolamprologus,Neolamprologus brichardi,1,44,587,8522,2371730,2371754,FALSE,Neolamprologus brichardi,FALSE,NA,NA,NA,NA,NA,NA,NA,NA,NA,NA,NA,NA,Neolamprologus brichardi,Fish
2371746,"Neolamprologus leleupi (Poll, 1956)",Neolamprologus leleupi,"(Poll, 1956)",SPECIES,ZOOLOGICAL,ACCEPTED,Neolamprologus,leleupi,SCIENTIFIC,"<i>Neolamprologus</i> <i>leleupi</i> (Poll, 1956)",EXACT,99,13,Animalia,Chordata,Perciformes,Cichlidae,Neolamprologus,Neolamprologus leleupi,1,44,587,8522,2371730,2371746,FALSE,Neolamprologus leleupi,FALSE,NA,NA,NA,NA,NA,NA,NA,NA,NA,NA,NA,NA,Neolamprologus leleupi,Fish
2362762,"Neolissochilus Rainboth, 1985",Neolissochilus,"Rainboth, 1985",GENUS,ZOOLOGICAL,ACCEPTED,NA,NA,SCIENTIFIC,"<i>Neolissochilus</i> Rainboth, 1985",EXACT,94,45,Animalia,Chordata,Cypriniformes,Cyprinidae,Neolissochilus,NA,1,44,1153,7336,2362762,NA,FALSE,Neolissochilus,FALSE,NA,NA,NA,NA,NA,NA,NA,NA,NA,NA,NA,NA,Neolissochilus,Fish
2411019,"Neosalanx taihuensis Chen, 1956",Neosalanx taihuensis,"Chen, 1956",SPECIES,ZOOLOGICAL,ACCEPTED,Neosalanx,taihuensis,SCIENTIFIC,"<i>Neosalanx</i> <i>taihuensis</i> Chen, 1956",EXACT,99,13,Animalia,Chordata,Osmeriformes,Salangidae,Neosalanx,Neosalanx taihuensis,1,44,1068,4227,2411012,2411019,FALSE,Neosalanx taihuensis,FALSE,NA,NA,NA,NA,NA,NA,NA,NA,NA,NA,NA,NA,Neosalanx taihuensis,Fish
2371163,"Nimbochromis livingstonii (Günther, 1894)",Nimbochromis livingstonii,"(Günther, 1894)",SPECIES,ZOOLOGICAL,ACCEPTED,Nimbochromis,livingstonii,SCIENTIFIC,"<i>Nimbochromis</i> <i>livingstonii</i> (Günther, 1894)",EXACT,99,11,Animalia,Chordata,Perciformes,Cichlidae,Nimbochromis,Nimbochromis livingstonii,1,44,587,8522,2371144,2371163,FALSE,Nimbochromis livingstonii,FALSE,NA,NA,NA,NA,NA,NA,NA,NA,NA,NA,NA,NA,Nimbochromis livingstonii,Fish
2371145,"Nimbochromis venustus (Boulenger, 1908)",Nimbochromis venustus,"(Boulenger, 1908)",SPECIES,ZOOLOGICAL,ACCEPTED,Nimbochromis,venustus,SCIENTIFIC,"<i>Nimbochromis</i> <i>venustus</i> (Boulenger, 1908)",EXACT,99,16,Animalia,Chordata,Perciformes,Cichlidae,Nimbochromis,Nimbochromis venustus,1,44,587,8522,2371144,2371145,FALSE,Nimbochromis venustus,FALSE,NA,NA,NA,NA,NA,NA,NA,NA,NA,NA,NA,NA,Nimbochromis venustus,Fish
4417076,"Niphargogammarus intermedius (Carausu, 1943)",Niphargogammarus intermedius,"(Carausu, 1943)",SPECIES,ZOOLOGICAL,ACCEPTED,Niphargogammarus,intermedius,SCIENTIFIC,"<i>Niphargogammarus</i> <i>intermedius</i> (Carausu, 1943)",EXACT,99,16,Animalia,Arthropoda,Amphipoda,Pontogammaridae,Niphargogammarus,Niphargogammarus intermedius,1,54,1231,3254579,4405314,4417076,FALSE,Niphargogammarus intermedius,FALSE,Malacostraca,229,NA,NA,NA,NA,NA,NA,NA,NA,NA,NA,Niphargogammarus intermedius,Crayfish/crab (Malacostraca)
4642636,"Niphargoides G.O.Sars, 1894",Niphargoides,"G.O.Sars, 1894",GENUS,ZOOLOGICAL,ACCEPTED,NA,NA,SCIENTIFIC,"<i>Niphargoides</i> G.O.Sars, 1894",EXACT,94,26,Animalia,Arthropoda,Amphipoda,Pontogammaridae,Niphargoides,NA,1,54,1231,3254579,4642636,NA,FALSE,Niphargoides,FALSE,Malacostraca,229,NA,NA,NA,NA,NA,NA,NA,NA,NA,NA,Niphargoides,Crayfish/crab (Malacostraca)
6462133,"Niphargoides corpulentus G.O.Sars, 1895",Niphargoides corpulentus,"G.O.Sars, 1895",SPECIES,ZOOLOGICAL,ACCEPTED,Niphargoides,corpulentus,SCIENTIFIC,"<i>Niphargoides</i> <i>corpulentus</i> G.O.Sars, 1895",EXACT,99,18,Animalia,Arthropoda,Amphipoda,Pontogammaridae,Niphargoides,Niphargoides corpulentus,1,54,1231,3254579,4642636,6462133,FALSE,Niphargoides corpulentus,FALSE,Malacostraca,229,NA,NA,NA,NA,NA,NA,NA,NA,NA,NA,Niphargoides corpulentus,Crayfish/crab (Malacostraca)
4417274,"Niphargus hrabei S.Karaman, 1932",Niphargus hrabei,"S.Karaman, 1932",SPECIES,ZOOLOGICAL,ACCEPTED,Niphargus,hrabei,SCIENTIFIC,"<i>Niphargus</i> <i>hrabei</i> S.Karaman, 1932",EXACT,99,8,Animalia,Arthropoda,Amphipoda,Niphargidae,Niphargus,Niphargus hrabei,1,54,1231,3254505,4405305,4417274,FALSE,Niphargus hrabei,FALSE,Malacostraca,229,NA,NA,NA,NA,NA,NA,NA,NA,NA,NA,Niphargus hrabei,Crayfish/crab (Malacostraca)
2360921,"Nipponocypris sieboldii (Temminck & Schlegel, 1846)",Nipponocypris sieboldii,"(Temminck & Schlegel, 1846)",SPECIES,ZOOLOGICAL,ACCEPTED,Nipponocypris,sieboldii,SCIENTIFIC,"<i>Nipponocypris</i> <i>sieboldii</i> (Temminck & Schlegel, 1846)",EXACT,99,11,Animalia,Chordata,Cypriniformes,Cyprinidae,Nipponocypris,Nipponocypris sieboldii,1,44,1153,7336,2360920,2360921,FALSE,Nipponocypris sieboldii,FALSE,NA,NA,NA,NA,NA,NA,NA,NA,NA,NA,NA,NA,Nipponocypris sieboldii,Fish
2360929,"Nipponocypris temminckii (Temminck & Schlegel, 1846)",Nipponocypris temminckii,"(Temminck & Schlegel, 1846)",SPECIES,ZOOLOGICAL,ACCEPTED,Nipponocypris,temminckii,SCIENTIFIC,"<i>Nipponocypris</i> <i>temminckii</i> (Temminck & Schlegel, 1846)",EXACT,99,11,Animalia,Chordata,Cypriniformes,Cyprinidae,Nipponocypris,Nipponocypris temminckii,1,44,1153,7336,2360920,2360929,FALSE,Nipponocypris temminckii,FALSE,NA,NA,NA,NA,NA,NA,NA,NA,NA,NA,NA,NA,Nipponocypris temminckii,Fish
8207003,Nitella syncarpa (Thuill.) Chevall.,Nitella syncarpa,(Thuill.) Chevall.,SPECIES,BOTANICAL,ACCEPTED,Nitella,syncarpa,SCIENTIFIC,<i>Nitella</i> <i>syncarpa</i> (Thuill.) Chevall.,EXACT,97,12,Plantae,Charophyta,Charales,Characeae,Nitella,Nitella syncarpa,6,7819616,626,8782,2637771,8207003,FALSE,Nitella syncarpa,FALSE,Charophyceae,328,NA,NA,NA,NA,NA,NA,NA,NA,NA,NA,Nitella syncarpa,Plant (strict freshwater habitat tag only)
2365443,"Nocomis biguttatus (Kirtland, 1840)",Nocomis biguttatus,"(Kirtland, 1840)",SPECIES,ZOOLOGICAL,ACCEPTED,Nocomis,biguttatus,SCIENTIFIC,"<i>Nocomis</i> <i>biguttatus</i> (Kirtland, 1840)",EXACT,99,7,Animalia,Chordata,Cypriniformes,Cyprinidae,Nocomis,Nocomis biguttatus,1,44,1153,7336,2365436,2365443,FALSE,Nocomis biguttatus,FALSE,NA,NA,NA,NA,NA,NA,NA,NA,NA,NA,NA,NA,Nocomis biguttatus,Fish
2365439,"Nocomis leptocephalus (Girard, 1856)",Nocomis leptocephalus,"(Girard, 1856)",SPECIES,ZOOLOGICAL,ACCEPTED,Nocomis,leptocephalus,SCIENTIFIC,"<i>Nocomis</i> <i>leptocephalus</i> (Girard, 1856)",EXACT,99,11,Animalia,Chordata,Cypriniformes,Cyprinidae,Nocomis,Nocomis leptocephalus,1,44,1153,7336,2365436,2365439,FALSE,Nocomis leptocephalus,FALSE,NA,NA,NA,NA,NA,NA,NA,NA,NA,NA,NA,NA,Nocomis leptocephalus,Fish
2365441,"Nocomis micropogon (Cope, 1865)",Nocomis micropogon,"(Cope, 1865)",SPECIES,ZOOLOGICAL,ACCEPTED,Nocomis,micropogon,SCIENTIFIC,"<i>Nocomis</i> <i>micropogon</i> (Cope, 1865)",EXACT,99,9,Animalia,Chordata,Cypriniformes,Cyprinidae,Nocomis,Nocomis micropogon,1,44,1153,7336,2365436,2365441,FALSE,Nocomis micropogon,FALSE,NA,NA,NA,NA,NA,NA,NA,NA,NA,NA,NA,NA,Nocomis micropogon,Fish
2365449,"Nocomis raneyi Lachner & Jenkins, 1971",Nocomis raneyi,"Lachner & Jenkins, 1971",SPECIES,ZOOLOGICAL,ACCEPTED,Nocomis,raneyi,SCIENTIFIC,"<i>Nocomis</i> <i>raneyi</i> Lachner & Jenkins, 1971",EXACT,99,8,Animalia,Chordata,Cypriniformes,Cyprinidae,Nocomis,Nocomis raneyi,1,44,1153,7336,2365436,2365449,FALSE,Nocomis raneyi,FALSE,NA,NA,NA,NA,NA,NA,NA,NA,NA,NA,NA,NA,Nocomis raneyi,Fish
2363714,"Notemigonus crysoleucas (Mitchill, 1814)",Notemigonus crysoleucas,"(Mitchill, 1814)",SPECIES,ZOOLOGICAL,ACCEPTED,Notemigonus,crysoleucas,SCIENTIFIC,"<i>Notemigonus</i> <i>crysoleucas</i> (Mitchill, 1814)",EXACT,99,11,Animalia,Chordata,Cypriniformes,Cyprinidae,Notemigonus,Notemigonus crysoleucas,1,44,1153,7336,2363713,2363714,FALSE,Notemigonus crysoleucas,FALSE,NA,NA,NA,NA,NA,NA,NA,NA,NA,NA,NA,NA,Notemigonus crysoleucas,Fish
2348594,"Nothobranchius guentheri (Pfeffer, 1893)",Nothobranchius guentheri,"(Pfeffer, 1893)",SPECIES,ZOOLOGICAL,ACCEPTED,Nothobranchius,guentheri,SCIENTIFIC,"<i>Nothobranchius</i> <i>guentheri</i> (Pfeffer, 1893)",EXACT,99,14,Animalia,Chordata,Cyprinodontiformes,Nothobranchiidae,Nothobranchius,Nothobranchius guentheri,1,44,547,7658,2348592,2348594,FALSE,Nothobranchius guentheri,FALSE,NA,NA,NA,NA,NA,NA,NA,NA,NA,NA,NA,NA,Nothobranchius guentheri,Fish
5212862,"Notopterus notopterus (Pallas, 1769)",Notopterus notopterus,"(Pallas, 1769)",SPECIES,ZOOLOGICAL,ACCEPTED,Notopterus,notopterus,SCIENTIFIC,"<i>Notopterus</i> <i>notopterus</i> (Pallas, 1769)",EXACT,99,9,Animalia,Chordata,Osteoglossiformes,Notopteridae,Notopterus,Notopterus notopterus,1,44,1069,4231,2346492,5212862,FALSE,Notopterus notopterus,FALSE,NA,NA,NA,NA,NA,NA,NA,NA,NA,NA,NA,NA,Notopterus notopterus,Fish
2362260,"Notropis altipinnis (Cope, 1870)",Notropis altipinnis,"(Cope, 1870)",SPECIES,ZOOLOGICAL,ACCEPTED,Notropis,altipinnis,SCIENTIFIC,"<i>Notropis</i> <i>altipinnis</i> (Cope, 1870)",EXACT,99,10,Animalia,Chordata,Cypriniformes,Cyprinidae,Notropis,Notropis altipinnis,1,44,1153,7336,2362128,2362260,FALSE,Notropis altipinnis,FALSE,NA,NA,NA,NA,NA,NA,NA,NA,NA,NA,NA,NA,Notropis altipinnis,Fish
2362227,"Notropis amabilis (Girard, 1856)",Notropis amabilis,"(Girard, 1856)",SPECIES,ZOOLOGICAL,ACCEPTED,Notropis,amabilis,SCIENTIFIC,"<i>Notropis</i> <i>amabilis</i> (Girard, 1856)",EXACT,99,8,Animalia,Chordata,Cypriniformes,Cyprinidae,Notropis,Notropis amabilis,1,44,1153,7336,2362128,2362227,FALSE,Notropis amabilis,FALSE,NA,NA,NA,NA,NA,NA,NA,NA,NA,NA,NA,NA,Notropis amabilis,Fish
2362198,"Notropis amoenus (Abbott, 1874)",Notropis amoenus,"(Abbott, 1874)",SPECIES,ZOOLOGICAL,ACCEPTED,Notropis,amoenus,SCIENTIFIC,"<i>Notropis</i> <i>amoenus</i> (Abbott, 1874)",EXACT,99,10,Animalia,Chordata,Cypriniformes,Cyprinidae,Notropis,Notropis amoenus,1,44,1153,7336,2362128,2362198,FALSE,Notropis amoenus,FALSE,NA,NA,NA,NA,NA,NA,NA,NA,NA,NA,NA,NA,Notropis amoenus,Fish
2362337,"Notropis ariommus (Cope, 1867)",Notropis ariommus,"(Cope, 1867)",SPECIES,ZOOLOGICAL,ACCEPTED,Notropis,ariommus,SCIENTIFIC,"<i>Notropis</i> <i>ariommus</i> (Cope, 1867)",EXACT,99,7,Animalia,Chordata,Cypriniformes,Cyprinidae,Notropis,Notropis ariommus,1,44,1153,7336,2362128,2362337,FALSE,Notropis ariommus,FALSE,NA,NA,NA,NA,NA,NA,NA,NA,NA,NA,NA,NA,Notropis ariommus,Fish
2362170,"Notropis atherinoides Rafinesque, 1818",Notropis atherinoides,"Rafinesque, 1818",SPECIES,ZOOLOGICAL,ACCEPTED,Notropis,atherinoides,SCIENTIFIC,"<i>Notropis</i> <i>atherinoides</i> Rafinesque, 1818",EXACT,99,11,Animalia,Chordata,Cypriniformes,Cyprinidae,Notropis,Notropis atherinoides,1,44,1153,7336,2362128,2362170,FALSE,Notropis atherinoides,FALSE,NA,NA,NA,NA,NA,NA,NA,NA,NA,NA,NA,NA,Notropis atherinoides,Fish
2362288,"Notropis baileyi Suttkus & Raney, 1955",Notropis baileyi,"Suttkus & Raney, 1955",SPECIES,ZOOLOGICAL,ACCEPTED,Notropis,baileyi,SCIENTIFIC,"<i>Notropis</i> <i>baileyi</i> Suttkus & Raney, 1955",EXACT,99,9,Animalia,Chordata,Cypriniformes,Cyprinidae,Notropis,Notropis baileyi,1,44,1153,7336,2362128,2362288,FALSE,Notropis baileyi,FALSE,NA,NA,NA,NA,NA,NA,NA,NA,NA,NA,NA,NA,Notropis baileyi,Fish
2362252,"Notropis bairdi Hubbs & Ortenburger, 1929",Notropis bairdi,"Hubbs & Ortenburger, 1929",SPECIES,ZOOLOGICAL,ACCEPTED,Notropis,bairdi,SCIENTIFIC,"<i>Notropis</i> <i>bairdi</i> Hubbs & Ortenburger, 1929",EXACT,99,9,Animalia,Chordata,Cypriniformes,Cyprinidae,Notropis,Notropis bairdi,1,44,1153,7336,2362128,2362252,FALSE,Notropis bairdi,FALSE,NA,NA,NA,NA,NA,NA,NA,NA,NA,NA,NA,NA,Notropis bairdi,Fish
2362130,"Notropis blennius (Girard, 1856)",Notropis blennius,"(Girard, 1856)",SPECIES,ZOOLOGICAL,ACCEPTED,Notropis,blennius,SCIENTIFIC,"<i>Notropis</i> <i>blennius</i> (Girard, 1856)",EXACT,99,11,Animalia,Chordata,Cypriniformes,Cyprinidae,Notropis,Notropis blennius,1,44,1153,7336,2362128,2362130,FALSE,Notropis blennius,FALSE,NA,NA,NA,NA,NA,NA,NA,NA,NA,NA,NA,NA,Notropis blennius,Fish
2362225,"Notropis boops Gilbert, 1884",Notropis boops,"Gilbert, 1884",SPECIES,ZOOLOGICAL,ACCEPTED,Notropis,boops,SCIENTIFIC,"<i>Notropis</i> <i>boops</i> Gilbert, 1884",EXACT,99,7,Animalia,Chordata,Cypriniformes,Cyprinidae,Notropis,Notropis boops,1,44,1153,7336,2362128,2362225,FALSE,Notropis boops,FALSE,NA,NA,NA,NA,NA,NA,NA,NA,NA,NA,NA,NA,Notropis boops,Fish
2362253,"Notropis buccatus (Cope, 1865)",Notropis buccatus,"(Cope, 1865)",SPECIES,ZOOLOGICAL,ACCEPTED,Notropis,buccatus,SCIENTIFIC,"<i>Notropis</i> <i>buccatus</i> (Cope, 1865)",EXACT,99,8,Animalia,Chordata,Cypriniformes,Cyprinidae,Notropis,Notropis buccatus,1,44,1153,7336,2362128,2362253,FALSE,Notropis buccatus,FALSE,NA,NA,NA,NA,NA,NA,NA,NA,NA,NA,NA,NA,Notropis buccatus,Fish
2362153,"Notropis buccula Cross, 1953",Notropis buccula,"Cross, 1953",SPECIES,ZOOLOGICAL,ACCEPTED,Notropis,buccula,SCIENTIFIC,"<i>Notropis</i> <i>buccula</i> Cross, 1953",EXACT,99,4,Animalia,Chordata,Cypriniformes,Cyprinidae,Notropis,Notropis buccula,1,44,1153,7336,2362128,2362153,FALSE,Notropis buccula,FALSE,NA,NA,NA,NA,NA,NA,NA,NA,NA,NA,NA,NA,Notropis buccula,Fish
2362297,"Notropis buchanani Meek, 1896",Notropis buchanani,"Meek, 1896",SPECIES,ZOOLOGICAL,ACCEPTED,Notropis,buchanani,SCIENTIFIC,"<i>Notropis</i> <i>buchanani</i> Meek, 1896",EXACT,99,9,Animalia,Chordata,Cypriniformes,Cyprinidae,Notropis,Notropis buchanani,1,44,1153,7336,2362128,2362297,FALSE,Notropis buchanani,FALSE,NA,NA,NA,NA,NA,NA,NA,NA,NA,NA,NA,NA,Notropis buchanani,Fish
2362267,"Notropis chiliticus (Cope, 1870)",Notropis chiliticus,"(Cope, 1870)",SPECIES,ZOOLOGICAL,ACCEPTED,Notropis,chiliticus,SCIENTIFIC,"<i>Notropis</i> <i>chiliticus</i> (Cope, 1870)",EXACT,99,5,Animalia,Chordata,Cypriniformes,Cyprinidae,Notropis,Notropis chiliticus,1,44,1153,7336,2362128,2362267,FALSE,Notropis chiliticus,FALSE,NA,NA,NA,NA,NA,NA,NA,NA,NA,NA,NA,NA,Notropis chiliticus,Fish
2362339,"Notropis chrosomus (Jordan, 1877)",Notropis chrosomus,"(Jordan, 1877)",SPECIES,ZOOLOGICAL,ACCEPTED,Notropis,chrosomus,SCIENTIFIC,"<i>Notropis</i> <i>chrosomus</i> (Jordan, 1877)",EXACT,99,8,Animalia,Chordata,Cypriniformes,Cyprinidae,Notropis,Notropis chrosomus,1,44,1153,7336,2362128,2362339,FALSE,Notropis chrosomus,FALSE,NA,NA,NA,NA,NA,NA,NA,NA,NA,NA,NA,NA,Notropis chrosomus,Fish
2366615,"Notropis dorsalis (Agassiz, 1854)",Notropis dorsalis,"(Agassiz, 1854)",SPECIES,ZOOLOGICAL,ACCEPTED,Notropis,dorsalis,SCIENTIFIC,"<i>Notropis</i> <i>dorsalis</i> (Agassiz, 1854)",EXACT,99,8,Animalia,Chordata,Cypriniformes,Cyprinidae,Notropis,Notropis dorsalis,1,44,1153,7336,2362128,2366615,FALSE,Notropis dorsalis,FALSE,NA,NA,NA,NA,NA,NA,NA,NA,NA,NA,NA,NA,Notropis dorsalis,Fish
2362242,"Notropis girardi Hubbs & Ortenburger, 1929",Notropis girardi,"Hubbs & Ortenburger, 1929",SPECIES,ZOOLOGICAL,ACCEPTED,Notropis,girardi,SCIENTIFIC,"<i>Notropis</i> <i>girardi</i> Hubbs & Ortenburger, 1929",EXACT,99,12,Animalia,Chordata,Cypriniformes,Cyprinidae,Notropis,Notropis girardi,1,44,1153,7336,2362128,2362242,FALSE,Notropis girardi,FALSE,NA,NA,NA,NA,NA,NA,NA,NA,NA,NA,NA,NA,Notropis girardi,Fish
2362134,"Notropis harperi Fowler, 1941",Notropis harperi,"Fowler, 1941",SPECIES,ZOOLOGICAL,ACCEPTED,Notropis,harperi,SCIENTIFIC,"<i>Notropis</i> <i>harperi</i> Fowler, 1941",EXACT,99,8,Animalia,Chordata,Cypriniformes,Cyprinidae,Notropis,Notropis harperi,1,44,1153,7336,2362128,2362134,FALSE,Notropis harperi,FALSE,NA,NA,NA,NA,NA,NA,NA,NA,NA,NA,NA,NA,Notropis harperi,Fish
2362139,"Notropis heterolepis Eigenmann & Eigenmann, 1893",Notropis heterolepis,"Eigenmann & Eigenmann, 1893",SPECIES,ZOOLOGICAL,ACCEPTED,Notropis,heterolepis,SCIENTIFIC,"<i>Notropis</i> <i>heterolepis</i> Eigenmann & Eigenmann, 1893",EXACT,99,12,Animalia,Chordata,Cypriniformes,Cyprinidae,Notropis,Notropis heterolepis,1,44,1153,7336,2362128,2362139,FALSE,Notropis heterolepis,FALSE,NA,NA,NA,NA,NA,NA,NA,NA,NA,NA,NA,NA,Notropis heterolepis,Fish
2362185,"Notropis hudsonius (Clinton, 1824)",Notropis hudsonius,"(Clinton, 1824)",SPECIES,ZOOLOGICAL,ACCEPTED,Notropis,hudsonius,SCIENTIFIC,"<i>Notropis</i> <i>hudsonius</i> (Clinton, 1824)",EXACT,99,9,Animalia,Chordata,Cypriniformes,Cyprinidae,Notropis,Notropis hudsonius,1,44,1153,7336,2362128,2362185,FALSE,Notropis hudsonius,FALSE,NA,NA,NA,NA,NA,NA,NA,NA,NA,NA,NA,NA,Notropis hudsonius,Fish
2362255,"Notropis hypsilepis Suttkus & Raney, 1955",Notropis hypsilepis,"Suttkus & Raney, 1955",SPECIES,ZOOLOGICAL,ACCEPTED,Notropis,hypsilepis,SCIENTIFIC,"<i>Notropis</i> <i>hypsilepis</i> Suttkus & Raney, 1955",EXACT,99,9,Animalia,Chordata,Cypriniformes,Cyprinidae,Notropis,Notropis hypsilepis,1,44,1153,7336,2362128,2362255,FALSE,Notropis hypsilepis,FALSE,NA,NA,NA,NA,NA,NA,NA,NA,NA,NA,NA,NA,Notropis hypsilepis,Fish
2362269,"Notropis leuciodus (Cope, 1868)",Notropis leuciodus,"(Cope, 1868)",SPECIES,ZOOLOGICAL,ACCEPTED,Notropis,leuciodus,SCIENTIFIC,"<i>Notropis</i> <i>leuciodus</i> (Cope, 1868)",EXACT,99,9,Animalia,Chordata,Cypriniformes,Cyprinidae,Notropis,Notropis leuciodus,1,44,1153,7336,2362128,2362269,FALSE,Notropis leuciodus,FALSE,NA,NA,NA,NA,NA,NA,NA,NA,NA,NA,NA,NA,Notropis leuciodus,Fish
2362201,"Notropis longirostris (Hay, 1881)",Notropis longirostris,"(Hay, 1881)",SPECIES,ZOOLOGICAL,ACCEPTED,Notropis,longirostris,SCIENTIFIC,"<i>Notropis</i> <i>longirostris</i> (Hay, 1881)",EXACT,99,12,Animalia,Chordata,Cypriniformes,Cyprinidae,Notropis,Notropis longirostris,1,44,1153,7336,2362128,2362201,FALSE,Notropis longirostris,FALSE,NA,NA,NA,NA,NA,NA,NA,NA,NA,NA,NA,NA,Notropis longirostris,Fish
2362319,"Notropis lutipinnis (Jordan & Brayton, 1878)",Notropis lutipinnis,"(Jordan & Brayton, 1878)",SPECIES,ZOOLOGICAL,ACCEPTED,Notropis,lutipinnis,SCIENTIFIC,"<i>Notropis</i> <i>lutipinnis</i> (Jordan & Brayton, 1878)",EXACT,99,9,Animalia,Chordata,Cypriniformes,Cyprinidae,Notropis,Notropis lutipinnis,1,44,1153,7336,2362128,2362319,FALSE,Notropis lutipinnis,FALSE,NA,NA,NA,NA,NA,NA,NA,NA,NA,NA,NA,NA,Notropis lutipinnis,Fish
2362271,"Notropis nubilus (Forbes, 1878)",Notropis nubilus,"(Forbes, 1878)",SPECIES,ZOOLOGICAL,ACCEPTED,Notropis,nubilus,SCIENTIFIC,"<i>Notropis</i> <i>nubilus</i> (Forbes, 1878)",EXACT,99,10,Animalia,Chordata,Cypriniformes,Cyprinidae,Notropis,Notropis nubilus,1,44,1153,7336,2362128,2362271,FALSE,Notropis nubilus,FALSE,NA,NA,NA,NA,NA,NA,NA,NA,NA,NA,NA,NA,Notropis nubilus,Fish
2362335,"Notropis oxyrhynchus Hubbs & Bonham, 1951",Notropis oxyrhynchus,"Hubbs & Bonham, 1951",SPECIES,ZOOLOGICAL,ACCEPTED,Notropis,oxyrhynchus,SCIENTIFIC,"<i>Notropis</i> <i>oxyrhynchus</i> Hubbs & Bonham, 1951",EXACT,99,10,Animalia,Chordata,Cypriniformes,Cyprinidae,Notropis,Notropis oxyrhynchus,1,44,1153,7336,2362128,2362335,FALSE,Notropis oxyrhynchus,FALSE,NA,NA,NA,NA,NA,NA,NA,NA,NA,NA,NA,NA,Notropis oxyrhynchus,Fish
2362298,"Notropis ozarcanus Meek, 1891",Notropis ozarcanus,"Meek, 1891",SPECIES,ZOOLOGICAL,ACCEPTED,Notropis,ozarcanus,SCIENTIFIC,"<i>Notropis</i> <i>ozarcanus</i> Meek, 1891",EXACT,99,8,Animalia,Chordata,Cypriniformes,Cyprinidae,Notropis,Notropis ozarcanus,1,44,1153,7336,2362128,2362298,FALSE,Notropis ozarcanus,FALSE,NA,NA,NA,NA,NA,NA,NA,NA,NA,NA,NA,NA,Notropis ozarcanus,Fish
2362129,"Notropis potteri Hubbs & Bonham, 1951",Notropis potteri,"Hubbs & Bonham, 1951",SPECIES,ZOOLOGICAL,ACCEPTED,Notropis,potteri,SCIENTIFIC,"<i>Notropis</i> <i>potteri</i> Hubbs & Bonham, 1951",EXACT,99,16,Animalia,Chordata,Cypriniformes,Cyprinidae,Notropis,Notropis potteri,1,44,1153,7336,2362128,2362129,FALSE,Notropis potteri,FALSE,NA,NA,NA,NA,NA,NA,NA,NA,NA,NA,NA,NA,Notropis potteri,Fish
2362157,"Notropis procne (Cope, 1865)",Notropis procne,"(Cope, 1865)",SPECIES,ZOOLOGICAL,ACCEPTED,Notropis,procne,SCIENTIFIC,"<i>Notropis</i> <i>procne</i> (Cope, 1865)",EXACT,99,7,Animalia,Chordata,Cypriniformes,Cyprinidae,Notropis,Notropis procne,1,44,1153,7336,2362128,2362157,FALSE,Notropis procne,FALSE,NA,NA,NA,NA,NA,NA,NA,NA,NA,NA,NA,NA,Notropis procne,Fish
2362326,"Notropis rubellus (Agassiz, 1850)",Notropis rubellus,"(Agassiz, 1850)",SPECIES,ZOOLOGICAL,ACCEPTED,Notropis,rubellus,SCIENTIFIC,"<i>Notropis</i> <i>rubellus</i> (Agassiz, 1850)",EXACT,99,16,Animalia,Chordata,Cypriniformes,Cyprinidae,Notropis,Notropis rubellus,1,44,1153,7336,2362128,2362326,FALSE,Notropis rubellus,FALSE,NA,NA,NA,NA,NA,NA,NA,NA,NA,NA,NA,NA,Notropis rubellus,Fish
2362148,"Notropis rubricroceus (Cope, 1868)",Notropis rubricroceus,"(Cope, 1868)",SPECIES,ZOOLOGICAL,ACCEPTED,Notropis,rubricroceus,SCIENTIFIC,"<i>Notropis</i> <i>rubricroceus</i> (Cope, 1868)",EXACT,99,11,Animalia,Chordata,Cypriniformes,Cyprinidae,Notropis,Notropis rubricroceus,1,44,1153,7336,2362128,2362148,FALSE,Notropis rubricroceus,FALSE,NA,NA,NA,NA,NA,NA,NA,NA,NA,NA,NA,NA,Notropis rubricroceus,Fish
2362244,"Notropis shumardi (Girard, 1856)",Notropis shumardi,"(Girard, 1856)",SPECIES,ZOOLOGICAL,ACCEPTED,Notropis,shumardi,SCIENTIFIC,"<i>Notropis</i> <i>shumardi</i> (Girard, 1856)",EXACT,99,9,Animalia,Chordata,Cypriniformes,Cyprinidae,Notropis,Notropis shumardi,1,44,1153,7336,2362128,2362244,FALSE,Notropis shumardi,FALSE,NA,NA,NA,NA,NA,NA,NA,NA,NA,NA,NA,NA,Notropis shumardi,Fish
2362330,"Notropis spectrunculus (Cope, 1868)",Notropis spectrunculus,"(Cope, 1868)",SPECIES,ZOOLOGICAL,ACCEPTED,Notropis,spectrunculus,SCIENTIFIC,"<i>Notropis</i> <i>spectrunculus</i> (Cope, 1868)",EXACT,99,11,Animalia,Chordata,Cypriniformes,Cyprinidae,Notropis,Notropis spectrunculus,1,44,1153,7336,2362128,2362330,FALSE,Notropis spectrunculus,FALSE,NA,NA,NA,NA,NA,NA,NA,NA,NA,NA,NA,NA,Notropis spectrunculus,Fish
2362216,"Notropis stramineus (Cope, 1865)",Notropis stramineus,"(Cope, 1865)",SPECIES,ZOOLOGICAL,ACCEPTED,Notropis,stramineus,SCIENTIFIC,"<i>Notropis</i> <i>stramineus</i> (Cope, 1865)",EXACT,99,10,Animalia,Chordata,Cypriniformes,Cyprinidae,Notropis,Notropis stramineus,1,44,1153,7336,2362128,2362216,FALSE,Notropis stramineus,FALSE,NA,NA,NA,NA,NA,NA,NA,NA,NA,NA,NA,NA,Notropis stramineus,Fish
2362332,"Notropis telescopus (Cope, 1868)",Notropis telescopus,"(Cope, 1868)",SPECIES,ZOOLOGICAL,ACCEPTED,Notropis,telescopus,SCIENTIFIC,"<i>Notropis</i> <i>telescopus</i> (Cope, 1868)",EXACT,99,6,Animalia,Chordata,Cypriniformes,Cyprinidae,Notropis,Notropis telescopus,1,44,1153,7336,2362128,2362332,FALSE,Notropis telescopus,FALSE,NA,NA,NA,NA,NA,NA,NA,NA,NA,NA,NA,NA,Notropis telescopus,Fish
2362312,"Notropis texanus (Girard, 1856)",Notropis texanus,"(Girard, 1856)",SPECIES,ZOOLOGICAL,ACCEPTED,Notropis,texanus,SCIENTIFIC,"<i>Notropis</i> <i>texanus</i> (Girard, 1856)",EXACT,99,8,Animalia,Chordata,Cypriniformes,Cyprinidae,Notropis,Notropis texanus,1,44,1153,7336,2362128,2362312,FALSE,Notropis texanus,FALSE,NA,NA,NA,NA,NA,NA,NA,NA,NA,NA,NA,NA,Notropis texanus,Fish
2362211,"Notropis volucellus (Cope, 1865)",Notropis volucellus,"(Cope, 1865)",SPECIES,ZOOLOGICAL,ACCEPTED,Notropis,volucellus,SCIENTIFIC,"<i>Notropis</i> <i>volucellus</i> (Cope, 1865)",EXACT,99,9,Animalia,Chordata,Cypriniformes,Cyprinidae,Notropis,Notropis volucellus,1,44,1153,7336,2362128,2362211,FALSE,Notropis volucellus,FALSE,NA,NA,NA,NA,NA,NA,NA,NA,NA,NA,NA,NA,Notropis volucellus,Fish
2362155,"Notropis xaenocephalus (Jordan, 1877)",Notropis xaenocephalus,"(Jordan, 1877)",SPECIES,ZOOLOGICAL,ACCEPTED,Notropis,xaenocephalus,SCIENTIFIC,"<i>Notropis</i> <i>xaenocephalus</i> (Jordan, 1877)",EXACT,99,11,Animalia,Chordata,Cypriniformes,Cyprinidae,Notropis,Notropis xaenocephalus,1,44,1153,7336,2362128,2362155,FALSE,Notropis xaenocephalus,FALSE,NA,NA,NA,NA,NA,NA,NA,NA,NA,NA,NA,NA,Notropis xaenocephalus,Fish
2341039,"Noturus exilis Nelson, 1876",Noturus exilis,"Nelson, 1876",SPECIES,ZOOLOGICAL,ACCEPTED,Noturus,exilis,SCIENTIFIC,"<i>Noturus</i> <i>exilis</i> Nelson, 1876",EXACT,99,7,Animalia,Chordata,Siluriformes,Ictaluridae,Noturus,Noturus exilis,1,44,708,5153,2341007,2341039,FALSE,Noturus exilis,FALSE,NA,NA,NA,NA,NA,NA,NA,NA,NA,NA,NA,NA,Noturus exilis,Fish
2341033,"Noturus flavus Rafinesque, 1818",Noturus flavus,"Rafinesque, 1818",SPECIES,ZOOLOGICAL,ACCEPTED,Noturus,flavus,SCIENTIFIC,"<i>Noturus</i> <i>flavus</i> Rafinesque, 1818",EXACT,99,8,Animalia,Chordata,Siluriformes,Ictaluridae,Noturus,Noturus flavus,1,44,708,5153,2341007,2341033,FALSE,Noturus flavus,FALSE,NA,NA,NA,NA,NA,NA,NA,NA,NA,NA,NA,NA,Noturus flavus,Fish
2341023,"Noturus gilberti Jordan & Evermann, 1889",Noturus gilberti,"Jordan & Evermann, 1889",SPECIES,ZOOLOGICAL,ACCEPTED,Noturus,gilberti,SCIENTIFIC,"<i>Noturus</i> <i>gilberti</i> Jordan & Evermann, 1889",EXACT,99,8,Animalia,Chordata,Siluriformes,Ictaluridae,Noturus,Noturus gilberti,1,44,708,5153,2341007,2341023,FALSE,Noturus gilberti,FALSE,NA,NA,NA,NA,NA,NA,NA,NA,NA,NA,NA,NA,Noturus gilberti,Fish
2341016,"Noturus gyrinus (Mitchill, 1817)",Noturus gyrinus,"(Mitchill, 1817)",SPECIES,ZOOLOGICAL,ACCEPTED,Noturus,gyrinus,SCIENTIFIC,"<i>Noturus</i> <i>gyrinus</i> (Mitchill, 1817)",EXACT,99,6,Animalia,Chordata,Siluriformes,Ictaluridae,Noturus,Noturus gyrinus,1,44,708,5153,2341007,2341016,FALSE,Noturus gyrinus,FALSE,NA,NA,NA,NA,NA,NA,NA,NA,NA,NA,NA,NA,Noturus gyrinus,Fish
2341009,"Noturus insignis (Richardson, 1836)",Noturus insignis,"(Richardson, 1836)",SPECIES,ZOOLOGICAL,ACCEPTED,Noturus,insignis,SCIENTIFIC,"<i>Noturus</i> <i>insignis</i> (Richardson, 1836)",EXACT,99,7,Animalia,Chordata,Siluriformes,Ictaluridae,Noturus,Noturus insignis,1,44,708,5153,2341007,2341009,FALSE,Noturus insignis,FALSE,NA,NA,NA,NA,NA,NA,NA,NA,NA,NA,NA,NA,Noturus insignis,Fish
2341024,"Noturus miurus Jordan, 1877",Noturus miurus,"Jordan, 1877",SPECIES,ZOOLOGICAL,ACCEPTED,Noturus,miurus,SCIENTIFIC,"<i>Noturus</i> <i>miurus</i> Jordan, 1877",EXACT,99,8,Animalia,Chordata,Siluriformes,Ictaluridae,Noturus,Noturus miurus,1,44,708,5153,2341007,2341024,FALSE,Noturus miurus,FALSE,NA,NA,NA,NA,NA,NA,NA,NA,NA,NA,NA,NA,Noturus miurus,Fish
2341036,"Noturus nocturnus Jordan & Gilbert, 1886",Noturus nocturnus,"Jordan & Gilbert, 1886",SPECIES,ZOOLOGICAL,ACCEPTED,Noturus,nocturnus,SCIENTIFIC,"<i>Noturus</i> <i>nocturnus</i> Jordan & Gilbert, 1886",EXACT,99,8,Animalia,Chordata,Siluriformes,Ictaluridae,Noturus,Noturus nocturnus,1,44,708,5153,2341007,2341036,FALSE,Noturus nocturnus,FALSE,NA,NA,NA,NA,NA,NA,NA,NA,NA,NA,NA,NA,Noturus nocturnus,Fish
2341037,"Noturus stigmosus Taylor, 1969",Noturus stigmosus,"Taylor, 1969",SPECIES,ZOOLOGICAL,ACCEPTED,Noturus,stigmosus,SCIENTIFIC,"<i>Noturus</i> <i>stigmosus</i> Taylor, 1969",EXACT,99,8,Animalia,Chordata,Siluriformes,Ictaluridae,Noturus,Noturus stigmosus,1,44,708,5153,2341007,2341037,FALSE,Noturus stigmosus,FALSE,NA,NA,NA,NA,NA,NA,NA,NA,NA,NA,NA,NA,Noturus stigmosus,Fish
2346616,"Novumbra hubbsi Schultz, 1929",Novumbra hubbsi,"Schultz, 1929",SPECIES,ZOOLOGICAL,ACCEPTED,Novumbra,hubbsi,SCIENTIFIC,"<i>Novumbra</i> <i>hubbsi</i> Schultz, 1929",EXACT,99,7,Animalia,Chordata,Esociformes,Umbridae,Novumbra,Novumbra hubbsi,1,44,548,7663,2346615,2346616,FALSE,Novumbra hubbsi,FALSE,NA,NA,NA,NA,NA,NA,NA,NA,NA,NA,NA,NA,Novumbra hubbsi,Fish
6434985,Nuphar advena (Aiton) Aiton,Nuphar advena,(Aiton) Aiton,SPECIES,BOTANICAL,ACCEPTED,Nuphar,advena,SCIENTIFIC,<i>Nuphar</i> <i>advena</i> (Aiton) Aiton,EXACT,97,9,Plantae,Tracheophyta,Nymphaeales,Nymphaeaceae,Nuphar,Nuphar advena,6,7707728,636,2423,2882408,6434985,FALSE,Nuphar advena,FALSE,Magnoliopsida,220,NA,NA,NA,NA,NA,NA,NA,NA,NA,NA,Nuphar advena,Plant (strict freshwater habitat tag only)
7326938,Nuphar japonica DC.,Nuphar japonica,DC.,SPECIES,NA,ACCEPTED,Nuphar,japonica,SCIENTIFIC,<i>Nuphar</i> <i>japonica</i> DC.,EXACT,99,11,Plantae,Tracheophyta,Nymphaeales,Nymphaeaceae,Nuphar,Nuphar japonica,6,7707728,636,2423,2882408,7326938,FALSE,Nuphar japonica,FALSE,Magnoliopsida,220,NA,NA,NA,NA,NA,NA,NA,NA,NA,NA,Nuphar japonica,Plant (strict freshwater habitat tag only)
7551339,Nuphar lutea (L.) Sibth. & Sm.,Nuphar lutea,(L.) Sibth. & Sm.,SPECIES,BOTANICAL,ACCEPTED,Nuphar,lutea,SCIENTIFIC,<i>Nuphar</i> <i>lutea</i> (L.) Sibth. & Sm.,EXACT,99,13,Plantae,Tracheophyta,Nymphaeales,Nymphaeaceae,Nuphar,Nuphar lutea,6,7707728,636,2423,2882408,7551339,FALSE,Nuphar lutea,FALSE,Magnoliopsida,220,NA,NA,NA,NA,NA,NA,NA,NA,NA,NA,Nuphar lutea,Plant (strict freshwater habitat tag only)
6435002,Nuphar pumila (Timm) DC.,Nuphar pumila,(Timm) DC.,SPECIES,BOTANICAL,ACCEPTED,Nuphar,pumila,SCIENTIFIC,<i>Nuphar</i> <i>pumila</i> (Timm) DC.,EXACT,99,8,Plantae,Tracheophyta,Nymphaeales,Nymphaeaceae,Nuphar,Nuphar pumila,6,7707728,636,2423,2882408,6435002,FALSE,Nuphar pumila,FALSE,Magnoliopsida,220,NA,NA,NA,NA,NA,NA,NA,NA,NA,NA,Nuphar pumila,Plant (strict freshwater habitat tag only)
3697714,Nuphar × rubrodisca Morong,Nuphar rubrodisca,Morong,SPECIES,NA,ACCEPTED,Nuphar,rubrodisca,SCIENTIFIC,<i>Nuphar</i> × <i>rubrodisca</i> Morong,EXACT,99,8,Plantae,Tracheophyta,Nymphaeales,Nymphaeaceae,Nuphar,Nuphar rubrodisca,6,7707728,636,2423,2882408,3697714,FALSE,Nuphar rubrodisca,FALSE,Magnoliopsida,220,NA,NA,NA,NA,NA,NA,NA,NA,NA,NA,Nuphar rubrodisca,Plant (strict freshwater habitat tag only)
2882411,Nymphaea L.,Nymphaea,L.,GENUS,NA,ACCEPTED,NA,NA,SCIENTIFIC,<i>Nymphaea</i> L.,EXACT,94,21,Plantae,Tracheophyta,Nymphaeales,Nymphaeaceae,Nymphaea,NA,6,7707728,636,2423,2882411,NA,FALSE,Nymphaea,FALSE,Magnoliopsida,220,NA,NA,NA,NA,NA,NA,NA,NA,NA,NA,Nymphaea,Plant (strict freshwater habitat tag only)
2882437,Nymphaea alba L.,Nymphaea alba,L.,SPECIES,NA,ACCEPTED,Nymphaea,alba,SCIENTIFIC,<i>Nymphaea</i> <i>alba</i> L.,EXACT,97,11,Plantae,Tracheophyta,Nymphaeales,Nymphaeaceae,Nymphaea,Nymphaea alba,6,7707728,636,2423,2882411,2882437,FALSE,Nymphaea alba,FALSE,Magnoliopsida,220,NA,NA,NA,NA,NA,NA,NA,NA,NA,NA,Nymphaea alba,Plant (strict freshwater habitat tag only)
7751392,Nymphaea alba f. rosea Mela,Nymphaea alba rosea,Mela,FORM,NA,SYNONYM,Nymphaea,alba,SCIENTIFIC,<i>Nymphaea</i> <i>alba</i> f. <i>rosea</i> Mela,EXACT,100,9,Plantae,Tracheophyta,Nymphaeales,Nymphaeaceae,Nymphaea,Nymphaea alba,6,7707728,636,2423,2882411,2882437,TRUE,Nymphaea alba f. rosea Mela,FALSE,Magnoliopsida,220,NA,rosea,NA,NA,NA,NA,2882437,Nymphaea alba L.,NA,NA,Nymphaea alba f. rosea Mela,Plant (strict freshwater habitat tag only)
7410966,Nymphaea candida C.Presl,Nymphaea candida,C.Presl,SPECIES,NA,ACCEPTED,Nymphaea,candida,SCIENTIFIC,<i>Nymphaea</i> <i>candida</i> C.Presl,EXACT,99,8,Plantae,Tracheophyta,Nymphaeales,Nymphaeaceae,Nymphaea,Nymphaea candida,6,7707728,636,2423,2882411,7410966,FALSE,Nymphaea candida,FALSE,Magnoliopsida,220,NA,NA,NA,NA,NA,NA,NA,NA,NA,NA,Nymphaea candida,Plant (strict freshwater habitat tag only)
8074971,Nymphaea capensis Baill.,Nymphaea capensis,Baill.,SPECIES,NA,ACCEPTED,Nymphaea,capensis,SCIENTIFIC,<i>Nymphaea</i> <i>capensis</i> Baill.,EXACT,97,9,Plantae,Tracheophyta,Nymphaeales,Nymphaeaceae,Nymphaea,Nymphaea capensis,6,7707728,636,2423,2882411,8074971,FALSE,Nymphaea capensis,FALSE,Magnoliopsida,220,NA,NA,NA,NA,NA,NA,NA,NA,NA,NA,Nymphaea capensis,Plant (strict freshwater habitat tag only)
2882430,Nymphaea jamesoniana Planch.,Nymphaea jamesoniana,Planch.,SPECIES,NA,ACCEPTED,Nymphaea,jamesoniana,SCIENTIFIC,<i>Nymphaea</i> <i>jamesoniana</i> Planch.,EXACT,99,10,Plantae,Tracheophyta,Nymphaeales,Nymphaeaceae,Nymphaea,Nymphaea jamesoniana,6,7707728,636,2423,2882411,2882430,FALSE,Nymphaea jamesoniana,FALSE,Magnoliopsida,220,NA,NA,NA,NA,NA,NA,NA,NA,NA,NA,Nymphaea jamesoniana,Plant (strict freshwater habitat tag only)
2882429,Nymphaea lotus L.,Nymphaea lotus,L.,SPECIES,NA,ACCEPTED,Nymphaea,lotus,SCIENTIFIC,<i>Nymphaea</i> <i>lotus</i> L.,EXACT,97,12,Plantae,Tracheophyta,Nymphaeales,Nymphaeaceae,Nymphaea,Nymphaea lotus,6,7707728,636,2423,2882411,2882429,FALSE,Nymphaea lotus,FALSE,Magnoliopsida,220,NA,NA,NA,NA,NA,NA,NA,NA,NA,NA,Nymphaea lotus,Plant (strict freshwater habitat tag only)
7802465,Nymphaea × marliacea Lat.-Marl.,Nymphaea marliacea,Lat.-Marl.,SPECIES,NA,ACCEPTED,Nymphaea,marliacea,SCIENTIFIC,<i>Nymphaea</i> × <i>marliacea</i> Lat.-Marl.,EXACT,98,11,Plantae,Tracheophyta,Nymphaeales,Nymphaeaceae,Nymphaea,Nymphaea marliacea,6,7707728,636,2423,2882411,7802465,FALSE,Nymphaea marliacea,FALSE,Magnoliopsida,220,NA,NA,NA,NA,NA,NA,NA,NA,NA,NA,Nymphaea marliacea,Plant (strict freshwater habitat tag only)
2882420,Nymphaea mexicana Zucc.,Nymphaea mexicana,Zucc.,SPECIES,NA,ACCEPTED,Nymphaea,mexicana,SCIENTIFIC,<i>Nymphaea</i> <i>mexicana</i> Zucc.,EXACT,97,11,Plantae,Tracheophyta,Nymphaeales,Nymphaeaceae,Nymphaea,Nymphaea mexicana,6,7707728,636,2423,2882411,2882420,FALSE,Nymphaea mexicana,FALSE,Magnoliopsida,220,NA,NA,NA,NA,NA,NA,NA,NA,NA,NA,Nymphaea mexicana,Plant (strict freshwater habitat tag only)
2882414,Nymphaea micrantha Guillaumin & Perr.,Nymphaea micrantha,Guillaumin & Perr.,SPECIES,NA,ACCEPTED,Nymphaea,micrantha,SCIENTIFIC,<i>Nymphaea</i> <i>micrantha</i> Guillaumin & Perr.,EXACT,99,9,Plantae,Tracheophyta,Nymphaeales,Nymphaeaceae,Nymphaea,Nymphaea micrantha,6,7707728,636,2423,2882411,2882414,FALSE,Nymphaea micrantha,FALSE,Magnoliopsida,220,NA,NA,NA,NA,NA,NA,NA,NA,NA,NA,Nymphaea micrantha,Plant (strict freshwater habitat tag only)
7326947,Nymphaea nouchali Burm.fil.,Nymphaea nouchali,Burm.fil.,SPECIES,NA,ACCEPTED,Nymphaea,nouchali,SCIENTIFIC,<i>Nymphaea</i> <i>nouchali</i> Burm.fil.,EXACT,99,8,Plantae,Tracheophyta,Nymphaeales,Nymphaeaceae,Nymphaea,Nymphaea nouchali,6,7707728,636,2423,2882411,7326947,FALSE,Nymphaea nouchali,FALSE,Magnoliopsida,220,NA,NA,NA,NA,NA,NA,NA,NA,NA,NA,Nymphaea nouchali,Plant (strict freshwater habitat tag only)
2882412,Nymphaea odorata Sol. ex Aiton,Nymphaea odorata,Sol. ex Aiton,SPECIES,NA,ACCEPTED,Nymphaea,odorata,SCIENTIFIC,<i>Nymphaea</i> <i>odorata</i> Sol. ex Aiton,EXACT,97,11,Plantae,Tracheophyta,Nymphaeales,Nymphaeaceae,Nymphaea,Nymphaea odorata,6,7707728,636,2423,2882411,2882412,FALSE,Nymphaea odorata,FALSE,Magnoliopsida,220,NA,NA,NA,NA,NA,NA,NA,NA,NA,NA,Nymphaea odorata,Plant (strict freshwater habitat tag only)
7365664,Nymphaea rubra Roxb. ex Andr.,Nymphaea rubra,Roxb. ex Andr.,SPECIES,NA,ACCEPTED,Nymphaea,rubra,SCIENTIFIC,<i>Nymphaea</i> <i>rubra</i> Roxb. ex Andr.,EXACT,97,12,Plantae,Tracheophyta,Nymphaeales,Nymphaeaceae,Nymphaea,Nymphaea rubra,6,7707728,636,2423,2882411,7365664,FALSE,Nymphaea rubra,FALSE,Magnoliopsida,220,NA,NA,NA,NA,NA,NA,NA,NA,NA,NA,Nymphaea rubra,Plant (strict freshwater habitat tag only)
3697259,Nymphaea × marliacea Wildsmith,Nymphaea marliacea,Wildsmith,SPECIES,NA,PROVISIONALLY_ACCEPTED,Nymphaea,marliacea,SCIENTIFIC,<i>Nymphaea</i> × <i>marliacea</i> Wildsmith,EXACT,100,10,Plantae,Tracheophyta,Nymphaeales,Nymphaeaceae,Nymphaea,Nymphaea marliacea,6,7707728,636,2423,2882411,3697259,FALSE,Nymphaea x marliacea Wildsmith,FALSE,Magnoliopsida,220,NA,NA,NA,NA,NA,NA,NA,NA,NA,NA,Nymphaea x marliacea Wildsmith,Plant (strict freshwater habitat tag only)
5341508,Nymphoides aquatica (J.F.Gmel.) Kuntze,Nymphoides aquatica,(J.F.Gmel.) Kuntze,SPECIES,BOTANICAL,ACCEPTED,Nymphoides,aquatica,SCIENTIFIC,<i>Nymphoides</i> <i>aquatica</i> (J.F.Gmel.) Kuntze,EXACT,99,12,Plantae,Tracheophyta,Asterales,Menyanthaceae,Nymphoides,Nymphoides aquatica,6,7707728,414,2386,7785713,5341508,FALSE,Nymphoides aquatica,FALSE,Magnoliopsida,220,NA,NA,NA,NA,NA,NA,NA,NA,NA,NA,Nymphoides aquatica,Plant (strict freshwater habitat tag only)
5592338,Nymphoides geminata (R.Br.) Kuntze,Nymphoides geminata,(R.Br.) Kuntze,SPECIES,BOTANICAL,ACCEPTED,Nymphoides,geminata,SCIENTIFIC,<i>Nymphoides</i> <i>geminata</i> (R.Br.) Kuntze,EXACT,99,11,Plantae,Tracheophyta,Asterales,Menyanthaceae,Nymphoides,Nymphoides geminata,6,7707728,414,2386,7785713,5592338,FALSE,Nymphoides geminata,FALSE,Magnoliopsida,220,NA,NA,NA,NA,NA,NA,NA,NA,NA,NA,Nymphoides geminata,Plant (strict freshwater habitat tag only)
5592249,Nymphoides hydrophylla (Lour.) Kuntze,Nymphoides hydrophylla,(Lour.) Kuntze,SPECIES,BOTANICAL,ACCEPTED,Nymphoides,hydrophylla,SCIENTIFIC,<i>Nymphoides</i> <i>hydrophylla</i> (Lour.) Kuntze,EXACT,99,12,Plantae,Tracheophyta,Asterales,Menyanthaceae,Nymphoides,Nymphoides hydrophylla,6,7707728,414,2386,7785713,5592249,FALSE,Nymphoides hydrophylla,FALSE,Magnoliopsida,220,NA,NA,NA,NA,NA,NA,NA,NA,NA,NA,Nymphoides hydrophylla,Plant (strict freshwater habitat tag only)
5341503,Nymphoides indica (L.) Kuntze,Nymphoides indica,(L.) Kuntze,SPECIES,BOTANICAL,ACCEPTED,Nymphoides,indica,SCIENTIFIC,<i>Nymphoides</i> <i>indica</i> (L.) Kuntze,EXACT,99,8,Plantae,Tracheophyta,Asterales,Menyanthaceae,Nymphoides,Nymphoides indica,6,7707728,414,2386,7785713,5341503,FALSE,Nymphoides indica,FALSE,Magnoliopsida,220,NA,NA,NA,NA,NA,NA,NA,NA,NA,NA,Nymphoides indica,Plant (strict freshwater habitat tag only)
8810827,Nymphoides peltata (S.G.Gmel.) Kuntze,Nymphoides peltata,(S.G.Gmel.) Kuntze,SPECIES,BOTANICAL,ACCEPTED,Nymphoides,peltata,SCIENTIFIC,<i>Nymphoides</i> <i>peltata</i> (S.G.Gmel.) Kuntze,EXACT,99,12,Plantae,Tracheophyta,Asterales,Menyanthaceae,Nymphoides,Nymphoides peltata,6,7707728,414,2386,7785713,8810827,FALSE,Nymphoides peltata,FALSE,Magnoliopsida,220,NA,NA,NA,NA,NA,NA,NA,NA,NA,NA,Nymphoides peltata,Plant (strict freshwater habitat tag only)
4315742,"Obesogammarus crassus (G.O.Sars, 1894)",Obesogammarus crassus,"(G.O.Sars, 1894)",SPECIES,ZOOLOGICAL,ACCEPTED,Obesogammarus,crassus,SCIENTIFIC,"<i>Obesogammarus</i> <i>crassus</i> (G.O.Sars, 1894)",EXACT,99,14,Animalia,Arthropoda,Amphipoda,Pontogammaridae,Obesogammarus,Obesogammarus crassus,1,54,1231,3254579,4315741,4315742,FALSE,Obesogammarus crassus,FALSE,Malacostraca,229,NA,NA,NA,NA,NA,NA,NA,NA,NA,NA,Obesogammarus crassus,Crayfish/crab (Malacostraca)
4417156,"Obesogammarus obesus (G.O.Sars, 1894)",Obesogammarus obesus,"(G.O.Sars, 1894)",SPECIES,ZOOLOGICAL,ACCEPTED,Obesogammarus,obesus,SCIENTIFIC,"<i>Obesogammarus</i> <i>obesus</i> (G.O.Sars, 1894)",EXACT,99,8,Animalia,Arthropoda,Amphipoda,Pontogammaridae,Obesogammarus,Obesogammarus obesus,1,54,1231,3254579,4315741,4417156,FALSE,Obesogammarus obesus,FALSE,Malacostraca,229,NA,NA,NA,NA,NA,NA,NA,NA,NA,NA,Obesogammarus obesus,Crayfish/crab (Malacostraca)
7983644,"Odhneripisidium moitessierianum (Paladilhe, 1866)",Odhneripisidium moitessierianum,"(Paladilhe, 1866)",SPECIES,ZOOLOGICAL,ACCEPTED,Odhneripisidium,moitessierianum,SCIENTIFIC,"<i>Odhneripisidium</i> <i>moitessierianum</i> (Paladilhe, 1866)",EXACT,99,14,Animalia,Mollusca,Sphaeriida,Sphaeriidae,Odhneripisidium,Odhneripisidium moitessierianum,1,52,10495862,3247675,4586830,7983644,FALSE,Odhneripisidium moitessierianum,FALSE,Bivalvia,137,NA,NA,NA,NA,NA,NA,NA,NA,NA,NA,Odhneripisidium moitessierianum,Bivalve
2412370,"Odontesthes bonariensis (Valenciennes, 1835)",Odontesthes bonariensis,"(Valenciennes, 1835)",SPECIES,ZOOLOGICAL,ACCEPTED,Odontesthes,bonariensis,SCIENTIFIC,"<i>Odontesthes</i> <i>bonariensis</i> (Valenciennes, 1835)",EXACT,99,17,Animalia,Chordata,Atheriniformes,Atherinopsidae,Odontesthes,Odontesthes bonariensis,1,44,496,2957,2412318,2412370,FALSE,Odontesthes bonariensis,FALSE,NA,NA,NA,NA,NA,NA,NA,NA,NA,NA,NA,NA,Odontesthes bonariensis,Fish
7654632,"Oliotius oligolepis (Bleeker, 1853)",Oliotius oligolepis,"(Bleeker, 1853)",SPECIES,ZOOLOGICAL,ACCEPTED,Oliotius,oligolepis,SCIENTIFIC,"<i>Oliotius</i> <i>oligolepis</i> (Bleeker, 1853)",EXACT,99,5,Animalia,Chordata,Cypriniformes,Cyprinidae,Oliotius,Oliotius oligolepis,1,44,1153,7336,8365288,7654632,FALSE,Oliotius oligolepis,FALSE,NA,NA,NA,NA,NA,NA,NA,NA,NA,NA,NA,NA,Oliotius oligolepis,Fish
5204029,"Oncorhynchus aguabonita (Jordan, 1892)",Oncorhynchus aguabonita,"(Jordan, 1892)",SPECIES,ZOOLOGICAL,ACCEPTED,Oncorhynchus,aguabonita,SCIENTIFIC,"<i>Oncorhynchus</i> <i>aguabonita</i> (Jordan, 1892)",EXACT,99,6,Animalia,Chordata,Salmoniformes,Salmonidae,Oncorhynchus,Oncorhynchus aguabonita,1,44,1313,8615,2351426,5204029,FALSE,Oncorhynchus aguabonita,FALSE,NA,NA,NA,NA,NA,NA,NA,NA,NA,NA,NA,NA,Oncorhynchus aguabonita,Fish
9289933,"Oncorhynchus aguabonita whitei (Evermann, 1906)",Oncorhynchus aguabonita whitei,"(Evermann, 1906)",SUBSPECIES,ZOOLOGICAL,SYNONYM,Oncorhynchus,aguabonita,SCIENTIFIC,"<i>Oncorhynchus</i> <i>aguabonita</i> <i>whitei</i> (Evermann, 1906)",EXACT,100,6,Animalia,Chordata,Salmoniformes,Salmonidae,Oncorhynchus,Oncorhynchus mykiss,1,44,1313,8615,2351426,5204019,TRUE,"Oncorhynchus aguabonita whitei (Evermann, 1906)",FALSE,NA,NA,NA,whitei,Oncorhynchus mykiss whitei,5711991,NA,NA,5711991,"Oncorhynchus mykiss whitei (Evermann, 1906)",NA,NA,"Oncorhynchus aguabonita whitei (Evermann, 1906)",Fish
5204012,"Oncorhynchus apache (Miller, 1972)",Oncorhynchus apache,"(Miller, 1972)",SPECIES,ZOOLOGICAL,ACCEPTED,Oncorhynchus,apache,SCIENTIFIC,"<i>Oncorhynchus</i> <i>apache</i> (Miller, 1972)",EXACT,99,10,Animalia,Chordata,Salmoniformes,Salmonidae,Oncorhynchus,Oncorhynchus apache,1,44,1313,8615,2351426,5204012,FALSE,Oncorhynchus apache,FALSE,NA,NA,NA,NA,NA,NA,NA,NA,NA,NA,NA,NA,Oncorhynchus apache,Fish
5722956,"Oncorhynchus clarki bouvieri (Jordan & Gilbert, 1883)",Oncorhynchus clarki bouvieri,"(Jordan & Gilbert, 1883)",SUBSPECIES,ZOOLOGICAL,SYNONYM,Oncorhynchus,clarki,SCIENTIFIC,"<i>Oncorhynchus</i> <i>clarki</i> <i>bouvieri</i> (Jordan & Gilbert, 1883)",EXACT,100,15,Animalia,Chordata,Salmoniformes,Salmonidae,Oncorhynchus,Oncorhynchus clarkii,1,44,1313,8615,2351426,5711980,TRUE,"Oncorhynchus clarki bouvieri (Jordan & Gilbert, 1883)",FALSE,NA,NA,NA,bouvieri,NA,NA,NA,NA,5711980,"Oncorhynchus clarkii (Richardson, 1836)",NA,NA,"Oncorhynchus clarki bouvieri (Jordan & Gilbert, 1883)",Fish
5853893,"Oncorhynchus clarki pleuriticus (Cope, 1872)",Oncorhynchus clarki pleuriticus,"(Cope, 1872)",SUBSPECIES,ZOOLOGICAL,SYNONYM,Oncorhynchus,clarki,SCIENTIFIC,"<i>Oncorhynchus</i> <i>clarki</i> <i>pleuriticus</i> (Cope, 1872)",EXACT,100,16,Animalia,Chordata,Salmoniformes,Salmonidae,Oncorhynchus,Oncorhynchus clarkii,1,44,1313,8615,2351426,5711980,TRUE,"Oncorhynchus clarki pleuriticus (Cope, 1872)",FALSE,NA,NA,NA,pleuriticus,NA,NA,NA,NA,5711980,"Oncorhynchus clarkii (Richardson, 1836)",NA,NA,"Oncorhynchus clarki pleuriticus (Cope, 1872)",Fish
5711980,"Oncorhynchus clarkii (Richardson, 1836)",Oncorhynchus clarkii,"(Richardson, 1836)",SPECIES,ZOOLOGICAL,ACCEPTED,Oncorhynchus,clarkii,SCIENTIFIC,"<i>Oncorhynchus</i> <i>clarkii</i> (Richardson, 1836)",EXACT,99,12,Animalia,Chordata,Salmoniformes,Salmonidae,Oncorhynchus,Oncorhynchus clarkii,1,44,1313,8615,2351426,5711980,FALSE,Oncorhynchus clarkii,FALSE,NA,NA,NA,NA,NA,NA,NA,NA,NA,NA,NA,NA,Oncorhynchus clarkii,Fish
8868046,"Oncorhynchus clarkii behnkei Montgomery, 1995",Oncorhynchus clarkii behnkei,"Montgomery, 1995",SUBSPECIES,ZOOLOGICAL,ACCEPTED,Oncorhynchus,clarkii,SCIENTIFIC,"<i>Oncorhynchus</i> <i>clarkii</i> <i>behnkei</i> Montgomery, 1995",EXACT,98,14,Animalia,Chordata,Salmoniformes,Salmonidae,Oncorhynchus,Oncorhynchus clarkii,1,44,1313,8615,2351426,5711980,FALSE,Oncorhynchus clarkii behnkei,FALSE,NA,NA,NA,behnkei,Oncorhynchus clarkii behnkei,8868046,NA,NA,NA,NA,NA,NA,Oncorhynchus clarkii behnkei,Fish
5711984,"Oncorhynchus clarkii henshawi (Gill & Jordan, 1878)",Oncorhynchus clarkii henshawi,"(Gill & Jordan, 1878)",SUBSPECIES,ZOOLOGICAL,SYNONYM,Oncorhynchus,clarkii,SCIENTIFIC,"<i>Oncorhynchus</i> <i>clarkii</i> <i>henshawi</i> (Gill & Jordan, 1878)",EXACT,100,17,Animalia,Chordata,Salmoniformes,Salmonidae,Oncorhynchus,Oncorhynchus henshawi,1,44,1313,8615,2351426,11115657,TRUE,"Oncorhynchus clarkii henshawi (Gill & Jordan, 1878)",FALSE,NA,NA,NA,henshawi,NA,NA,NA,NA,11115657,"Oncorhynchus henshawi (Gill & Jordan, 1878)",NA,NA,"Oncorhynchus clarkii henshawi (Gill & Jordan, 1878)",Fish
5711983,"Oncorhynchus clarkii lewisi (Girard, 1856)",Oncorhynchus clarkii lewisi,"(Girard, 1856)",SUBSPECIES,ZOOLOGICAL,SYNONYM,Oncorhynchus,clarkii,SCIENTIFIC,"<i>Oncorhynchus</i> <i>clarkii</i> <i>lewisi</i> (Girard, 1856)",EXACT,100,16,Animalia,Chordata,Salmoniformes,Salmonidae,Oncorhynchus,Oncorhynchus clarkii,1,44,1313,8615,2351426,5711980,TRUE,"Oncorhynchus clarkii lewisi (Girard, 1856)",FALSE,NA,NA,NA,lewisi,NA,NA,NA,NA,5711980,"Oncorhynchus clarkii (Richardson, 1836)",NA,NA,"Oncorhynchus clarkii lewisi (Girard, 1856)",Fish
5711987,"Oncorhynchus clarkii seleniris (Snyder, 1933)",Oncorhynchus clarkii seleniris,"(Snyder, 1933)",SUBSPECIES,ZOOLOGICAL,ACCEPTED,Oncorhynchus,clarkii,SCIENTIFIC,"<i>Oncorhynchus</i> <i>clarkii</i> <i>seleniris</i> (Snyder, 1933)",EXACT,98,14,Animalia,Chordata,Salmoniformes,Salmonidae,Oncorhynchus,Oncorhynchus clarkii,1,44,1313,8615,2351426,5711980,FALSE,Oncorhynchus clarkii seleniris,FALSE,NA,NA,NA,seleniris,Oncorhynchus clarkii seleniris,5711987,NA,NA,NA,NA,NA,NA,Oncorhynchus clarkii seleniris,Fish
5711988,"Oncorhynchus clarkii stomias (Cope, 1871)",Oncorhynchus clarkii stomias,"(Cope, 1871)",SUBSPECIES,ZOOLOGICAL,ACCEPTED,Oncorhynchus,clarkii,SCIENTIFIC,"<i>Oncorhynchus</i> <i>clarkii</i> <i>stomias</i> (Cope, 1871)",EXACT,98,16,Animalia,Chordata,Salmoniformes,Salmonidae,Oncorhynchus,Oncorhynchus clarkii,1,44,1313,8615,2351426,5711980,FALSE,Oncorhynchus clarkii stomias,FALSE,NA,NA,NA,stomias,Oncorhynchus clarkii stomias,5711988,NA,NA,NA,NA,NA,NA,Oncorhynchus clarkii stomias,Fish
5711989,"Oncorhynchus clarkii utah (Suckley, 1874)",Oncorhynchus clarkii utah,"(Suckley, 1874)",SUBSPECIES,ZOOLOGICAL,ACCEPTED,Oncorhynchus,clarkii,SCIENTIFIC,"<i>Oncorhynchus</i> <i>clarkii</i> <i>utah</i> (Suckley, 1874)",EXACT,98,13,Animalia,Chordata,Salmoniformes,Salmonidae,Oncorhynchus,Oncorhynchus clarkii,1,44,1313,8615,2351426,5711980,FALSE,Oncorhynchus clarkii utah,FALSE,NA,NA,NA,utah,Oncorhynchus clarkii utah,5711989,NA,NA,NA,NA,NA,NA,Oncorhynchus clarkii utah,Fish
5711985,"Oncorhynchus clarkii virginalis (Girard, 1856)",Oncorhynchus clarkii virginalis,"(Girard, 1856)",SUBSPECIES,ZOOLOGICAL,SYNONYM,Oncorhynchus,clarkii,SCIENTIFIC,"<i>Oncorhynchus</i> <i>clarkii</i> <i>virginalis</i> (Girard, 1856)",EXACT,100,20,Animalia,Chordata,Salmoniformes,Salmonidae,Oncorhynchus,Oncorhynchus virginalis,1,44,1313,8615,2351426,11158936,TRUE,"Oncorhynchus clarkii virginalis (Girard, 1856)",FALSE,NA,NA,NA,virginalis,NA,NA,NA,NA,11158936,"Oncorhynchus virginalis (Girard, 1856)",NA,NA,"Oncorhynchus clarkii virginalis (Girard, 1856)",Fish
5204032,"Oncorhynchus gilae (Miller, 1950)",Oncorhynchus gilae,"(Miller, 1950)",SPECIES,ZOOLOGICAL,ACCEPTED,Oncorhynchus,gilae,SCIENTIFIC,"<i>Oncorhynchus</i> <i>gilae</i> (Miller, 1950)",EXACT,99,9,Animalia,Chordata,Salmoniformes,Salmonidae,Oncorhynchus,Oncorhynchus gilae,1,44,1313,8615,2351426,5204032,FALSE,Oncorhynchus gilae,FALSE,NA,NA,NA,NA,NA,NA,NA,NA,NA,NA,NA,NA,Oncorhynchus gilae,Fish
5204037,"Oncorhynchus gorbuscha (Walbaum, 1792)",Oncorhynchus gorbuscha,"(Walbaum, 1792)",SPECIES,ZOOLOGICAL,ACCEPTED,Oncorhynchus,gorbuscha,SCIENTIFIC,"<i>Oncorhynchus</i> <i>gorbuscha</i> (Walbaum, 1792)",EXACT,99,11,Animalia,Chordata,Salmoniformes,Salmonidae,Oncorhynchus,Oncorhynchus gorbuscha,1,44,1313,8615,2351426,5204037,FALSE,Oncorhynchus gorbuscha,FALSE,NA,NA,NA,NA,NA,NA,NA,NA,NA,NA,NA,NA,Oncorhynchus gorbuscha,Fish
5204014,"Oncorhynchus keta (Walbaum, 1792)",Oncorhynchus keta,"(Walbaum, 1792)",SPECIES,ZOOLOGICAL,ACCEPTED,Oncorhynchus,keta,SCIENTIFIC,"<i>Oncorhynchus</i> <i>keta</i> (Walbaum, 1792)",EXACT,99,12,Animalia,Chordata,Salmoniformes,Salmonidae,Oncorhynchus,Oncorhynchus keta,1,44,1313,8615,2351426,5204014,FALSE,Oncorhynchus keta,FALSE,NA,NA,NA,NA,NA,NA,NA,NA,NA,NA,NA,NA,Oncorhynchus keta,Fish
5204034,"Oncorhynchus kisutch (Walbaum, 1792)",Oncorhynchus kisutch,"(Walbaum, 1792)",SPECIES,ZOOLOGICAL,ACCEPTED,Oncorhynchus,kisutch,SCIENTIFIC,"<i>Oncorhynchus</i> <i>kisutch</i> (Walbaum, 1792)",EXACT,99,12,Animalia,Chordata,Salmoniformes,Salmonidae,Oncorhynchus,Oncorhynchus kisutch,1,44,1313,8615,2351426,5204034,FALSE,Oncorhynchus kisutch,FALSE,NA,NA,NA,NA,NA,NA,NA,NA,NA,NA,NA,NA,Oncorhynchus kisutch,Fish
5711979,"Oncorhynchus masou (Brevoort, 1856)",Oncorhynchus masou,"(Brevoort, 1856)",SPECIES,ZOOLOGICAL,ACCEPTED,Oncorhynchus,masou,SCIENTIFIC,"<i>Oncorhynchus</i> <i>masou</i> (Brevoort, 1856)",EXACT,99,11,Animalia,Chordata,Salmoniformes,Salmonidae,Oncorhynchus,Oncorhynchus masou,1,44,1313,8615,2351426,5711979,FALSE,Oncorhynchus masou,FALSE,NA,NA,NA,NA,NA,NA,NA,NA,NA,NA,NA,NA,Oncorhynchus masou,Fish
5204019,"Oncorhynchus mykiss (Walbaum, 1792)",Oncorhynchus mykiss,"(Walbaum, 1792)",SPECIES,ZOOLOGICAL,ACCEPTED,Oncorhynchus,mykiss,SCIENTIFIC,"<i>Oncorhynchus</i> <i>mykiss</i> (Walbaum, 1792)",EXACT,99,13,Animalia,Chordata,Salmoniformes,Salmonidae,Oncorhynchus,Oncorhynchus mykiss,1,44,1313,8615,2351426,5204019,FALSE,Oncorhynchus mykiss,FALSE,NA,NA,NA,NA,NA,NA,NA,NA,NA,NA,NA,NA,Oncorhynchus mykiss,Fish
5711995,"Oncorhynchus mykiss irideus (Gibbons, 1855)",Oncorhynchus mykiss irideus,"(Gibbons, 1855)",SUBSPECIES,ZOOLOGICAL,ACCEPTED,Oncorhynchus,mykiss,SCIENTIFIC,"<i>Oncorhynchus</i> <i>mykiss</i> <i>irideus</i> (Gibbons, 1855)",EXACT,98,13,Animalia,Chordata,Salmoniformes,Salmonidae,Oncorhynchus,Oncorhynchus mykiss,1,44,1313,8615,2351426,5204019,FALSE,Oncorhynchus mykiss irideus,FALSE,NA,NA,NA,irideus,Oncorhynchus mykiss irideus,5711995,NA,NA,NA,NA,NA,NA,Oncorhynchus mykiss irideus,Fish
5204039,"Oncorhynchus nerka (Walbaum, 1792)",Oncorhynchus nerka,"(Walbaum, 1792)",SPECIES,ZOOLOGICAL,ACCEPTED,Oncorhynchus,nerka,SCIENTIFIC,"<i>Oncorhynchus</i> <i>nerka</i> (Walbaum, 1792)",EXACT,99,10,Animalia,Chordata,Salmoniformes,Salmonidae,Oncorhynchus,Oncorhynchus nerka,1,44,1313,8615,2351426,5204039,FALSE,Oncorhynchus nerka,FALSE,NA,NA,NA,NA,NA,NA,NA,NA,NA,NA,NA,NA,Oncorhynchus nerka,Fish
5204010,"Oncorhynchus rhodurus Jordan & McGregor, 1925",Oncorhynchus rhodurus,"Jordan & McGregor, 1925",SPECIES,ZOOLOGICAL,ACCEPTED,Oncorhynchus,rhodurus,SCIENTIFIC,"<i>Oncorhynchus</i> <i>rhodurus</i> Jordan & McGregor, 1925",EXACT,99,10,Animalia,Chordata,Salmoniformes,Salmonidae,Oncorhynchus,Oncorhynchus rhodurus,1,44,1313,8615,2351426,5204010,FALSE,Oncorhynchus rhodurus,FALSE,NA,NA,NA,NA,NA,NA,NA,NA,NA,NA,NA,NA,Oncorhynchus rhodurus,Fish
5204024,"Oncorhynchus tshawytscha (Walbaum, 1792)",Oncorhynchus tshawytscha,"(Walbaum, 1792)",SPECIES,ZOOLOGICAL,ACCEPTED,Oncorhynchus,tshawytscha,SCIENTIFIC,"<i>Oncorhynchus</i> <i>tshawytscha</i> (Walbaum, 1792)",EXACT,99,14,Animalia,Chordata,Salmoniformes,Salmonidae,Oncorhynchus,Oncorhynchus tshawytscha,1,44,1313,8615,2351426,5204024,FALSE,Oncorhynchus tshawytscha,FALSE,NA,NA,NA,NA,NA,NA,NA,NA,NA,NA,NA,NA,Oncorhynchus tshawytscha,Fish
2352006,"Ophisternon aenigmaticum Rosen & Greenwood, 1976",Ophisternon aenigmaticum,"Rosen & Greenwood, 1976",SPECIES,ZOOLOGICAL,ACCEPTED,Ophisternon,aenigmaticum,SCIENTIFIC,"<i>Ophisternon</i> <i>aenigmaticum</i> Rosen & Greenwood, 1976",EXACT,99,12,Animalia,Chordata,Synbranchiformes,Synbranchidae,Ophisternon,Ophisternon aenigmaticum,1,44,889,2223,2352005,2352006,FALSE,Ophisternon aenigmaticum,FALSE,NA,NA,NA,NA,NA,NA,NA,NA,NA,NA,NA,NA,Ophisternon aenigmaticum,Fish
2352009,"Ophisternon bengalense McClelland, 1844",Ophisternon bengalense,"McClelland, 1844",SPECIES,ZOOLOGICAL,ACCEPTED,Ophisternon,bengalense,SCIENTIFIC,"<i>Ophisternon</i> <i>bengalense</i> McClelland, 1844",EXACT,99,13,Animalia,Chordata,Synbranchiformes,Synbranchidae,Ophisternon,Ophisternon bengalense,1,44,889,2223,2352005,2352009,FALSE,Ophisternon bengalense,FALSE,NA,NA,NA,NA,NA,NA,NA,NA,NA,NA,NA,NA,Ophisternon bengalense,Fish
2365489,"Opsariichthys uncirostris (Temminck & Schlegel, 1846)",Opsariichthys uncirostris,"(Temminck & Schlegel, 1846)",SPECIES,ZOOLOGICAL,ACCEPTED,Opsariichthys,uncirostris,SCIENTIFIC,"<i>Opsariichthys</i> <i>uncirostris</i> (Temminck & Schlegel, 1846)",EXACT,99,16,Animalia,Chordata,Cypriniformes,Cyprinidae,Opsariichthys,Opsariichthys uncirostris,1,44,1153,7336,2365476,2365489,FALSE,Opsariichthys uncirostris,FALSE,NA,NA,NA,NA,NA,NA,NA,NA,NA,NA,NA,NA,Opsariichthys uncirostris,Fish
2372323,"Oreochromis andersonii (Castelnau, 1861)",Oreochromis andersonii,"(Castelnau, 1861)",SPECIES,ZOOLOGICAL,ACCEPTED,Oreochromis,andersonii,SCIENTIFIC,"<i>Oreochromis</i> <i>andersonii</i> (Castelnau, 1861)",EXACT,99,12,Animalia,Chordata,Perciformes,Cichlidae,Oreochromis,Oreochromis andersonii,1,44,587,8522,2372271,2372323,FALSE,Oreochromis andersonii,FALSE,NA,NA,NA,NA,NA,NA,NA,NA,NA,NA,NA,NA,Oreochromis andersonii,Fish
2372367,"Oreochromis aureus (Steindachner, 1864)",Oreochromis aureus,"(Steindachner, 1864)",SPECIES,ZOOLOGICAL,ACCEPTED,Oreochromis,aureus,SCIENTIFIC,"<i>Oreochromis</i> <i>aureus</i> (Steindachner, 1864)",EXACT,99,11,Animalia,Chordata,Perciformes,Cichlidae,Oreochromis,Oreochromis aureus,1,44,587,8522,2372271,2372367,FALSE,Oreochromis aureus,FALSE,NA,NA,NA,NA,NA,NA,NA,NA,NA,NA,NA,NA,Oreochromis aureus,Fish
2372316,"Oreochromis esculentus (Graham, 1928)",Oreochromis esculentus,"(Graham, 1928)",SPECIES,ZOOLOGICAL,ACCEPTED,Oreochromis,esculentus,SCIENTIFIC,"<i>Oreochromis</i> <i>esculentus</i> (Graham, 1928)",EXACT,99,11,Animalia,Chordata,Perciformes,Cichlidae,Oreochromis,Oreochromis esculentus,1,44,587,8522,2372271,2372316,FALSE,Oreochromis esculentus,FALSE,NA,NA,NA,NA,NA,NA,NA,NA,NA,NA,NA,NA,Oreochromis esculentus,Fish
2372285,"Oreochromis karongae (Trewavas, 1941)",Oreochromis karongae,"(Trewavas, 1941)",SPECIES,ZOOLOGICAL,ACCEPTED,Oreochromis,karongae,SCIENTIFIC,"<i>Oreochromis</i> <i>karongae</i> (Trewavas, 1941)",EXACT,99,6,Animalia,Chordata,Perciformes,Cichlidae,Oreochromis,Oreochromis karongae,1,44,587,8522,2372271,2372285,FALSE,Oreochromis karongae,FALSE,NA,NA,NA,NA,NA,NA,NA,NA,NA,NA,NA,NA,Oreochromis karongae,Fish
2372381,"Oreochromis leucostictus (Trewavas, 1933)",Oreochromis leucostictus,"(Trewavas, 1933)",SPECIES,ZOOLOGICAL,ACCEPTED,Oreochromis,leucostictus,SCIENTIFIC,"<i>Oreochromis</i> <i>leucostictus</i> (Trewavas, 1933)",EXACT,99,16,Animalia,Chordata,Perciformes,Cichlidae,Oreochromis,Oreochromis leucostictus,1,44,587,8522,2372271,2372381,FALSE,Oreochromis leucostictus,FALSE,NA,NA,NA,NA,NA,NA,NA,NA,NA,NA,NA,NA,Oreochromis leucostictus,Fish
2372347,"Oreochromis macrochir (Boulenger, 1912)",Oreochromis macrochir,"(Boulenger, 1912)",SPECIES,ZOOLOGICAL,ACCEPTED,Oreochromis,macrochir,SCIENTIFIC,"<i>Oreochromis</i> <i>macrochir</i> (Boulenger, 1912)",EXACT,99,13,Animalia,Chordata,Perciformes,Cichlidae,Oreochromis,Oreochromis macrochir,1,44,587,8522,2372271,2372347,FALSE,Oreochromis macrochir,FALSE,NA,NA,NA,NA,NA,NA,NA,NA,NA,NA,NA,NA,Oreochromis macrochir,Fish
2372280,"Oreochromis mortimeri (Trewavas, 1966)",Oreochromis mortimeri,"(Trewavas, 1966)",SPECIES,ZOOLOGICAL,ACCEPTED,Oreochromis,mortimeri,SCIENTIFIC,"<i>Oreochromis</i> <i>mortimeri</i> (Trewavas, 1966)",EXACT,99,10,Animalia,Chordata,Perciformes,Cichlidae,Oreochromis,Oreochromis mortimeri,1,44,587,8522,2372271,2372280,FALSE,Oreochromis mortimeri,FALSE,NA,NA,NA,NA,NA,NA,NA,NA,NA,NA,NA,NA,Oreochromis mortimeri,Fish
2372396,"Oreochromis mossambicus (Peters, 1852)",Oreochromis mossambicus,"(Peters, 1852)",SPECIES,ZOOLOGICAL,ACCEPTED,Oreochromis,mossambicus,SCIENTIFIC,"<i>Oreochromis</i> <i>mossambicus</i> (Peters, 1852)",EXACT,99,10,Animalia,Chordata,Perciformes,Cichlidae,Oreochromis,Oreochromis mossambicus,1,44,587,8522,2372271,2372396,FALSE,Oreochromis mossambicus,FALSE,NA,NA,NA,NA,NA,NA,NA,NA,NA,NA,NA,NA,Oreochromis mossambicus,Fish
4285694,"Oreochromis niloticus (Linnaeus, 1758)",Oreochromis niloticus,"(Linnaeus, 1758)",SPECIES,ZOOLOGICAL,ACCEPTED,Oreochromis,niloticus,SCIENTIFIC,"<i>Oreochromis</i> <i>niloticus</i> (Linnaeus, 1758)",EXACT,97,11,Animalia,Chordata,Perciformes,Cichlidae,Oreochromis,Oreochromis niloticus,1,44,587,8522,2372271,4285694,FALSE,Oreochromis niloticus,FALSE,NA,NA,NA,NA,NA,NA,NA,NA,NA,NA,NA,NA,Oreochromis niloticus,Fish
4285686,"Oreochromis spilurus (Günther, 1894)",Oreochromis spilurus,"(Günther, 1894)",SPECIES,ZOOLOGICAL,ACCEPTED,Oreochromis,spilurus,SCIENTIFIC,"<i>Oreochromis</i> <i>spilurus</i> (Günther, 1894)",EXACT,99,11,Animalia,Chordata,Perciformes,Cichlidae,Oreochromis,Oreochromis spilurus,1,44,587,8522,2372271,4285686,FALSE,Oreochromis spilurus,FALSE,NA,NA,NA,NA,NA,NA,NA,NA,NA,NA,NA,NA,Oreochromis spilurus,Fish
4285689,"Oreochromis urolepis (Norman, 1922)",Oreochromis urolepis,"(Norman, 1922)",SPECIES,ZOOLOGICAL,ACCEPTED,Oreochromis,urolepis,SCIENTIFIC,"<i>Oreochromis</i> <i>urolepis</i> (Norman, 1922)",EXACT,98,11,Animalia,Chordata,Perciformes,Cichlidae,Oreochromis,Oreochromis urolepis,1,44,587,8522,2372271,4285689,FALSE,Oreochromis urolepis,FALSE,NA,NA,NA,NA,NA,NA,NA,NA,NA,NA,NA,NA,Oreochromis urolepis,Fish
6169228,"Oreochromis urolepis hornorum (Trewavas, 1966)",Oreochromis urolepis hornorum,"(Trewavas, 1966)",SUBSPECIES,ZOOLOGICAL,SYNONYM,Oreochromis,urolepis,SCIENTIFIC,"<i>Oreochromis</i> <i>urolepis</i> <i>hornorum</i> (Trewavas, 1966)",EXACT,100,12,Animalia,Chordata,Perciformes,Cichlidae,Oreochromis,Oreochromis urolepis,1,44,587,8522,2372271,4285689,TRUE,"Oreochromis urolepis hornorum (Trewavas, 1966)",FALSE,NA,NA,NA,hornorum,NA,NA,NA,NA,4285689,"Oreochromis urolepis (Norman, 1922)",NA,NA,"Oreochromis urolepis hornorum (Trewavas, 1966)",Fish
7193197,"Oreochromis urolepis urolepis (Norman, 1922)",Oreochromis urolepis urolepis,"(Norman, 1922)",SUBSPECIES,NA,SYNONYM,Oreochromis,urolepis,SCIENTIFIC,"<i>Oreochromis</i> <i>urolepis</i> <i>urolepis</i> (Norman, 1922)",EXACT,98,14,Animalia,Chordata,Perciformes,Cichlidae,Oreochromis,Oreochromis urolepis,1,44,587,8522,2372271,4285689,TRUE,Oreochromis urolepis urolepis,FALSE,NA,NA,NA,urolepis,NA,NA,NA,NA,4285689,"Oreochromis urolepis (Norman, 1922)",NA,NA,Oreochromis urolepis urolepis,Fish
9686469,"Orientogalba ollula (A.Gould, 1859)",Orientogalba ollula,"(A.Gould, 1859)",SPECIES,ZOOLOGICAL,ACCEPTED,Orientogalba,ollula,SCIENTIFIC,"<i>Orientogalba</i> <i>ollula</i> (A.Gould, 1859)",EXACT,99,10,Animalia,Mollusca,NA,Lymnaeidae,Orientogalba,Orientogalba ollula,1,52,NA,2852,4606578,9686469,FALSE,Orientogalba ollula,FALSE,Gastropoda,225,NA,NA,NA,NA,NA,NA,NA,NA,NA,NA,Orientogalba ollula,Gastropod
9548515,"Orientogalba viridis (Quoy & Gaimard, 1832)",Orientogalba viridis,"(Quoy & Gaimard, 1832)",SPECIES,ZOOLOGICAL,ACCEPTED,Orientogalba,viridis,SCIENTIFIC,"<i>Orientogalba</i> <i>viridis</i> (Quoy & Gaimard, 1832)",EXACT,99,12,Animalia,Mollusca,NA,Lymnaeidae,Orientogalba,Orientogalba viridis,1,52,NA,2852,4606578,9548515,FALSE,Orientogalba viridis,FALSE,Gastropoda,225,NA,NA,NA,NA,NA,NA,NA,NA,NA,NA,Orientogalba viridis,Gastropod
5330733,Orontium aquaticum L.,Orontium aquaticum,L.,SPECIES,NA,ACCEPTED,Orontium,aquaticum,SCIENTIFIC,<i>Orontium</i> <i>aquaticum</i> L.,EXACT,99,8,Plantae,Tracheophyta,Alismatales,Araceae,Orontium,Orontium aquaticum,6,7707728,551,6979,2774333,5330733,FALSE,Orontium aquaticum,FALSE,Liliopsida,196,NA,NA,NA,NA,NA,NA,NA,NA,NA,NA,Orontium aquaticum,Plant (strict freshwater habitat tag only)
5205970,"Orthodon microlepidotus (Ayres, 1854)",Orthodon microlepidotus,"(Ayres, 1854)",SPECIES,ZOOLOGICAL,ACCEPTED,Orthodon,microlepidotus,SCIENTIFIC,"<i>Orthodon</i> <i>microlepidotus</i> (Ayres, 1854)",EXACT,99,13,Animalia,Chordata,Cypriniformes,Cyprinidae,Orthodon,Orthodon microlepidotus,1,44,1153,7336,10479399,5205970,FALSE,Orthodon microlepidotus,FALSE,NA,NA,NA,NA,NA,NA,NA,NA,NA,NA,NA,NA,Orthodon microlepidotus,Fish
2368377,"Oryzias latipes (Temminck & Schlegel, 1846)",Oryzias latipes,"(Temminck & Schlegel, 1846)",SPECIES,ZOOLOGICAL,ACCEPTED,Oryzias,latipes,SCIENTIFIC,"<i>Oryzias</i> <i>latipes</i> (Temminck & Schlegel, 1846)",EXACT,99,8,Animalia,Chordata,Beloniformes,Adrianichthyidae,Oryzias,Oryzias latipes,1,44,498,7188,2347774,2368377,FALSE,Oryzias latipes,FALSE,NA,NA,NA,NA,NA,NA,NA,NA,NA,NA,NA,NA,Oryzias latipes,Fish
2368375,"Oryzias sinensis Chen, Uwa & Chu, 1989",Oryzias sinensis,"Chen, Uwa & Chu, 1989",SPECIES,ZOOLOGICAL,ACCEPTED,Oryzias,sinensis,SCIENTIFIC,"<i>Oryzias</i> <i>sinensis</i> Chen, Uwa & Chu, 1989",EXACT,99,8,Animalia,Chordata,Beloniformes,Adrianichthyidae,Oryzias,Oryzias sinensis,1,44,498,7188,2347774,2368375,FALSE,Oryzias sinensis,FALSE,NA,NA,NA,NA,NA,NA,NA,NA,NA,NA,NA,NA,Oryzias sinensis,Fish
2410854,"Osmerus eperlanus (Linnaeus, 1758)",Osmerus eperlanus,"(Linnaeus, 1758)",SPECIES,ZOOLOGICAL,ACCEPTED,Osmerus,eperlanus,SCIENTIFIC,"<i>Osmerus</i> <i>eperlanus</i> (Linnaeus, 1758)",EXACT,99,10,Animalia,Chordata,Osmeriformes,Osmeridae,Osmerus,Osmerus eperlanus,1,44,1068,8480,2401117,2410854,FALSE,Osmerus eperlanus,FALSE,NA,NA,NA,NA,NA,NA,NA,NA,NA,NA,NA,NA,Osmerus eperlanus,Fish
4283983,"Osmerus mordax (Mitchill, 1814)",Osmerus mordax,"(Mitchill, 1814)",SPECIES,ZOOLOGICAL,ACCEPTED,Osmerus,mordax,SCIENTIFIC,"<i>Osmerus</i> <i>mordax</i> (Mitchill, 1814)",EXACT,99,8,Animalia,Chordata,Osmeriformes,Osmeridae,Osmerus,Osmerus mordax,1,44,1068,8480,2401117,4283983,FALSE,Osmerus mordax,FALSE,NA,NA,NA,NA,NA,NA,NA,NA,NA,NA,NA,NA,Osmerus mordax,Fish
2394154,"Osphronemus goramy Lacepède, 1801",Osphronemus goramy,"Lacepède, 1801",SPECIES,ZOOLOGICAL,ACCEPTED,Osphronemus,goramy,SCIENTIFIC,"<i>Osphronemus</i> <i>goramy</i> Lacepède, 1801",EXACT,99,11,Animalia,Chordata,Perciformes,Osphronemidae,Osphronemus,Osphronemus goramy,1,44,587,8553,2394153,2394154,FALSE,Osphronemus goramy,FALSE,NA,NA,NA,NA,NA,NA,NA,NA,NA,NA,NA,NA,Osphronemus goramy,Fish
2364327,"Osteochilus vittatus (Valenciennes, 1842)",Osteochilus vittatus,"(Valenciennes, 1842)",SPECIES,ZOOLOGICAL,ACCEPTED,Osteochilus,vittatus,SCIENTIFIC,"<i>Osteochilus</i> <i>vittatus</i> (Valenciennes, 1842)",EXACT,99,10,Animalia,Chordata,Cypriniformes,Cyprinidae,Osteochilus,Osteochilus vittatus,1,44,1153,7336,2364291,2364327,FALSE,Osteochilus vittatus,FALSE,NA,NA,NA,NA,NA,NA,NA,NA,NA,NA,NA,NA,Osteochilus vittatus,Fish
5212838,"Osteoglossum bicirrhosum (Cuvier, 1829)",Osteoglossum bicirrhosum,"(Cuvier, 1829)",SPECIES,ZOOLOGICAL,ACCEPTED,Osteoglossum,bicirrhosum,SCIENTIFIC,"<i>Osteoglossum</i> <i>bicirrhosum</i> (Cuvier, 1829)",EXACT,97,13,Animalia,Chordata,Osteoglossiformes,Osteoglossidae,Osteoglossum,Osteoglossum bicirrhosum,1,44,1069,8485,3237877,5212838,FALSE,Osteoglossum bicirrhosum,FALSE,NA,NA,NA,NA,NA,NA,NA,NA,NA,NA,NA,NA,Osteoglossum bicirrhosum,Fish
2372521,"Otopharynx lithobates Oliver, 1989",Otopharynx lithobates,"Oliver, 1989",SPECIES,ZOOLOGICAL,ACCEPTED,Otopharynx,lithobates,SCIENTIFIC,"<i>Otopharynx</i> <i>lithobates</i> Oliver, 1989",EXACT,99,12,Animalia,Chordata,Perciformes,Cichlidae,Otopharynx,Otopharynx lithobates,1,44,587,8522,2372517,2372521,FALSE,Otopharynx lithobates,FALSE,NA,NA,NA,NA,NA,NA,NA,NA,NA,NA,NA,NA,Otopharynx lithobates,Fish
5329515,Ottelia alismoides (L.) Pers.,Ottelia alismoides,(L.) Pers.,SPECIES,BOTANICAL,ACCEPTED,Ottelia,alismoides,SCIENTIFIC,<i>Ottelia</i> <i>alismoides</i> (L.) Pers.,EXACT,99,9,Plantae,Tracheophyta,Alismatales,Hydrocharitaceae,Ottelia,Ottelia alismoides,6,7707728,551,3721,8383863,5329515,FALSE,Ottelia alismoides,FALSE,Liliopsida,196,NA,NA,NA,NA,NA,NA,NA,NA,NA,NA,Ottelia alismoides,Plant (strict freshwater habitat tag only)
5329501,Ottelia ovalifolia (R.Br.) Rich.,Ottelia ovalifolia,(R.Br.) Rich.,SPECIES,BOTANICAL,ACCEPTED,Ottelia,ovalifolia,SCIENTIFIC,<i>Ottelia</i> <i>ovalifolia</i> (R.Br.) Rich.,EXACT,99,9,Plantae,Tracheophyta,Alismatales,Hydrocharitaceae,Ottelia,Ottelia ovalifolia,6,7707728,551,3721,8383863,5329501,FALSE,Ottelia ovalifolia,FALSE,Liliopsida,196,NA,NA,NA,NA,NA,NA,NA,NA,NA,NA,Ottelia ovalifolia,Plant (strict freshwater habitat tag only)
5329480,Ottelia ulvifolia (Planch.) Walp.,Ottelia ulvifolia,(Planch.) Walp.,SPECIES,BOTANICAL,ACCEPTED,Ottelia,ulvifolia,SCIENTIFIC,<i>Ottelia</i> <i>ulvifolia</i> (Planch.) Walp.,EXACT,97,6,Plantae,Tracheophyta,Alismatales,Hydrocharitaceae,Ottelia,Ottelia ulvifolia,6,7707728,551,3721,8383863,5329480,FALSE,Ottelia ulvifolia,FALSE,Liliopsida,196,NA,NA,NA,NA,NA,NA,NA,NA,NA,NA,Ottelia ulvifolia,Plant (strict freshwater habitat tag only)
2343905,"Oxydoras niger (Valenciennes, 1821)",Oxydoras niger,"(Valenciennes, 1821)",SPECIES,ZOOLOGICAL,ACCEPTED,Oxydoras,niger,SCIENTIFIC,"<i>Oxydoras</i> <i>niger</i> (Valenciennes, 1821)",EXACT,99,9,Animalia,Chordata,Siluriformes,Doradidae,Oxydoras,Oxydoras niger,1,44,708,5150,2343904,2343905,FALSE,Oxydoras niger,FALSE,NA,NA,NA,NA,NA,NA,NA,NA,NA,NA,NA,NA,Oxydoras niger,Fish
2386241,"Oxyeleotris marmorata (Bleeker, 1852)",Oxyeleotris marmorata,"(Bleeker, 1852)",SPECIES,ZOOLOGICAL,ACCEPTED,Oxyeleotris,marmorata,SCIENTIFIC,"<i>Oxyeleotris</i> <i>marmorata</i> (Bleeker, 1852)",EXACT,99,11,Animalia,Chordata,Perciformes,Eleotridae,Oxyeleotris,Oxyeleotris marmorata,1,44,587,4268,2386225,2386241,FALSE,Oxyeleotris marmorata,FALSE,NA,NA,NA,NA,NA,NA,NA,NA,NA,NA,NA,NA,Oxyeleotris marmorata,Fish
2360041,"Pachychilon pictum (Heckel & Kner, 1858)",Pachychilon pictum,"(Heckel & Kner, 1858)",SPECIES,ZOOLOGICAL,ACCEPTED,Pachychilon,pictum,SCIENTIFIC,"<i>Pachychilon</i> <i>pictum</i> (Heckel & Kner, 1858)",EXACT,99,10,Animalia,Chordata,Cypriniformes,Cyprinidae,Pachychilon,Pachychilon pictum,1,44,1153,7336,2360040,2360041,FALSE,Pachychilon pictum,FALSE,NA,NA,NA,NA,NA,NA,NA,NA,NA,NA,NA,NA,Pachychilon pictum,Fish
2347797,"Pachypanchax playfairii (Günther, 1866)",Pachypanchax playfairii,"(Günther, 1866)",SPECIES,ZOOLOGICAL,ACCEPTED,Pachypanchax,playfairii,SCIENTIFIC,"<i>Pachypanchax</i> <i>playfairii</i> (Günther, 1866)",EXACT,99,12,Animalia,Chordata,Cyprinodontiformes,Aplocheilidae,Pachypanchax,Pachypanchax playfairii,1,44,547,7337,2347775,2347797,FALSE,Pachypanchax playfairii,FALSE,NA,NA,NA,NA,NA,NA,NA,NA,NA,NA,NA,NA,Pachypanchax playfairii,Fish
2226990,"Pacifastacus leniusculus (Dana, 1852)",Pacifastacus leniusculus,"(Dana, 1852)",SPECIES,ZOOLOGICAL,ACCEPTED,Pacifastacus,leniusculus,SCIENTIFIC,"<i>Pacifastacus</i> <i>leniusculus</i> (Dana, 1852)",EXACT,99,13,Animalia,Arthropoda,Decapoda,Astacidae,Pacifastacus,Pacifastacus leniusculus,1,54,637,8022,2226987,2226990,FALSE,Pacifastacus leniusculus,FALSE,Malacostraca,229,NA,NA,NA,NA,NA,NA,NA,NA,NA,NA,Pacifastacus leniusculus,Crayfish/crab (Malacostraca)
2225324,"Palaemon styliferus H.Milne-Edwards, 1840",Palaemon styliferus,"H.Milne-Edwards, 1840",SPECIES,ZOOLOGICAL,ACCEPTED,Palaemon,styliferus,SCIENTIFIC,"<i>Palaemon</i> <i>styliferus</i> H.Milne-Edwards, 1840",EXACT,99,13,Animalia,Arthropoda,Decapoda,Palaemonidae,Palaemon,Palaemon styliferus,1,54,637,8654,2222380,2225324,FALSE,Palaemon styliferus,FALSE,Malacostraca,229,NA,NA,NA,NA,NA,NA,NA,NA,NA,NA,Palaemon styliferus,Crayfish/crab (Malacostraca)
2339870,"Panaque nigrolineatus (Peters, 1877)",Panaque nigrolineatus,"(Peters, 1877)",SPECIES,ZOOLOGICAL,ACCEPTED,Panaque,nigrolineatus,SCIENTIFIC,"<i>Panaque</i> <i>nigrolineatus</i> (Peters, 1877)",EXACT,99,12,Animalia,Chordata,Siluriformes,Loricariidae,Panaque,Panaque nigrolineatus,1,44,708,5158,2339867,2339870,FALSE,Panaque nigrolineatus,FALSE,NA,NA,NA,NA,NA,NA,NA,NA,NA,NA,NA,NA,Panaque nigrolineatus,Fish
2340710,"Pangasianodon gigas Chevey, 1931",Pangasianodon gigas,"Chevey, 1931",SPECIES,ZOOLOGICAL,ACCEPTED,Pangasianodon,gigas,SCIENTIFIC,"<i>Pangasianodon</i> <i>gigas</i> Chevey, 1931",EXACT,99,8,Animalia,Chordata,Siluriformes,Pangasiidae,Pangasianodon,Pangasianodon gigas,1,44,708,9228,2340709,2340710,FALSE,Pangasianodon gigas,FALSE,NA,NA,NA,NA,NA,NA,NA,NA,NA,NA,NA,NA,Pangasianodon gigas,Fish
2340714,"Pangasianodon hypophthalmus (Sauvage, 1878)",Pangasianodon hypophthalmus,"(Sauvage, 1878)",SPECIES,ZOOLOGICAL,ACCEPTED,Pangasianodon,hypophthalmus,SCIENTIFIC,"<i>Pangasianodon</i> <i>hypophthalmus</i> (Sauvage, 1878)",EXACT,99,14,Animalia,Chordata,Siluriformes,Pangasiidae,Pangasianodon,Pangasianodon hypophthalmus,1,44,708,9228,2340709,2340714,FALSE,Pangasianodon hypophthalmus,FALSE,NA,NA,NA,NA,NA,NA,NA,NA,NA,NA,NA,NA,Pangasianodon hypophthalmus,Fish
5202437,"Pangasius Valenciennes, 1840",Pangasius,"Valenciennes, 1840",GENUS,ZOOLOGICAL,ACCEPTED,NA,NA,SCIENTIFIC,"<i>Pangasius</i> Valenciennes, 1840",EXACT,92,38,Animalia,Chordata,Siluriformes,Pangasiidae,Pangasius,NA,1,44,708,9228,5202437,NA,FALSE,Pangasius,FALSE,NA,NA,NA,NA,NA,NA,NA,NA,NA,NA,NA,NA,Pangasius,Fish
5202457,"Pangasius bocourti Sauvage, 1880",Pangasius bocourti,"Sauvage, 1880",SPECIES,ZOOLOGICAL,ACCEPTED,Pangasius,bocourti,SCIENTIFIC,"<i>Pangasius</i> <i>bocourti</i> Sauvage, 1880",EXACT,99,11,Animalia,Chordata,Siluriformes,Pangasiidae,Pangasius,Pangasius bocourti,1,44,708,9228,5202437,5202457,FALSE,Pangasius bocourti,FALSE,NA,NA,NA,NA,NA,NA,NA,NA,NA,NA,NA,NA,Pangasius bocourti,Fish
5202443,"Pangasius pangasius (Hamilton, 1822)",Pangasius pangasius,"(Hamilton, 1822)",SPECIES,ZOOLOGICAL,ACCEPTED,Pangasius,pangasius,SCIENTIFIC,"<i>Pangasius</i> <i>pangasius</i> (Hamilton, 1822)",EXACT,99,10,Animalia,Chordata,Siluriformes,Pangasiidae,Pangasius,Pangasius pangasius,1,44,708,9228,5202437,5202443,FALSE,Pangasius pangasius,FALSE,NA,NA,NA,NA,NA,NA,NA,NA,NA,NA,NA,NA,Pangasius pangasius,Fish
2367984,"Pangio kuhlii (Valenciennes, 1846)",Pangio kuhlii,"(Valenciennes, 1846)",SPECIES,ZOOLOGICAL,ACCEPTED,Pangio,kuhlii,SCIENTIFIC,"<i>Pangio</i> <i>kuhlii</i> (Valenciennes, 1846)",EXACT,99,8,Animalia,Chordata,Cypriniformes,Cobitidae,Pangio,Pangio kuhlii,1,44,1153,3385,2367939,2367984,FALSE,Pangio kuhlii,FALSE,NA,NA,NA,NA,NA,NA,NA,NA,NA,NA,NA,NA,Pangio kuhlii,Fish
2402307,"Pantodon buchholzi Peters, 1876",Pantodon buchholzi,"Peters, 1876",SPECIES,ZOOLOGICAL,ACCEPTED,Pantodon,buchholzi,SCIENTIFIC,"<i>Pantodon</i> <i>buchholzi</i> Peters, 1876",EXACT,99,13,Animalia,Chordata,Osteoglossiformes,Pantodontidae,Pantodon,Pantodon buchholzi,1,44,1069,4232,2402306,2402307,FALSE,Pantodon buchholzi,FALSE,NA,NA,NA,NA,NA,NA,NA,NA,NA,NA,NA,NA,Pantodon buchholzi,Fish
2362839,"Parabramis pekinensis (Basilewsky, 1855)",Parabramis pekinensis,"(Basilewsky, 1855)",SPECIES,ZOOLOGICAL,ACCEPTED,Parabramis,pekinensis,SCIENTIFIC,"<i>Parabramis</i> <i>pekinensis</i> (Basilewsky, 1855)",EXACT,99,13,Animalia,Chordata,Cypriniformes,Cyprinidae,Parabramis,Parabramis pekinensis,1,44,1153,7336,2362838,2362839,FALSE,Parabramis pekinensis,FALSE,NA,NA,NA,NA,NA,NA,NA,NA,NA,NA,NA,NA,Parabramis pekinensis,Fish
2343266,"Paracanthopoma parva Giltay, 1935",Paracanthopoma parva,"Giltay, 1935",SPECIES,ZOOLOGICAL,ACCEPTED,Paracanthopoma,parva,SCIENTIFIC,"<i>Paracanthopoma</i> <i>parva</i> Giltay, 1935",EXACT,99,12,Animalia,Chordata,Siluriformes,Trichomycteridae,Paracanthopoma,Paracanthopoma parva,1,44,708,9230,2343265,2343266,FALSE,Paracanthopoma parva,FALSE,NA,NA,NA,NA,NA,NA,NA,NA,NA,NA,NA,NA,Paracanthopoma parva,Fish
2353911,"Paracheirodon axelrodi (Schultz, 1956)",Paracheirodon axelrodi,"(Schultz, 1956)",SPECIES,ZOOLOGICAL,ACCEPTED,Paracheirodon,axelrodi,SCIENTIFIC,"<i>Paracheirodon</i> <i>axelrodi</i> (Schultz, 1956)",EXACT,99,13,Animalia,Chordata,Characiformes,Characidae,Paracheirodon,Paracheirodon axelrodi,1,44,537,7201,2353908,2353911,FALSE,Paracheirodon axelrodi,FALSE,NA,NA,NA,NA,NA,NA,NA,NA,NA,NA,NA,NA,Paracheirodon axelrodi,Fish
2353909,"Paracheirodon innesi (Myers, 1936)",Paracheirodon innesi,"(Myers, 1936)",SPECIES,ZOOLOGICAL,ACCEPTED,Paracheirodon,innesi,SCIENTIFIC,"<i>Paracheirodon</i> <i>innesi</i> (Myers, 1936)",EXACT,99,12,Animalia,Chordata,Characiformes,Characidae,Paracheirodon,Paracheirodon innesi,1,44,537,7201,2353908,2353909,FALSE,Paracheirodon innesi,FALSE,NA,NA,NA,NA,NA,NA,NA,NA,NA,NA,NA,NA,Paracheirodon innesi,Fish
5208207,"Parachromis dovii (Günther, 1864)",Parachromis dovii,"(Günther, 1864)",SPECIES,ZOOLOGICAL,ACCEPTED,Parachromis,dovii,SCIENTIFIC,"<i>Parachromis</i> <i>dovii</i> (Günther, 1864)",EXACT,99,10,Animalia,Chordata,Perciformes,Cichlidae,Parachromis,Parachromis dovii,1,44,587,8522,5208199,5208207,FALSE,Parachromis dovii,FALSE,NA,NA,NA,NA,NA,NA,NA,NA,NA,NA,NA,NA,Parachromis dovii,Fish
5208202,"Parachromis managuensis (Günther, 1867)",Parachromis managuensis,"(Günther, 1867)",SPECIES,ZOOLOGICAL,ACCEPTED,Parachromis,managuensis,SCIENTIFIC,"<i>Parachromis</i> <i>managuensis</i> (Günther, 1867)",EXACT,99,14,Animalia,Chordata,Perciformes,Cichlidae,Parachromis,Parachromis managuensis,1,44,587,8522,5208199,5208202,FALSE,Parachromis managuensis,FALSE,NA,NA,NA,NA,NA,NA,NA,NA,NA,NA,NA,NA,Parachromis managuensis,Fish
5208200,"Parachromis motaguensis (Günther, 1867)",Parachromis motaguensis,"(Günther, 1867)",SPECIES,ZOOLOGICAL,ACCEPTED,Parachromis,motaguensis,SCIENTIFIC,"<i>Parachromis</i> <i>motaguensis</i> (Günther, 1867)",EXACT,99,15,Animalia,Chordata,Perciformes,Cichlidae,Parachromis,Parachromis motaguensis,1,44,587,8522,5208199,5208200,FALSE,Parachromis motaguensis,FALSE,NA,NA,NA,NA,NA,NA,NA,NA,NA,NA,NA,NA,Parachromis motaguensis,Fish
2387235,"Parambassis ranga (Hamilton, 1822)",Parambassis ranga,"(Hamilton, 1822)",SPECIES,ZOOLOGICAL,ACCEPTED,Parambassis,ranga,SCIENTIFIC,"<i>Parambassis</i> <i>ranga</i> (Hamilton, 1822)",EXACT,99,10,Animalia,Chordata,Perciformes,Ambassidae,Parambassis,Parambassis ranga,1,44,587,4235,2387201,2387235,FALSE,Parambassis ranga,FALSE,NA,NA,NA,NA,NA,NA,NA,NA,NA,NA,NA,NA,Parambassis ranga,Fish
2387246,"Parambassis siamensis (Fowler, 1937)",Parambassis siamensis,"(Fowler, 1937)",SPECIES,ZOOLOGICAL,ACCEPTED,Parambassis,siamensis,SCIENTIFIC,"<i>Parambassis</i> <i>siamensis</i> (Fowler, 1937)",EXACT,99,11,Animalia,Chordata,Perciformes,Ambassidae,Parambassis,Parambassis siamensis,1,44,587,4235,2387201,2387246,FALSE,Parambassis siamensis,FALSE,NA,NA,NA,NA,NA,NA,NA,NA,NA,NA,NA,NA,Parambassis siamensis,Fish
2368319,"Paramisgurnus dabryanus Dabry de Thiersant, 1872",Paramisgurnus dabryanus,"Dabry de Thiersant, 1872",SPECIES,ZOOLOGICAL,ACCEPTED,Paramisgurnus,dabryanus,SCIENTIFIC,"<i>Paramisgurnus</i> <i>dabryanus</i> Dabry de Thiersant, 1872",EXACT,97,18,Animalia,Chordata,Cypriniformes,Cobitidae,Paramisgurnus,Paramisgurnus dabryanus,1,44,1153,3385,7756499,2368319,FALSE,Paramisgurnus dabryanus,FALSE,NA,NA,NA,NA,NA,NA,NA,NA,NA,NA,NA,NA,Paramisgurnus dabryanus,Fish
2220136,"Paramysis ullskyi (Czerniavsky, 1882)",Paramysis ullskyi,"(Czerniavsky, 1882)",SPECIES,ZOOLOGICAL,ACCEPTED,Paramysis,ullskyi,SCIENTIFIC,"<i>Paramysis</i> <i>ullskyi</i> (Czerniavsky, 1882)",EXACT,99,9,Animalia,Arthropoda,Mysida,Mysidae,Paramysis,Paramysis ullskyi,1,54,841,5404,2220135,2220136,FALSE,Paramysis ullskyi,FALSE,Malacostraca,229,NA,NA,NA,NA,NA,NA,NA,NA,NA,NA,Paramysis ullskyi,Crayfish/crab (Malacostraca)
4416888,"Paraniphargoides motasi (Carausu, 1943)",Paraniphargoides motasi,"(Carausu, 1943)",SPECIES,ZOOLOGICAL,ACCEPTED,Paraniphargoides,motasi,SCIENTIFIC,"<i>Paraniphargoides</i> <i>motasi</i> (Carausu, 1943)",EXACT,99,13,Animalia,Arthropoda,Amphipoda,Pontogammaridae,Paraniphargoides,Paraniphargoides motasi,1,54,1231,3254579,4405748,4416888,FALSE,Paraniphargoides motasi,FALSE,Malacostraca,229,NA,NA,NA,NA,NA,NA,NA,NA,NA,NA,Paraniphargoides motasi,Crayfish/crab (Malacostraca)
7948402,"Paraplexa cornea (Massot, 1845)",Paraplexa cornea,"(Massot, 1845)",SPECIES,ZOOLOGICAL,ACCEPTED,Paraplexa,cornea,SCIENTIFIC,"<i>Paraplexa</i> <i>cornea</i> (Massot, 1845)",EXACT,99,11,Animalia,Mollusca,NA,Physidae,Paraplexa,Paraplexa cornea,1,52,NA,6798,4599314,7948402,FALSE,Paraplexa cornea,FALSE,Gastropoda,225,NA,NA,NA,NA,NA,NA,NA,NA,NA,NA,Paraplexa cornea,Gastropod
2343320,"Paravandellia oxyptera Miranda Ribeiro, 1912",Paravandellia oxyptera,"Miranda Ribeiro, 1912",SPECIES,ZOOLOGICAL,ACCEPTED,Paravandellia,oxyptera,SCIENTIFIC,"<i>Paravandellia</i> <i>oxyptera</i> Miranda Ribeiro, 1912",EXACT,99,14,Animalia,Chordata,Siluriformes,Trichomycteridae,Paravandellia,Paravandellia oxyptera,1,44,708,9230,2343315,2343320,FALSE,Paravandellia oxyptera,FALSE,NA,NA,NA,NA,NA,NA,NA,NA,NA,NA,NA,NA,Paravandellia oxyptera,Fish
2343316,"Paravandellia phaneronema (Miles, 1943)",Paravandellia phaneronema,"(Miles, 1943)",SPECIES,ZOOLOGICAL,ACCEPTED,Paravandellia,phaneronema,SCIENTIFIC,"<i>Paravandellia</i> <i>phaneronema</i> (Miles, 1943)",EXACT,99,21,Animalia,Chordata,Siluriformes,Trichomycteridae,Paravandellia,Paravandellia phaneronema,1,44,708,9230,2343315,2343316,FALSE,Paravandellia phaneronema,FALSE,NA,NA,NA,NA,NA,NA,NA,NA,NA,NA,NA,NA,Paravandellia phaneronema,Fish
2340258,"Parotocinclus maculicauda (Steindachner, 1877)",Parotocinclus maculicauda,"(Steindachner, 1877)",SPECIES,ZOOLOGICAL,ACCEPTED,Parotocinclus,maculicauda,SCIENTIFIC,"<i>Parotocinclus</i> <i>maculicauda</i> (Steindachner, 1877)",EXACT,99,15,Animalia,Chordata,Siluriformes,Loricariidae,Parotocinclus,Parotocinclus maculicauda,1,44,708,5158,2340251,2340258,FALSE,Parotocinclus maculicauda,FALSE,NA,NA,NA,NA,NA,NA,NA,NA,NA,NA,NA,NA,Parotocinclus maculicauda,Fish
2367038,"Pelecus cultratus (Linnaeus, 1758)",Pelecus cultratus,"(Linnaeus, 1758)",SPECIES,ZOOLOGICAL,ACCEPTED,Pelecus,cultratus,SCIENTIFIC,"<i>Pelecus</i> <i>cultratus</i> (Linnaeus, 1758)",EXACT,99,9,Animalia,Chordata,Cypriniformes,Cyprinidae,Pelecus,Pelecus cultratus,1,44,1153,7336,2367037,2367038,FALSE,Pelecus cultratus,FALSE,NA,NA,NA,NA,NA,NA,NA,NA,NA,NA,NA,NA,Pelecus cultratus,Fish
9552432,"Pelmatolapia mariae (Boulenger, 1899)",Pelmatolapia mariae,"(Boulenger, 1899)",SPECIES,ZOOLOGICAL,ACCEPTED,Pelmatolapia,mariae,SCIENTIFIC,"<i>Pelmatolapia</i> <i>mariae</i> (Boulenger, 1899)",EXACT,99,10,Animalia,Chordata,Perciformes,Cichlidae,Pelmatolapia,Pelmatolapia mariae,1,44,587,8522,7009702,9552432,FALSE,Pelmatolapia mariae,FALSE,NA,NA,NA,NA,NA,NA,NA,NA,NA,NA,NA,NA,Pelmatolapia mariae,Fish
2372929,"Pelvicachromis pulcher (Boulenger, 1901)",Pelvicachromis pulcher,"(Boulenger, 1901)",SPECIES,ZOOLOGICAL,ACCEPTED,Pelvicachromis,pulcher,SCIENTIFIC,"<i>Pelvicachromis</i> <i>pulcher</i> (Boulenger, 1901)",EXACT,99,14,Animalia,Chordata,Perciformes,Cichlidae,Pelvicachromis,Pelvicachromis pulcher,1,44,587,8522,2372920,2372929,FALSE,Pelvicachromis pulcher,FALSE,NA,NA,NA,NA,NA,NA,NA,NA,NA,NA,NA,NA,Pelvicachromis pulcher,Fish
2223429,"Penaeus japonicus Spence Bate, 1888",Penaeus japonicus,"Spence Bate, 1888",SPECIES,ZOOLOGICAL,ACCEPTED,Penaeus,japonicus,SCIENTIFIC,"<i>Penaeus</i> <i>japonicus</i> Spence Bate, 1888",EXACT,99,10,Animalia,Arthropoda,Decapoda,Penaeidae,Penaeus,Penaeus japonicus,1,54,637,4551,2223152,2223429,FALSE,Penaeus japonicus,FALSE,Malacostraca,229,NA,NA,NA,NA,NA,NA,NA,NA,NA,NA,Penaeus japonicus,Crayfish/crab (Malacostraca)
2397704,"Peprilus simillimus (Ayres, 1860)",Peprilus simillimus,"(Ayres, 1860)",SPECIES,ZOOLOGICAL,ACCEPTED,Peprilus,simillimus,SCIENTIFIC,"<i>Peprilus</i> <i>simillimus</i> (Ayres, 1860)",EXACT,99,9,Animalia,Chordata,Perciformes,Stromateidae,Peprilus,Peprilus simillimus,1,44,587,5070,2397702,2397704,FALSE,Peprilus simillimus,FALSE,NA,NA,NA,NA,NA,NA,NA,NA,NA,NA,NA,NA,Peprilus simillimus,Fish
2382004,"Perca flavescens (Mitchill, 1814)",Perca flavescens,"(Mitchill, 1814)",SPECIES,ZOOLOGICAL,ACCEPTED,Perca,flavescens,SCIENTIFIC,"<i>Perca</i> <i>flavescens</i> (Mitchill, 1814)",EXACT,99,12,Animalia,Chordata,Perciformes,Percidae,Perca,Perca flavescens,1,44,587,4481,2334781,2382004,FALSE,Perca flavescens,FALSE,NA,NA,NA,NA,NA,NA,NA,NA,NA,NA,NA,NA,Perca flavescens,Fish
8140485,"Perca fluviatilis Linnaeus, 1758",Perca fluviatilis,"Linnaeus, 1758",SPECIES,ZOOLOGICAL,ACCEPTED,Perca,fluviatilis,SCIENTIFIC,"<i>Perca</i> <i>fluviatilis</i> Linnaeus, 1758",EXACT,99,13,Animalia,Chordata,Perciformes,Percidae,Perca,Perca fluviatilis,1,44,587,4481,2334781,8140485,FALSE,Perca fluviatilis,FALSE,NA,NA,NA,NA,NA,NA,NA,NA,NA,NA,NA,NA,Perca fluviatilis,Fish
2390064,"Perccottus glenii Dybowski, 1877",Perccottus glenii,"Dybowski, 1877",SPECIES,ZOOLOGICAL,ACCEPTED,Perccottus,glenii,SCIENTIFIC,"<i>Perccottus</i> <i>glenii</i> Dybowski, 1877",EXACT,99,9,Animalia,Chordata,Perciformes,Odontobutidae,Perccottus,Perccottus glenii,1,44,587,8551,2390063,2390064,FALSE,Perccottus glenii,FALSE,NA,NA,NA,NA,NA,NA,NA,NA,NA,NA,NA,NA,Perccottus glenii,Fish
2382103,"Percina caprodes (Rafinesque, 1818)",Percina caprodes,"(Rafinesque, 1818)",SPECIES,ZOOLOGICAL,ACCEPTED,Percina,caprodes,SCIENTIFIC,"<i>Percina</i> <i>caprodes</i> (Rafinesque, 1818)",EXACT,99,4,Animalia,Chordata,Perciformes,Percidae,Percina,Percina caprodes,1,44,587,4481,2382030,2382103,FALSE,Percina caprodes,FALSE,NA,NA,NA,NA,NA,NA,NA,NA,NA,NA,NA,NA,Percina caprodes,Fish
2382043,"Percina macrolepida Stevenson, 1971",Percina macrolepida,"Stevenson, 1971",SPECIES,ZOOLOGICAL,ACCEPTED,Percina,macrolepida,SCIENTIFIC,"<i>Percina</i> <i>macrolepida</i> Stevenson, 1971",EXACT,99,18,Animalia,Chordata,Perciformes,Percidae,Percina,Percina macrolepida,1,44,587,4481,2382030,2382043,FALSE,Percina macrolepida,FALSE,NA,NA,NA,NA,NA,NA,NA,NA,NA,NA,NA,NA,Percina macrolepida,Fish
2382061,"Percina maculata (Girard, 1859)",Percina maculata,"(Girard, 1859)",SPECIES,ZOOLOGICAL,ACCEPTED,Percina,maculata,SCIENTIFIC,"<i>Percina</i> <i>maculata</i> (Girard, 1859)",EXACT,99,14,Animalia,Chordata,Perciformes,Percidae,Percina,Percina maculata,1,44,587,4481,2382030,2382061,FALSE,Percina maculata,FALSE,NA,NA,NA,NA,NA,NA,NA,NA,NA,NA,NA,NA,Percina maculata,Fish
2382032,"Percina nigrofasciata (Agassiz, 1854)",Percina nigrofasciata,"(Agassiz, 1854)",SPECIES,ZOOLOGICAL,ACCEPTED,Percina,nigrofasciata,SCIENTIFIC,"<i>Percina</i> <i>nigrofasciata</i> (Agassiz, 1854)",EXACT,99,13,Animalia,Chordata,Perciformes,Percidae,Percina,Percina nigrofasciata,1,44,587,4481,2382030,2382032,FALSE,Percina nigrofasciata,FALSE,NA,NA,NA,NA,NA,NA,NA,NA,NA,NA,NA,NA,Percina nigrofasciata,Fish
2382090,"Percina notogramma (Raney & Hubbs, 1948)",Percina notogramma,"(Raney & Hubbs, 1948)",SPECIES,ZOOLOGICAL,ACCEPTED,Percina,notogramma,SCIENTIFIC,"<i>Percina</i> <i>notogramma</i> (Raney & Hubbs, 1948)",EXACT,99,10,Animalia,Chordata,Perciformes,Percidae,Percina,Percina notogramma,1,44,587,4481,2382030,2382090,FALSE,Percina notogramma,FALSE,NA,NA,NA,NA,NA,NA,NA,NA,NA,NA,NA,NA,Percina notogramma,Fish
2382039,"Percina peltata (Stauffer, 1864)",Percina peltata,"(Stauffer, 1864)",SPECIES,ZOOLOGICAL,ACCEPTED,Percina,peltata,SCIENTIFIC,"<i>Percina</i> <i>peltata</i> (Stauffer, 1864)",EXACT,99,9,Animalia,Chordata,Perciformes,Percidae,Percina,Percina peltata,1,44,587,4481,2382030,2382039,FALSE,Percina peltata,FALSE,NA,NA,NA,NA,NA,NA,NA,NA,NA,NA,NA,NA,Percina peltata,Fish
2382097,"Percina roanoka (Jordan & Jenkins, 1889)",Percina roanoka,"(Jordan & Jenkins, 1889)",SPECIES,ZOOLOGICAL,ACCEPTED,Percina,roanoka,SCIENTIFIC,"<i>Percina</i> <i>roanoka</i> (Jordan & Jenkins, 1889)",EXACT,99,8,Animalia,Chordata,Perciformes,Percidae,Percina,Percina roanoka,1,44,587,4481,2382030,2382097,FALSE,Percina roanoka,FALSE,NA,NA,NA,NA,NA,NA,NA,NA,NA,NA,NA,NA,Percina roanoka,Fish
2382101,"Percina shumardi (Girard, 1859)",Percina shumardi,"(Girard, 1859)",SPECIES,ZOOLOGICAL,ACCEPTED,Percina,shumardi,SCIENTIFIC,"<i>Percina</i> <i>shumardi</i> (Girard, 1859)",EXACT,99,9,Animalia,Chordata,Perciformes,Percidae,Percina,Percina shumardi,1,44,587,4481,2382030,2382101,FALSE,Percina shumardi,FALSE,NA,NA,NA,NA,NA,NA,NA,NA,NA,NA,NA,NA,Percina shumardi,Fish
2382046,"Percina tanasi Etnier, 1976",Percina tanasi,"Etnier, 1976",SPECIES,ZOOLOGICAL,ACCEPTED,Percina,tanasi,SCIENTIFIC,"<i>Percina</i> <i>tanasi</i> Etnier, 1976",EXACT,99,8,Animalia,Chordata,Perciformes,Percidae,Percina,Percina tanasi,1,44,587,4481,2382030,2382046,FALSE,Percina tanasi,FALSE,NA,NA,NA,NA,NA,NA,NA,NA,NA,NA,NA,NA,Percina tanasi,Fish
2401709,"Percopsis omiscomaycus (Walbaum, 1792)",Percopsis omiscomaycus,"(Walbaum, 1792)",SPECIES,ZOOLOGICAL,ACCEPTED,Percopsis,omiscomaycus,SCIENTIFIC,"<i>Percopsis</i> <i>omiscomaycus</i> (Walbaum, 1792)",EXACT,99,13,Animalia,Chordata,Percopsiformes,Percopsidae,Percopsis,Percopsis omiscomaycus,1,44,1310,8606,2401706,2401709,FALSE,Percopsis omiscomaycus,FALSE,NA,NA,NA,NA,NA,NA,NA,NA,NA,NA,NA,NA,Percopsis omiscomaycus,Fish
10075852,"Peregriana labiata (Rossmässler, 1835)",Peregriana labiata,"(Rossmässler, 1835)",SPECIES,ZOOLOGICAL,ACCEPTED,Peregriana,labiata,SCIENTIFIC,"<i>Peregriana</i> <i>labiata</i> (Rossmässler, 1835)",EXACT,99,13,Animalia,Mollusca,NA,Lymnaeidae,Peregriana,Peregriana labiata,1,52,NA,2852,4606562,10075852,FALSE,Peregriana labiata,FALSE,Gastropoda,225,NA,NA,NA,NA,NA,NA,NA,NA,NA,NA,Peregriana labiata,Gastropod
2338694,"Perrunichthys perruno Schultz, 1944",Perrunichthys perruno,"Schultz, 1944",SPECIES,ZOOLOGICAL,ACCEPTED,Perrunichthys,perruno,SCIENTIFIC,"<i>Perrunichthys</i> <i>perruno</i> Schultz, 1944",EXACT,99,5,Animalia,Chordata,Siluriformes,Pimelodidae,Perrunichthys,Perrunichthys perruno,1,44,708,5163,2338693,2338694,FALSE,Perrunichthys perruno,FALSE,NA,NA,NA,NA,NA,NA,NA,NA,NA,NA,NA,NA,Perrunichthys perruno,Fish
5208130,"Petenia splendida Günther, 1862",Petenia splendida,"Günther, 1862",SPECIES,ZOOLOGICAL,ACCEPTED,Petenia,splendida,SCIENTIFIC,"<i>Petenia</i> <i>splendida</i> Günther, 1862",EXACT,99,8,Animalia,Chordata,Perciformes,Cichlidae,Petenia,Petenia splendida,1,44,587,8522,2370185,5208130,FALSE,Petenia splendida,FALSE,NA,NA,NA,NA,NA,NA,NA,NA,NA,NA,NA,NA,Petenia splendida,Fish
7572096,"Pethia conchonius (Hamilton, 1822)",Pethia conchonius,"(Hamilton, 1822)",SPECIES,ZOOLOGICAL,ACCEPTED,Pethia,conchonius,SCIENTIFIC,"<i>Pethia</i> <i>conchonius</i> (Hamilton, 1822)",EXACT,99,8,Animalia,Chordata,Cypriniformes,Cyprinidae,Pethia,Pethia conchonius,1,44,1153,7336,8138523,7572096,FALSE,Pethia conchonius,FALSE,NA,NA,NA,NA,NA,NA,NA,NA,NA,NA,NA,NA,Pethia conchonius,Fish
7554524,"Pethia gelius (Hamilton, 1822)",Pethia gelius,"(Hamilton, 1822)",SPECIES,ZOOLOGICAL,ACCEPTED,Pethia,gelius,SCIENTIFIC,"<i>Pethia</i> <i>gelius</i> (Hamilton, 1822)",EXACT,99,8,Animalia,Chordata,Cypriniformes,Cyprinidae,Pethia,Pethia gelius,1,44,1153,7336,8138523,7554524,FALSE,Pethia gelius,FALSE,NA,NA,NA,NA,NA,NA,NA,NA,NA,NA,NA,NA,Pethia gelius,Fish
7417764,"Pethia nigrofasciata (Günther, 1868)",Pethia nigrofasciata,"(Günther, 1868)",SPECIES,ZOOLOGICAL,ACCEPTED,Pethia,nigrofasciata,SCIENTIFIC,"<i>Pethia</i> <i>nigrofasciata</i> (Günther, 1868)",EXACT,99,11,Animalia,Chordata,Cypriniformes,Cyprinidae,Pethia,Pethia nigrofasciata,1,44,1153,7336,8138523,7417764,FALSE,Pethia nigrofasciata,FALSE,NA,NA,NA,NA,NA,NA,NA,NA,NA,NA,NA,NA,Pethia nigrofasciata,Fish
2362496,"Petroleuciscus borysthenicus (Kessler, 1859)",Petroleuciscus borysthenicus,"(Kessler, 1859)",SPECIES,ZOOLOGICAL,ACCEPTED,Petroleuciscus,borysthenicus,SCIENTIFIC,"<i>Petroleuciscus</i> <i>borysthenicus</i> (Kessler, 1859)",EXACT,99,12,Animalia,Chordata,Cypriniformes,Cyprinidae,Petroleuciscus,Petroleuciscus borysthenicus,1,44,1153,7336,2362490,2362496,FALSE,Petroleuciscus borysthenicus,FALSE,NA,NA,NA,NA,NA,NA,NA,NA,NA,NA,NA,NA,Petroleuciscus borysthenicus,Fish
8236498,"Petromyzon marinus Linnaeus, 1758",Petromyzon marinus,"Linnaeus, 1758",SPECIES,ZOOLOGICAL,ACCEPTED,Petromyzon,marinus,SCIENTIFIC,"<i>Petromyzon</i> <i>marinus</i> Linnaeus, 1758",EXACT,99,13,Animalia,Chordata,Petromyzontiformes,Petromyzontidae,Petromyzon,Petromyzon marinus,1,44,771,2212,2421261,8236498,FALSE,Petromyzon marinus,FALSE,Petromyzonti,11881065,NA,NA,NA,NA,NA,NA,NA,NA,NA,NA,Petromyzon marinus,Fish
2350105,"Phalloceros caudimaculatus (Hensel, 1868)",Phalloceros caudimaculatus,"(Hensel, 1868)",SPECIES,ZOOLOGICAL,ACCEPTED,Phalloceros,caudimaculatus,SCIENTIFIC,"<i>Phalloceros</i> <i>caudimaculatus</i> (Hensel, 1868)",EXACT,99,15,Animalia,Chordata,Cyprinodontiformes,Poeciliidae,Phalloceros,Phalloceros caudimaculatus,1,44,547,7659,2350096,2350105,FALSE,Phalloceros caudimaculatus,FALSE,NA,NA,NA,NA,NA,NA,NA,NA,NA,NA,NA,NA,Phalloceros caudimaculatus,Fish
2363799,"Phenacobius mirabilis (Girard, 1856)",Phenacobius mirabilis,"(Girard, 1856)",SPECIES,ZOOLOGICAL,ACCEPTED,Phenacobius,mirabilis,SCIENTIFIC,"<i>Phenacobius</i> <i>mirabilis</i> (Girard, 1856)",EXACT,99,12,Animalia,Chordata,Cypriniformes,Cyprinidae,Phenacobius,Phenacobius mirabilis,1,44,1153,7336,2363794,2363799,FALSE,Phenacobius mirabilis,FALSE,NA,NA,NA,NA,NA,NA,NA,NA,NA,NA,NA,NA,Phenacobius mirabilis,Fish
2356255,"Phenacogrammus interruptus (Boulenger, 1899)",Phenacogrammus interruptus,"(Boulenger, 1899)",SPECIES,ZOOLOGICAL,ACCEPTED,Phenacogrammus,interruptus,SCIENTIFIC,"<i>Phenacogrammus</i> <i>interruptus</i> (Boulenger, 1899)",EXACT,99,14,Animalia,Chordata,Characiformes,Alestidae,Phenacogrammus,Phenacogrammus interruptus,1,44,537,7199,2356207,2356255,FALSE,Phenacogrammus interruptus,FALSE,NA,NA,NA,NA,NA,NA,NA,NA,NA,NA,NA,NA,Phenacogrammus interruptus,Fish
5205698,"Phoxinus jouyi (Jordan & Snyder, 1901)",Phoxinus jouyi,"(Jordan & Snyder, 1901)",SPECIES,ZOOLOGICAL,ACCEPTED,Phoxinus,jouyi,SCIENTIFIC,"<i>Phoxinus</i> <i>jouyi</i> (Jordan & Snyder, 1901)",EXACT,99,6,Animalia,Chordata,Cypriniformes,Cyprinidae,Phoxinus,Phoxinus jouyi,1,44,1153,7336,3241387,5205698,FALSE,Phoxinus jouyi,FALSE,NA,NA,NA,NA,NA,NA,NA,NA,NA,NA,NA,NA,Phoxinus jouyi,Fish
4409653,"Phoxinus phoxinus (Linnaeus, 1758)",Phoxinus phoxinus,"(Linnaeus, 1758)",SPECIES,ZOOLOGICAL,ACCEPTED,Phoxinus,phoxinus,SCIENTIFIC,"<i>Phoxinus</i> <i>phoxinus</i> (Linnaeus, 1758)",EXACT,99,8,Animalia,Chordata,Cypriniformes,Cyprinidae,Phoxinus,Phoxinus phoxinus,1,44,1153,7336,3241387,4409653,FALSE,Phoxinus phoxinus,FALSE,NA,NA,NA,NA,NA,NA,NA,NA,NA,NA,NA,NA,Phoxinus phoxinus,Fish
2338793,"Phractocephalus hemioliopterus (Bloch & Schneider, 1801)",Phractocephalus hemioliopterus,"(Bloch & Schneider, 1801)",SPECIES,ZOOLOGICAL,ACCEPTED,Phractocephalus,hemioliopterus,SCIENTIFIC,"<i>Phractocephalus</i> <i>hemioliopterus</i> (Bloch & Schneider, 1801)",EXACT,99,16,Animalia,Chordata,Siluriformes,Pimelodidae,Phractocephalus,Phractocephalus hemioliopterus,1,44,708,5163,2338455,2338793,FALSE,Phractocephalus hemioliopterus,FALSE,NA,NA,NA,NA,NA,NA,NA,NA,NA,NA,NA,NA,Phractocephalus hemioliopterus,Fish
7568032,"Physa fontinalis (Linnaeus, 1758)",Physa fontinalis,"(Linnaeus, 1758)",SPECIES,ZOOLOGICAL,ACCEPTED,Physa,fontinalis,SCIENTIFIC,"<i>Physa</i> <i>fontinalis</i> (Linnaeus, 1758)",EXACT,99,8,Animalia,Mollusca,NA,Physidae,Physa,Physa fontinalis,1,52,NA,6798,9037827,7568032,FALSE,Physa fontinalis,FALSE,Gastropoda,225,NA,NA,NA,NA,NA,NA,NA,NA,NA,NA,Physa fontinalis,Gastropod
5189806,"Physella acuta (Draparnaud, 1805)",Physella acuta,"(Draparnaud, 1805)",SPECIES,ZOOLOGICAL,ACCEPTED,Physella,acuta,SCIENTIFIC,"<i>Physella</i> <i>acuta</i> (Draparnaud, 1805)",EXACT,99,7,Animalia,Mollusca,NA,Physidae,Physella,Physella acuta,1,52,NA,6798,9619305,5189806,FALSE,Physella acuta,FALSE,Gastropoda,225,NA,NA,NA,NA,NA,NA,NA,NA,NA,NA,Physella acuta,Gastropod
5189789,"Physella gyrina (Say, 1821)",Physella gyrina,"(Say, 1821)",SPECIES,ZOOLOGICAL,ACCEPTED,Physella,gyrina,SCIENTIFIC,"<i>Physella</i> <i>gyrina</i> (Say, 1821)",EXACT,99,9,Animalia,Mollusca,NA,Physidae,Physella,Physella gyrina,1,52,NA,6798,9619305,5189789,FALSE,Physella gyrina,FALSE,Gastropoda,225,NA,NA,NA,NA,NA,NA,NA,NA,NA,NA,Physella gyrina,Gastropod
9685279,"Physella pomilia (Conrad, 1834)",Physella pomilia,"(Conrad, 1834)",SPECIES,ZOOLOGICAL,ACCEPTED,Physella,pomilia,SCIENTIFIC,"<i>Physella</i> <i>pomilia</i> (Conrad, 1834)",EXACT,99,9,Animalia,Mollusca,NA,Physidae,Physella,Physella pomilia,1,52,NA,6798,9619305,9685279,FALSE,Physella pomilia,FALSE,Gastropoda,225,NA,NA,NA,NA,NA,NA,NA,NA,NA,NA,Physella pomilia,Gastropod
10157181,"Physella venustula (A.Gould, 1847)",Physella venustula,"(A.Gould, 1847)",SPECIES,ZOOLOGICAL,ACCEPTED,Physella,venustula,SCIENTIFIC,"<i>Physella</i> <i>venustula</i> (A.Gould, 1847)",EXACT,99,9,Animalia,Mollusca,NA,Physidae,Physella,Physella venustula,1,52,NA,6798,9619305,10157181,FALSE,Physella venustula,FALSE,Gastropoda,225,NA,NA,NA,NA,NA,NA,NA,NA,NA,NA,Physella venustula,Gastropod
2353225,"Piaractus brachypomus (Cuvier, 1818)",Piaractus brachypomus,"(Cuvier, 1818)",SPECIES,ZOOLOGICAL,ACCEPTED,Piaractus,brachypomus,SCIENTIFIC,"<i>Piaractus</i> <i>brachypomus</i> (Cuvier, 1818)",EXACT,99,15,Animalia,Chordata,Characiformes,Serrasalmidae,Piaractus,Piaractus brachypomus,1,44,537,4287106,2353218,2353225,FALSE,Piaractus brachypomus,FALSE,NA,NA,NA,NA,NA,NA,NA,NA,NA,NA,NA,NA,Piaractus brachypomus,Fish
2353219,"Piaractus mesopotamicus (Holmberg, 1887)",Piaractus mesopotamicus,"(Holmberg, 1887)",SPECIES,ZOOLOGICAL,ACCEPTED,Piaractus,mesopotamicus,SCIENTIFIC,"<i>Piaractus</i> <i>mesopotamicus</i> (Holmberg, 1887)",EXACT,99,15,Animalia,Chordata,Characiformes,Serrasalmidae,Piaractus,Piaractus mesopotamicus,1,44,537,4287106,2353218,2353219,FALSE,Piaractus mesopotamicus,FALSE,NA,NA,NA,NA,NA,NA,NA,NA,NA,NA,NA,NA,Piaractus mesopotamicus,Fish
7585698,"Pilsbryoconcha exilis (I.Lea, 1838)",Pilsbryoconcha exilis,"(I.Lea, 1838)",SPECIES,ZOOLOGICAL,ACCEPTED,Pilsbryoconcha,exilis,SCIENTIFIC,"<i>Pilsbryoconcha</i> <i>exilis</i> (I.Lea, 1838)",EXACT,99,14,Animalia,Mollusca,Unionida,Unionidae,Pilsbryoconcha,Pilsbryoconcha exilis,1,52,9301143,3461,4575387,7585698,FALSE,Pilsbryoconcha exilis,FALSE,Bivalvia,137,NA,NA,NA,NA,NA,NA,NA,NA,NA,NA,Pilsbryoconcha exilis,Bivalve
2338912,"Pimelodus pictus Steindachner, 1876",Pimelodus pictus,"Steindachner, 1876",SPECIES,ZOOLOGICAL,ACCEPTED,Pimelodus,pictus,SCIENTIFIC,"<i>Pimelodus</i> <i>pictus</i> Steindachner, 1876",EXACT,99,12,Animalia,Chordata,Siluriformes,Pimelodidae,Pimelodus,Pimelodus pictus,1,44,708,5163,2337547,2338912,FALSE,Pimelodus pictus,FALSE,NA,NA,NA,NA,NA,NA,NA,NA,NA,NA,NA,NA,Pimelodus pictus,Fish
2367736,"Pimephales notatus (Rafinesque, 1820)",Pimephales notatus,"(Rafinesque, 1820)",SPECIES,ZOOLOGICAL,ACCEPTED,Pimephales,notatus,SCIENTIFIC,"<i>Pimephales</i> <i>notatus</i> (Rafinesque, 1820)",EXACT,99,12,Animalia,Chordata,Cypriniformes,Cyprinidae,Pimephales,Pimephales notatus,1,44,1153,7336,2367732,2367736,FALSE,Pimephales notatus,FALSE,NA,NA,NA,NA,NA,NA,NA,NA,NA,NA,NA,NA,Pimephales notatus,Fish
2367742,"Pimephales promelas Rafinesque, 1820",Pimephales promelas,"Rafinesque, 1820",SPECIES,ZOOLOGICAL,ACCEPTED,Pimephales,promelas,SCIENTIFIC,"<i>Pimephales</i> <i>promelas</i> Rafinesque, 1820",EXACT,99,13,Animalia,Chordata,Cypriniformes,Cyprinidae,Pimephales,Pimephales promelas,1,44,1153,7336,2367732,2367742,FALSE,Pimephales promelas,FALSE,NA,NA,NA,NA,NA,NA,NA,NA,NA,NA,NA,NA,Pimephales promelas,Fish
2367757,"Pimephales tenellus (Girard, 1856)",Pimephales tenellus,"(Girard, 1856)",SPECIES,ZOOLOGICAL,ACCEPTED,Pimephales,tenellus,SCIENTIFIC,"<i>Pimephales</i> <i>tenellus</i> (Girard, 1856)",EXACT,99,8,Animalia,Chordata,Cypriniformes,Cyprinidae,Pimephales,Pimephales tenellus,1,44,1153,7336,2367732,2367757,FALSE,Pimephales tenellus,FALSE,NA,NA,NA,NA,NA,NA,NA,NA,NA,NA,NA,NA,Pimephales tenellus,Fish
2367733,"Pimephales vigilax (Baird & Girard, 1853)",Pimephales vigilax,"(Baird & Girard, 1853)",SPECIES,ZOOLOGICAL,ACCEPTED,Pimephales,vigilax,SCIENTIFIC,"<i>Pimephales</i> <i>vigilax</i> (Baird & Girard, 1853)",EXACT,99,10,Animalia,Chordata,Cypriniformes,Cyprinidae,Pimephales,Pimephales vigilax,1,44,1153,7336,2367732,2367733,FALSE,Pimephales vigilax,FALSE,NA,NA,NA,NA,NA,NA,NA,NA,NA,NA,NA,NA,Pimephales vigilax,Fish
2286691,"Pisidium amnicum (O.F.Müller, 1774)",Pisidium amnicum,"(O.F.Müller, 1774)",SPECIES,ZOOLOGICAL,ACCEPTED,Pisidium,amnicum,SCIENTIFIC,"<i>Pisidium</i> <i>amnicum</i> (O.F.Müller, 1774)",EXACT,99,4,Animalia,Mollusca,Sphaeriida,Sphaeriidae,Pisidium,Pisidium amnicum,1,52,10495862,3247675,2286678,2286691,FALSE,Pisidium amnicum,FALSE,Bivalvia,137,NA,NA,NA,NA,NA,NA,NA,NA,NA,NA,Pisidium amnicum,Bivalve
2870583,Pistia stratiotes L.,Pistia stratiotes,L.,SPECIES,NA,ACCEPTED,Pistia,stratiotes,SCIENTIFIC,<i>Pistia</i> <i>stratiotes</i> L.,EXACT,99,8,Plantae,Tracheophyta,Alismatales,Araceae,Pistia,Pistia stratiotes,6,7707728,551,6979,2870582,2870583,FALSE,Pistia stratiotes,FALSE,Liliopsida,196,NA,NA,NA,NA,NA,NA,NA,NA,NA,NA,Pistia stratiotes,Plant (strict freshwater habitat tag only)
2399821,"Plagioscion squamosissimus (Heckel, 1840)",Plagioscion squamosissimus,"(Heckel, 1840)",SPECIES,ZOOLOGICAL,ACCEPTED,Plagioscion,squamosissimus,SCIENTIFIC,"<i>Plagioscion</i> <i>squamosissimus</i> (Heckel, 1840)",EXACT,99,8,Animalia,Chordata,Perciformes,Sciaenidae,Plagioscion,Plagioscion squamosissimus,1,44,587,5062,2399808,2399821,FALSE,Plagioscion squamosissimus,FALSE,NA,NA,NA,NA,NA,NA,NA,NA,NA,NA,NA,NA,Plagioscion squamosissimus,Fish
2366711,"Plagopterus argentissimus Cope, 1874",Plagopterus argentissimus,"Cope, 1874",SPECIES,ZOOLOGICAL,ACCEPTED,Plagopterus,argentissimus,SCIENTIFIC,"<i>Plagopterus</i> <i>argentissimus</i> Cope, 1874",EXACT,99,12,Animalia,Chordata,Cypriniformes,Cyprinidae,Plagopterus,Plagopterus argentissimus,1,44,1153,7336,2366710,2366711,FALSE,Plagopterus argentissimus,FALSE,NA,NA,NA,NA,NA,NA,NA,NA,NA,NA,NA,NA,Plagopterus argentissimus,Fish
9377860,"Planiliza haematocheila (Temminck & Schlegel, 1845)",Planiliza haematocheila,"(Temminck & Schlegel, 1845)",SPECIES,ZOOLOGICAL,ACCEPTED,Planiliza,haematocheila,SCIENTIFIC,"<i>Planiliza</i> <i>haematocheila</i> (Temminck & Schlegel, 1845)",EXACT,99,13,Animalia,Chordata,Mugiliformes,Mugilidae,Planiliza,Planiliza haematocheila,1,44,1067,8473,4835954,9377860,FALSE,Planiliza haematocheila,FALSE,NA,NA,NA,NA,NA,NA,NA,NA,NA,NA,NA,NA,Planiliza haematocheila,Fish
9558403,"Planiliza subviridis (Valenciennes, 1836)",Planiliza subviridis,"(Valenciennes, 1836)",SPECIES,ZOOLOGICAL,ACCEPTED,Planiliza,subviridis,SCIENTIFIC,"<i>Planiliza</i> <i>subviridis</i> (Valenciennes, 1836)",EXACT,99,10,Animalia,Chordata,Mugiliformes,Mugilidae,Planiliza,Planiliza subviridis,1,44,1067,8473,4835954,9558403,FALSE,Planiliza subviridis,FALSE,NA,NA,NA,NA,NA,NA,NA,NA,NA,NA,NA,NA,Planiliza subviridis,Fish
2290946,"Planorbarius corneus (Linnaeus, 1758)",Planorbarius corneus,"(Linnaeus, 1758)",SPECIES,ZOOLOGICAL,ACCEPTED,Planorbarius,corneus,SCIENTIFIC,"<i>Planorbarius</i> <i>corneus</i> (Linnaeus, 1758)",EXACT,99,11,Animalia,Mollusca,NA,Planorbidae,Planorbarius,Planorbarius corneus,1,52,NA,2851,8364586,2290946,FALSE,Planorbarius corneus,FALSE,Gastropoda,225,NA,NA,NA,NA,NA,NA,NA,NA,NA,NA,Planorbarius corneus,Gastropod
5189729,"Planorbella Haldeman, 1843",Planorbella,"Haldeman, 1843",GENUS,ZOOLOGICAL,ACCEPTED,NA,NA,SCIENTIFIC,"<i>Planorbella</i> Haldeman, 1843",EXACT,92,31,Animalia,Mollusca,NA,Planorbidae,Planorbella,NA,1,52,NA,2851,5189729,NA,FALSE,Planorbella,FALSE,Gastropoda,225,NA,NA,NA,NA,NA,NA,NA,NA,NA,NA,Planorbella,Gastropod
5189745,"Planorbella duryi (Wetherby, 1879)",Planorbella duryi,"(Wetherby, 1879)",SPECIES,ZOOLOGICAL,ACCEPTED,Planorbella,duryi,SCIENTIFIC,"<i>Planorbella</i> <i>duryi</i> (Wetherby, 1879)",EXACT,99,9,Animalia,Mollusca,NA,Planorbidae,Planorbella,Planorbella duryi,1,52,NA,2851,5189729,5189745,FALSE,Planorbella duryi,FALSE,Gastropoda,225,NA,NA,NA,NA,NA,NA,NA,NA,NA,NA,Planorbella duryi,Gastropod
5189748,"Planorbella trivolvis (Say, 1817)",Planorbella trivolvis,"(Say, 1817)",SPECIES,ZOOLOGICAL,ACCEPTED,Planorbella,trivolvis,SCIENTIFIC,"<i>Planorbella</i> <i>trivolvis</i> (Say, 1817)",EXACT,99,8,Animalia,Mollusca,NA,Planorbidae,Planorbella,Planorbella trivolvis,1,52,NA,2851,5189729,5189748,FALSE,Planorbella trivolvis,FALSE,Gastropoda,225,NA,NA,NA,NA,NA,NA,NA,NA,NA,NA,Planorbella trivolvis,Gastropod
5778419,"Planorbis carinatus O.F.Müller, 1774",Planorbis carinatus,"O.F.Müller, 1774",SPECIES,ZOOLOGICAL,ACCEPTED,Planorbis,carinatus,SCIENTIFIC,"<i>Planorbis</i> <i>carinatus</i> O.F.Müller, 1774",EXACT,99,6,Animalia,Mollusca,NA,Planorbidae,Planorbis,Planorbis carinatus,1,52,NA,2851,5189719,5778419,FALSE,Planorbis carinatus,FALSE,Gastropoda,225,NA,NA,NA,NA,NA,NA,NA,NA,NA,NA,Planorbis carinatus,Gastropod
2409330,"Platichthys flesus (Linnaeus, 1758)",Platichthys flesus,"(Linnaeus, 1758)",SPECIES,ZOOLOGICAL,ACCEPTED,Platichthys,flesus,SCIENTIFIC,"<i>Platichthys</i> <i>flesus</i> (Linnaeus, 1758)",EXACT,99,5,Animalia,Chordata,Pleuronectiformes,Pleuronectidae,Platichthys,Platichthys flesus,1,44,588,8611,2409326,2409330,FALSE,Platichthys flesus,FALSE,NA,NA,NA,NA,NA,NA,NA,NA,NA,NA,NA,NA,Platichthys flesus,Fish
2343881,"Platydoras costatus (Linnaeus, 1758)",Platydoras costatus,"(Linnaeus, 1758)",SPECIES,ZOOLOGICAL,ACCEPTED,Platydoras,costatus,SCIENTIFIC,"<i>Platydoras</i> <i>costatus</i> (Linnaeus, 1758)",EXACT,99,11,Animalia,Chordata,Siluriformes,Doradidae,Platydoras,Platydoras costatus,1,44,708,5150,2343879,2343881,FALSE,Platydoras costatus,FALSE,NA,NA,NA,NA,NA,NA,NA,NA,NA,NA,NA,NA,Platydoras costatus,Fish
2362460,"Platygobio gracilis (Richardson, 1836)",Platygobio gracilis,"(Richardson, 1836)",SPECIES,ZOOLOGICAL,ACCEPTED,Platygobio,gracilis,SCIENTIFIC,"<i>Platygobio</i> <i>gracilis</i> (Richardson, 1836)",EXACT,99,10,Animalia,Chordata,Cypriniformes,Cyprinidae,Platygobio,Platygobio gracilis,1,44,1153,7336,2362459,2362460,FALSE,Platygobio gracilis,FALSE,NA,NA,NA,NA,NA,NA,NA,NA,NA,NA,NA,NA,Platygobio gracilis,Fish
4283980,"Plecoglossus altivelis (Temminck & Schlegel, 1846)",Plecoglossus altivelis,"(Temminck & Schlegel, 1846)",SPECIES,ZOOLOGICAL,ACCEPTED,Plecoglossus,altivelis,SCIENTIFIC,"<i>Plecoglossus</i> <i>altivelis</i> (Temminck & Schlegel, 1846)",EXACT,99,12,Animalia,Chordata,Osmeriformes,Plecoglossidae,Plecoglossus,Plecoglossus altivelis,1,44,1068,8482,2410852,4283980,FALSE,Plecoglossus altivelis,FALSE,NA,NA,NA,NA,NA,NA,NA,NA,NA,NA,NA,NA,Plecoglossus altivelis,Fish
2343296,"Plectrochilus diabolicus (Myers, 1927)",Plectrochilus diabolicus,"(Myers, 1927)",SPECIES,ZOOLOGICAL,ACCEPTED,Plectrochilus,diabolicus,SCIENTIFIC,"<i>Plectrochilus</i> <i>diabolicus</i> (Myers, 1927)",EXACT,99,12,Animalia,Chordata,Siluriformes,Trichomycteridae,Plectrochilus,Plectrochilus diabolicus,1,44,708,9230,2343293,2343296,FALSE,Plectrochilus diabolicus,FALSE,NA,NA,NA,NA,NA,NA,NA,NA,NA,NA,NA,NA,Plectrochilus diabolicus,Fish
2343294,"Plectrochilus machadoi Miranda Ribeiro, 1917",Plectrochilus machadoi,"Miranda Ribeiro, 1917",SPECIES,ZOOLOGICAL,ACCEPTED,Plectrochilus,machadoi,SCIENTIFIC,"<i>Plectrochilus</i> <i>machadoi</i> Miranda Ribeiro, 1917",EXACT,99,12,Animalia,Chordata,Siluriformes,Trichomycteridae,Plectrochilus,Plectrochilus machadoi,1,44,708,9230,2343293,2343294,FALSE,Plectrochilus machadoi,FALSE,NA,NA,NA,NA,NA,NA,NA,NA,NA,NA,NA,NA,Plectrochilus machadoi,Fish
2343298,"Plectrochilus wieneri (Pellegrin, 1909)",Plectrochilus wieneri,"(Pellegrin, 1909)",SPECIES,ZOOLOGICAL,ACCEPTED,Plectrochilus,wieneri,SCIENTIFIC,"<i>Plectrochilus</i> <i>wieneri</i> (Pellegrin, 1909)",EXACT,99,12,Animalia,Chordata,Siluriformes,Trichomycteridae,Plectrochilus,Plectrochilus wieneri,1,44,708,9230,2343293,2343298,FALSE,Plectrochilus wieneri,FALSE,NA,NA,NA,NA,NA,NA,NA,NA,NA,NA,NA,NA,Plectrochilus wieneri,Fish
2639345,"Pleodorina indica (Iyengar) H.Nozaki, 1989",Pleodorina indica,"(Iyengar) H.Nozaki, 1989",SPECIES,ZOOLOGICAL,ACCEPTED,Pleodorina,indica,SCIENTIFIC,"<i>Pleodorina</i> <i>indica</i> (Iyengar) H.Nozaki, 1989",EXACT,99,10,Plantae,Chlorophyta,Volvocales,Volvocaceae,Pleodorina,Pleodorina indica,6,36,632,8821,2639344,2639345,FALSE,Pleodorina indica,FALSE,Chlorophyceae,329,NA,NA,NA,NA,NA,NA,NA,NA,NA,NA,Pleodorina indica,Plant (strict freshwater habitat tag only)
5203783,"Poecilia formosa (Girard, 1859)",Poecilia formosa,"(Girard, 1859)",SPECIES,ZOOLOGICAL,ACCEPTED,Poecilia,formosa,SCIENTIFIC,"<i>Poecilia</i> <i>formosa</i> (Girard, 1859)",EXACT,99,10,Animalia,Chordata,Cyprinodontiformes,Poeciliidae,Poecilia,Poecilia formosa,1,44,547,7659,2347767,5203783,FALSE,Poecilia formosa,FALSE,NA,NA,NA,NA,NA,NA,NA,NA,NA,NA,NA,NA,Poecilia formosa,Fish
5203804,"Poecilia kykesis Poeser, 2002",Poecilia kykesis,"Poeser, 2002",SPECIES,ZOOLOGICAL,ACCEPTED,Poecilia,kykesis,SCIENTIFIC,"<i>Poecilia</i> <i>kykesis</i> Poeser, 2002",EXACT,99,8,Animalia,Chordata,Cyprinodontiformes,Poeciliidae,Poecilia,Poecilia kykesis,1,44,547,7659,2347767,5203804,FALSE,Poecilia kykesis,FALSE,NA,NA,NA,NA,NA,NA,NA,NA,NA,NA,NA,NA,Poecilia kykesis,Fish
5203752,"Poecilia latipinna (Lesueur, 1821)",Poecilia latipinna,"(Lesueur, 1821)",SPECIES,ZOOLOGICAL,ACCEPTED,Poecilia,latipinna,SCIENTIFIC,"<i>Poecilia</i> <i>latipinna</i> (Lesueur, 1821)",EXACT,99,10,Animalia,Chordata,Cyprinodontiformes,Poeciliidae,Poecilia,Poecilia latipinna,1,44,547,7659,2347767,5203752,FALSE,Poecilia latipinna,FALSE,NA,NA,NA,NA,NA,NA,NA,NA,NA,NA,NA,NA,Poecilia latipinna,Fish
5203780,"Poecilia latipunctata Meek, 1904",Poecilia latipunctata,"Meek, 1904",SPECIES,ZOOLOGICAL,ACCEPTED,Poecilia,latipunctata,SCIENTIFIC,"<i>Poecilia</i> <i>latipunctata</i> Meek, 1904",EXACT,99,11,Animalia,Chordata,Cyprinodontiformes,Poeciliidae,Poecilia,Poecilia latipunctata,1,44,547,7659,2347767,5203780,FALSE,Poecilia latipunctata,FALSE,NA,NA,NA,NA,NA,NA,NA,NA,NA,NA,NA,NA,Poecilia latipunctata,Fish
8400492,"Poecilia mexicana Steindachner, 1863",Poecilia mexicana,"Steindachner, 1863",SPECIES,ZOOLOGICAL,ACCEPTED,Poecilia,mexicana,SCIENTIFIC,"<i>Poecilia</i> <i>mexicana</i> Steindachner, 1863",EXACT,98,11,Animalia,Chordata,Cyprinodontiformes,Poeciliidae,Poecilia,Poecilia mexicana,1,44,547,7659,2347767,8400492,FALSE,Poecilia mexicana,FALSE,NA,NA,NA,NA,NA,NA,NA,NA,NA,NA,NA,NA,Poecilia mexicana,Fish
2350050,"Poecilia reticulata Peters, 1859",Poecilia reticulata,"Peters, 1859",SPECIES,ZOOLOGICAL,ACCEPTED,Poecilia,reticulata,SCIENTIFIC,"<i>Poecilia</i> <i>reticulata</i> Peters, 1859",EXACT,99,13,Animalia,Chordata,Cyprinodontiformes,Poeciliidae,Poecilia,Poecilia reticulata,1,44,547,7659,2347767,2350050,FALSE,Poecilia reticulata,FALSE,NA,NA,NA,NA,NA,NA,NA,NA,NA,NA,NA,NA,Poecilia reticulata,Fish
5203748,"Poecilia sphenops Valenciennes, 1846",Poecilia sphenops,"Valenciennes, 1846",SPECIES,ZOOLOGICAL,ACCEPTED,Poecilia,sphenops,SCIENTIFIC,"<i>Poecilia</i> <i>sphenops</i> Valenciennes, 1846",EXACT,99,11,Animalia,Chordata,Cyprinodontiformes,Poeciliidae,Poecilia,Poecilia sphenops,1,44,547,7659,2347767,5203748,FALSE,Poecilia sphenops,FALSE,NA,NA,NA,NA,NA,NA,NA,NA,NA,NA,NA,NA,Poecilia sphenops,Fish
5203757,"Poecilia velifera (Regan, 1914)",Poecilia velifera,"(Regan, 1914)",SPECIES,ZOOLOGICAL,ACCEPTED,Poecilia,velifera,SCIENTIFIC,"<i>Poecilia</i> <i>velifera</i> (Regan, 1914)",EXACT,99,14,Animalia,Chordata,Cyprinodontiformes,Poeciliidae,Poecilia,Poecilia velifera,1,44,547,7659,2347767,5203757,FALSE,Poecilia velifera,FALSE,NA,NA,NA,NA,NA,NA,NA,NA,NA,NA,NA,NA,Poecilia velifera,Fish
8341124,"Poecilia vivipara Bloch & Schneider, 1801",Poecilia vivipara,"Bloch & Schneider, 1801",SPECIES,ZOOLOGICAL,ACCEPTED,Poecilia,vivipara,SCIENTIFIC,"<i>Poecilia</i> <i>vivipara</i> Bloch & Schneider, 1801",EXACT,99,10,Animalia,Chordata,Cyprinodontiformes,Poeciliidae,Poecilia,Poecilia vivipara,1,44,547,7659,2347767,8341124,FALSE,Poecilia vivipara,FALSE,NA,NA,NA,NA,NA,NA,NA,NA,NA,NA,NA,NA,Poecilia vivipara,Fish
2350503,"Poeciliopsis gracilis (Heckel, 1848)",Poeciliopsis gracilis,"(Heckel, 1848)",SPECIES,ZOOLOGICAL,ACCEPTED,Poeciliopsis,gracilis,SCIENTIFIC,"<i>Poeciliopsis</i> <i>gracilis</i> (Heckel, 1848)",EXACT,99,12,Animalia,Chordata,Cyprinodontiformes,Poeciliidae,Poeciliopsis,Poeciliopsis gracilis,1,44,547,7659,2350457,2350503,FALSE,Poeciliopsis gracilis,FALSE,NA,NA,NA,NA,NA,NA,NA,NA,NA,NA,NA,NA,Poeciliopsis gracilis,Fish
2350470,"Poeciliopsis occidentalis (Baird & Girard, 1853)",Poeciliopsis occidentalis,"(Baird & Girard, 1853)",SPECIES,ZOOLOGICAL,ACCEPTED,Poeciliopsis,occidentalis,SCIENTIFIC,"<i>Poeciliopsis</i> <i>occidentalis</i> (Baird & Girard, 1853)",EXACT,99,17,Animalia,Chordata,Cyprinodontiformes,Poeciliidae,Poeciliopsis,Poeciliopsis occidentalis,1,44,547,7659,2350457,2350470,FALSE,Poeciliopsis occidentalis,FALSE,NA,NA,NA,NA,NA,NA,NA,NA,NA,NA,NA,NA,Poeciliopsis occidentalis,Fish
9481837,Poeciliopsis occidentalis occidentalis,Poeciliopsis occidentalis occidentalis,NA,SUBSPECIES,NA,SYNONYM,Poeciliopsis,occidentalis,SCIENTIFIC,<i>Poeciliopsis</i> <i>occidentalis</i> <i>occidentalis</i>,EXACT,98,17,Animalia,Chordata,Cyprinodontiformes,Poeciliidae,Poeciliopsis,Poeciliopsis occidentalis,1,44,547,7659,2350457,2350470,TRUE,Poeciliopsis occidentalis occidentalis,FALSE,NA,NA,NA,occidentalis,NA,NA,NA,NA,2350470,"Poeciliopsis occidentalis (Baird & Girard, 1853)",NA,NA,Poeciliopsis occidentalis occidentalis,Fish
2359766,"Pogonichthys macrolepidotus (Ayres, 1854)",Pogonichthys macrolepidotus,"(Ayres, 1854)",SPECIES,ZOOLOGICAL,ACCEPTED,Pogonichthys,macrolepidotus,SCIENTIFIC,"<i>Pogonichthys</i> <i>macrolepidotus</i> (Ayres, 1854)",EXACT,99,14,Animalia,Chordata,Cypriniformes,Cyprinidae,Pogonichthys,Pogonichthys macrolepidotus,1,44,1153,7336,2359764,2359766,FALSE,Pogonichthys macrolepidotus,FALSE,NA,NA,NA,NA,NA,NA,NA,NA,NA,NA,NA,NA,Pogonichthys macrolepidotus,Fish
2402612,"Pollimyrus castelnaui (Boulenger, 1911)",Pollimyrus castelnaui,"(Boulenger, 1911)",SPECIES,ZOOLOGICAL,ACCEPTED,Pollimyrus,castelnaui,SCIENTIFIC,"<i>Pollimyrus</i> <i>castelnaui</i> (Boulenger, 1911)",EXACT,99,12,Animalia,Chordata,Osteoglossiformes,Mormyridae,Pollimyrus,Pollimyrus castelnaui,1,44,1069,8484,2402582,2402612,FALSE,Pollimyrus castelnaui,FALSE,NA,NA,NA,NA,NA,NA,NA,NA,NA,NA,NA,NA,Pollimyrus castelnaui,Fish
5212833,"Polyodon spathula (Walbaum, 1792)",Polyodon spathula,"(Walbaum, 1792)",SPECIES,ZOOLOGICAL,ACCEPTED,Polyodon,spathula,SCIENTIFIC,"<i>Polyodon</i> <i>spathula</i> (Walbaum, 1792)",EXACT,99,8,Animalia,Chordata,Acipenseriformes,Polyodontidae,Polyodon,Polyodon spathula,1,44,1103,2948,2402080,5212833,FALSE,Polyodon spathula,FALSE,NA,NA,NA,NA,NA,NA,NA,NA,NA,NA,NA,NA,Polyodon spathula,Fish
2346575,"Polypterus delhezi Boulenger, 1899",Polypterus delhezi,"Boulenger, 1899",SPECIES,ZOOLOGICAL,ACCEPTED,Polypterus,delhezi,SCIENTIFIC,"<i>Polypterus</i> <i>delhezi</i> Boulenger, 1899",EXACT,99,10,Animalia,Chordata,Polypteriformes,Polypteridae,Polypterus,Polypterus delhezi,1,44,1311,5087,2346574,2346575,FALSE,Polypterus delhezi,FALSE,NA,NA,NA,NA,NA,NA,NA,NA,NA,NA,NA,NA,Polypterus delhezi,Fish
4287129,"Polypterus senegalus Cuvier, 1829",Polypterus senegalus,"Cuvier, 1829",SPECIES,ZOOLOGICAL,ACCEPTED,Polypterus,senegalus,SCIENTIFIC,"<i>Polypterus</i> <i>senegalus</i> Cuvier, 1829",EXACT,99,12,Animalia,Chordata,Polypteriformes,Polypteridae,Polypterus,Polypterus senegalus,1,44,1311,5087,2346574,4287129,FALSE,Polypterus senegalus,FALSE,NA,NA,NA,NA,NA,NA,NA,NA,NA,NA,NA,NA,Polypterus senegalus,Fish
2292581,"Pomacea bridgesii (Reeve, 1856)",Pomacea bridgesii,"(Reeve, 1856)",SPECIES,ZOOLOGICAL,ACCEPTED,Pomacea,bridgesii,SCIENTIFIC,"<i>Pomacea</i> <i>bridgesii</i> (Reeve, 1856)",EXACT,99,9,Animalia,Mollusca,Architaenioglossa,Ampullariidae,Pomacea,Pomacea bridgesii,1,52,455,6801,2292578,2292581,FALSE,Pomacea bridgesii,FALSE,Gastropoda,225,NA,NA,NA,NA,NA,NA,NA,NA,NA,NA,Pomacea bridgesii,Gastropod
2292582,"Pomacea canaliculata (Lamarck, 1822)",Pomacea canaliculata,"(Lamarck, 1822)",SPECIES,ZOOLOGICAL,ACCEPTED,Pomacea,canaliculata,SCIENTIFIC,"<i>Pomacea</i> <i>canaliculata</i> (Lamarck, 1822)",EXACT,99,12,Animalia,Mollusca,Architaenioglossa,Ampullariidae,Pomacea,Pomacea canaliculata,1,52,455,6801,2292578,2292582,FALSE,Pomacea canaliculata,FALSE,Gastropoda,225,NA,NA,NA,NA,NA,NA,NA,NA,NA,NA,Pomacea canaliculata,Gastropod
8110535,"Pomacea diffusa Blume, 1957",Pomacea diffusa,"Blume, 1957",SPECIES,ZOOLOGICAL,ACCEPTED,Pomacea,diffusa,SCIENTIFIC,"<i>Pomacea</i> <i>diffusa</i> Blume, 1957",EXACT,99,8,Animalia,Mollusca,Architaenioglossa,Ampullariidae,Pomacea,Pomacea diffusa,1,52,455,6801,2292578,8110535,FALSE,Pomacea diffusa,FALSE,Gastropoda,225,NA,NA,NA,NA,NA,NA,NA,NA,NA,NA,Pomacea diffusa,Gastropod
7638948,"Pomacea glauca (Linnaeus, 1758)",Pomacea glauca,"(Linnaeus, 1758)",SPECIES,ZOOLOGICAL,ACCEPTED,Pomacea,glauca,SCIENTIFIC,"<i>Pomacea</i> <i>glauca</i> (Linnaeus, 1758)",EXACT,99,8,Animalia,Mollusca,Architaenioglossa,Ampullariidae,Pomacea,Pomacea glauca,1,52,455,6801,2292578,7638948,FALSE,Pomacea glauca,FALSE,Gastropoda,225,NA,NA,NA,NA,NA,NA,NA,NA,NA,NA,Pomacea glauca,Gastropod
2292579,"Pomacea haustrum (Reeve, 1856)",Pomacea haustrum,"(Reeve, 1856)",SPECIES,ZOOLOGICAL,ACCEPTED,Pomacea,haustrum,SCIENTIFIC,"<i>Pomacea</i> <i>haustrum</i> (Reeve, 1856)",EXACT,99,10,Animalia,Mollusca,Architaenioglossa,Ampullariidae,Pomacea,Pomacea haustrum,1,52,455,6801,2292578,2292579,FALSE,Pomacea haustrum,FALSE,Gastropoda,225,NA,NA,NA,NA,NA,NA,NA,NA,NA,NA,Pomacea haustrum,Gastropod
7532642,"Pomacea maculata Perry, 1810",Pomacea maculata,"Perry, 1810",SPECIES,ZOOLOGICAL,ACCEPTED,Pomacea,maculata,SCIENTIFIC,"<i>Pomacea</i> <i>maculata</i> Perry, 1810",EXACT,99,8,Animalia,Mollusca,Architaenioglossa,Ampullariidae,Pomacea,Pomacea maculata,1,52,455,6801,2292578,7532642,FALSE,Pomacea maculata,FALSE,Gastropoda,225,NA,NA,NA,NA,NA,NA,NA,NA,NA,NA,Pomacea maculata,Gastropod
2292584,"Pomacea paludosa (Say, 1829)",Pomacea paludosa,"(Say, 1829)",SPECIES,ZOOLOGICAL,ACCEPTED,Pomacea,paludosa,SCIENTIFIC,"<i>Pomacea</i> <i>paludosa</i> (Say, 1829)",EXACT,99,10,Animalia,Mollusca,Architaenioglossa,Ampullariidae,Pomacea,Pomacea paludosa,1,52,455,6801,2292578,2292584,FALSE,Pomacea paludosa,FALSE,Gastropoda,225,NA,NA,NA,NA,NA,NA,NA,NA,NA,NA,Pomacea paludosa,Gastropod
7906588,"Pomacea zeteki J.P.E.Morrison, 1946",Pomacea zeteki,"J.P.E.Morrison, 1946",SPECIES,ZOOLOGICAL,ACCEPTED,Pomacea,zeteki,SCIENTIFIC,"<i>Pomacea</i> <i>zeteki</i> J.P.E.Morrison, 1946",EXACT,99,10,Animalia,Mollusca,Architaenioglossa,Ampullariidae,Pomacea,Pomacea zeteki,1,52,455,6801,2292578,7906588,FALSE,Pomacea zeteki,FALSE,Gastropoda,225,NA,NA,NA,NA,NA,NA,NA,NA,NA,NA,Pomacea zeteki,Gastropod
2394534,"Pomoxis annularis Rafinesque, 1818",Pomoxis annularis,"Rafinesque, 1818",SPECIES,ZOOLOGICAL,ACCEPTED,Pomoxis,annularis,SCIENTIFIC,"<i>Pomoxis</i> <i>annularis</i> Rafinesque, 1818",EXACT,99,8,Animalia,Chordata,Perciformes,Centrarchidae,Pomoxis,Pomoxis annularis,1,44,587,8513,2394525,2394534,FALSE,Pomoxis annularis,FALSE,NA,NA,NA,NA,NA,NA,NA,NA,NA,NA,NA,NA,Pomoxis annularis,Fish
2394526,"Pomoxis nigromaculatus (Lesueur, 1829)",Pomoxis nigromaculatus,"(Lesueur, 1829)",SPECIES,ZOOLOGICAL,ACCEPTED,Pomoxis,nigromaculatus,SCIENTIFIC,"<i>Pomoxis</i> <i>nigromaculatus</i> (Lesueur, 1829)",EXACT,99,15,Animalia,Chordata,Perciformes,Centrarchidae,Pomoxis,Pomoxis nigromaculatus,1,44,587,8513,2394525,2394526,FALSE,Pomoxis nigromaculatus,FALSE,NA,NA,NA,NA,NA,NA,NA,NA,NA,NA,NA,NA,Pomoxis nigromaculatus,Fish
8946295,"Pontastacus leptodactylus (Eschscholtz, 1823)",Pontastacus leptodactylus,"(Eschscholtz, 1823)",SPECIES,ZOOLOGICAL,ACCEPTED,Pontastacus,leptodactylus,SCIENTIFIC,"<i>Pontastacus</i> <i>leptodactylus</i> (Eschscholtz, 1823)",EXACT,99,13,Animalia,Arthropoda,Decapoda,Astacidae,Pontastacus,Pontastacus leptodactylus,1,54,637,8022,4639943,8946295,FALSE,Pontastacus leptodactylus,FALSE,Malacostraca,229,NA,NA,NA,NA,NA,NA,NA,NA,NA,NA,Pontastacus leptodactylus,Crayfish/crab (Malacostraca)
7494501,Pontederia azurea Sw.,Pontederia azurea,Sw.,SPECIES,NA,ACCEPTED,Pontederia,azurea,SCIENTIFIC,<i>Pontederia</i> <i>azurea</i> Sw.,EXACT,97,13,Plantae,Tracheophyta,Commelinales,Pontederiaceae,Pontederia,Pontederia azurea,6,7707728,553,3731,2740415,7494501,FALSE,Pontederia azurea,FALSE,Liliopsida,196,NA,NA,NA,NA,NA,NA,NA,NA,NA,NA,Pontederia azurea,Plant (strict freshwater habitat tag only)
2765942,Pontederia crassipes Mart.,Pontederia crassipes,Mart.,SPECIES,NA,ACCEPTED,Pontederia,crassipes,SCIENTIFIC,<i>Pontederia</i> <i>crassipes</i> Mart.,EXACT,97,12,Plantae,Tracheophyta,Commelinales,Pontederiaceae,Pontederia,Pontederia crassipes,6,7707728,553,3731,2740415,2765942,FALSE,Pontederia crassipes,FALSE,Liliopsida,196,NA,NA,NA,NA,NA,NA,NA,NA,NA,NA,Pontederia crassipes,Plant (strict freshwater habitat tag only)
11040407,Pontederia diversifolia (Vahl) M.Pell. & C.N.Horn,Pontederia diversifolia,(Vahl) M.Pell. & C.N.Horn,SPECIES,BOTANICAL,ACCEPTED,Pontederia,diversifolia,SCIENTIFIC,<i>Pontederia</i> <i>diversifolia</i> (Vahl) M.Pell. & C.N.Horn,EXACT,99,12,Plantae,Tracheophyta,Commelinales,Pontederiaceae,Pontederia,Pontederia diversifolia,6,7707728,553,3731,2740415,11040407,FALSE,Pontederia diversifolia,FALSE,Liliopsida,196,NA,NA,NA,NA,NA,NA,NA,NA,NA,NA,Pontederia diversifolia,Plant (strict freshwater habitat tag only)
2765991,Pontederia hastata L.,Pontederia hastata,L.,SPECIES,NA,ACCEPTED,Pontederia,hastata,SCIENTIFIC,<i>Pontederia</i> <i>hastata</i> L.,EXACT,99,9,Plantae,Tracheophyta,Commelinales,Pontederiaceae,Pontederia,Pontederia hastata,6,7707728,553,3731,2740415,2765991,FALSE,Pontederia hastata,FALSE,Liliopsida,196,NA,NA,NA,NA,NA,NA,NA,NA,NA,NA,Pontederia hastata,Plant (strict freshwater habitat tag only)
11070196,Pontederia korsakowii (Regel & Maack) M.Pell. & C.N.Horn,Pontederia korsakowii,(Regel & Maack) M.Pell. & C.N.Horn,SPECIES,BOTANICAL,ACCEPTED,Pontederia,korsakowii,SCIENTIFIC,<i>Pontederia</i> <i>korsakowii</i> (Regel & Maack) M.Pell. & C.N.Horn,EXACT,99,11,Plantae,Tracheophyta,Commelinales,Pontederiaceae,Pontederia,Pontederia korsakowii,6,7707728,553,3731,2740415,11070196,FALSE,Pontederia korsakowii,FALSE,Liliopsida,196,NA,NA,NA,NA,NA,NA,NA,NA,NA,NA,Pontederia korsakowii,Plant (strict freshwater habitat tag only)
2765966,Pontederia paniculata Spreng.,Pontederia paniculata,Spreng.,SPECIES,NA,ACCEPTED,Pontederia,paniculata,SCIENTIFIC,<i>Pontederia</i> <i>paniculata</i> Spreng.,EXACT,99,12,Plantae,Tracheophyta,Commelinales,Pontederiaceae,Pontederia,Pontederia paniculata,6,7707728,553,3731,2740415,2765966,FALSE,Pontederia paniculata,FALSE,Liliopsida,196,NA,NA,NA,NA,NA,NA,NA,NA,NA,NA,Pontederia paniculata,Plant (strict freshwater habitat tag only)
8238520,Pontederia vaginalis Burm.f.,Pontederia vaginalis,Burm.f.,SPECIES,NA,ACCEPTED,Pontederia,vaginalis,SCIENTIFIC,<i>Pontederia</i> <i>vaginalis</i> Burm.f.,EXACT,97,12,Plantae,Tracheophyta,Commelinales,Pontederiaceae,Pontederia,Pontederia vaginalis,6,7707728,553,3731,2740415,8238520,FALSE,Pontederia vaginalis,FALSE,Liliopsida,196,NA,NA,NA,NA,NA,NA,NA,NA,NA,NA,Pontederia vaginalis,Plant (strict freshwater habitat tag only)
5788058,"Ponticola gorlap (Iljin, 1949)",Ponticola gorlap,"(Iljin, 1949)",SPECIES,ZOOLOGICAL,ACCEPTED,Ponticola,gorlap,SCIENTIFIC,"<i>Ponticola</i> <i>gorlap</i> (Iljin, 1949)",EXACT,99,11,Animalia,Chordata,Perciformes,Gobiidae,Ponticola,Ponticola gorlap,1,44,587,4274,2379222,5788058,FALSE,Ponticola gorlap,FALSE,NA,NA,NA,NA,NA,NA,NA,NA,NA,NA,NA,NA,Ponticola gorlap,Fish
4285968,"Ponticola kessleri (Günther, 1861)",Ponticola kessleri,"(Günther, 1861)",SPECIES,ZOOLOGICAL,ACCEPTED,Ponticola,kessleri,SCIENTIFIC,"<i>Ponticola</i> <i>kessleri</i> (Günther, 1861)",EXACT,99,10,Animalia,Chordata,Perciformes,Gobiidae,Ponticola,Ponticola kessleri,1,44,587,4274,2379222,4285968,FALSE,Ponticola kessleri,FALSE,NA,NA,NA,NA,NA,NA,NA,NA,NA,NA,NA,NA,Ponticola kessleri,Fish
5788060,"Ponticola syrman (Nordmann, 1840)",Ponticola syrman,"(Nordmann, 1840)",SPECIES,ZOOLOGICAL,ACCEPTED,Ponticola,syrman,SCIENTIFIC,"<i>Ponticola</i> <i>syrman</i> (Nordmann, 1840)",EXACT,99,9,Animalia,Chordata,Perciformes,Gobiidae,Ponticola,Ponticola syrman,1,44,587,4274,2379222,5788060,FALSE,Ponticola syrman,FALSE,NA,NA,NA,NA,NA,NA,NA,NA,NA,NA,NA,NA,Ponticola syrman,Fish
4315139,"Pontogammarus Sowinsky, 1904",Pontogammarus,"Sowinsky, 1904",GENUS,ZOOLOGICAL,ACCEPTED,NA,NA,SCIENTIFIC,"<i>Pontogammarus</i> Sowinsky, 1904",EXACT,94,22,Animalia,Arthropoda,Amphipoda,Pontogammaridae,Pontogammarus,NA,1,54,1231,3254579,4315139,NA,FALSE,Pontogammarus,FALSE,Malacostraca,229,NA,NA,NA,NA,NA,NA,NA,NA,NA,NA,Pontogammarus,Crayfish/crab (Malacostraca)
5864238,"Pontogammarus abbreviatus (Sars G.O., 1894)",Pontogammarus abbreviatus,"(Sars G.O., 1894)",SPECIES,ZOOLOGICAL,ACCEPTED,Pontogammarus,abbreviatus,SCIENTIFIC,"<i>Pontogammarus</i> <i>abbreviatus</i> (Sars G.O., 1894)",EXACT,99,13,Animalia,Arthropoda,Amphipoda,Pontogammaridae,Pontogammarus,Pontogammarus abbreviatus,1,54,1231,3254579,4315139,5864238,FALSE,Pontogammarus abbreviatus,FALSE,Malacostraca,229,NA,NA,NA,NA,NA,NA,NA,NA,NA,NA,Pontogammarus abbreviatus,Crayfish/crab (Malacostraca)
4417072,"Pontogammarus aestuarius (Derzhavin, 1924)",Pontogammarus aestuarius,"(Derzhavin, 1924)",SPECIES,ZOOLOGICAL,ACCEPTED,Pontogammarus,aestuarius,SCIENTIFIC,"<i>Pontogammarus</i> <i>aestuarius</i> (Derzhavin, 1924)",EXACT,99,13,Animalia,Arthropoda,Amphipoda,Pontogammaridae,Pontogammarus,Pontogammarus aestuarius,1,54,1231,3254579,4315139,4417072,FALSE,Pontogammarus aestuarius,FALSE,Malacostraca,229,NA,NA,NA,NA,NA,NA,NA,NA,NA,NA,Pontogammarus aestuarius,Crayfish/crab (Malacostraca)
4417071,"Pontogammarus borceae Carausu, 1943",Pontogammarus borceae,"Carausu, 1943",SPECIES,ZOOLOGICAL,ACCEPTED,Pontogammarus,borceae,SCIENTIFIC,"<i>Pontogammarus</i> <i>borceae</i> Carausu, 1943",EXACT,99,11,Animalia,Arthropoda,Amphipoda,Pontogammaridae,Pontogammarus,Pontogammarus borceae,1,54,1231,3254579,4315139,4417071,FALSE,Pontogammarus borceae,FALSE,Malacostraca,229,NA,NA,NA,NA,NA,NA,NA,NA,NA,NA,Pontogammarus borceae,Crayfish/crab (Malacostraca)
7392352,"Pontogammarus maeoticus (Sovinskij, 1894)",Pontogammarus maeoticus,"(Sovinskij, 1894)",SPECIES,ZOOLOGICAL,ACCEPTED,Pontogammarus,maeoticus,SCIENTIFIC,"<i>Pontogammarus</i> <i>maeoticus</i> (Sovinskij, 1894)",EXACT,99,18,Animalia,Arthropoda,Amphipoda,Pontogammaridae,Pontogammarus,Pontogammarus maeoticus,1,54,1231,3254579,4315139,7392352,FALSE,Pontogammarus maeoticus,FALSE,Malacostraca,229,NA,NA,NA,NA,NA,NA,NA,NA,NA,NA,Pontogammarus maeoticus,Crayfish/crab (Malacostraca)
4315140,"Pontogammarus robustoides (Sars, 1894)",Pontogammarus robustoides,"(Sars, 1894)",SPECIES,ZOOLOGICAL,ACCEPTED,Pontogammarus,robustoides,SCIENTIFIC,"<i>Pontogammarus</i> <i>robustoides</i> (Sars, 1894)",EXACT,99,19,Animalia,Arthropoda,Amphipoda,Pontogammaridae,Pontogammarus,Pontogammarus robustoides,1,54,1231,3254579,4315139,4315140,FALSE,Pontogammarus robustoides,FALSE,Malacostraca,229,NA,NA,NA,NA,NA,NA,NA,NA,NA,NA,Pontogammarus robustoides,Crayfish/crab (Malacostraca)
11101635,"Pontogammarus sarsi (Sowinsky, 1898)",Pontogammarus sarsi,"(Sowinsky, 1898)",SPECIES,ZOOLOGICAL,ACCEPTED,Pontogammarus,sarsi,SCIENTIFIC,"<i>Pontogammarus</i> <i>sarsi</i> (Sowinsky, 1898)",EXACT,99,11,Animalia,Arthropoda,Amphipoda,Pontogammaridae,Pontogammarus,Pontogammarus sarsi,1,54,1231,3254579,4315139,11101635,FALSE,Pontogammarus sarsi,FALSE,Malacostraca,229,NA,NA,NA,NA,NA,NA,NA,NA,NA,NA,Pontogammarus sarsi,Crayfish/crab (Malacostraca)
10937174,"Pontogammarus weidemanni (G.O.Sars, 1896)",Pontogammarus weidemanni,"(G.O.Sars, 1896)",SPECIES,ZOOLOGICAL,ACCEPTED,Pontogammarus,weidemanni,SCIENTIFIC,"<i>Pontogammarus</i> <i>weidemanni</i> (G.O.Sars, 1896)",EXACT,99,12,Animalia,Arthropoda,Amphipoda,Pontogammaridae,Pontogammarus,Pontogammarus weidemanni,1,54,1231,3254579,4315139,10937174,FALSE,Pontogammarus weidemanni,FALSE,Malacostraca,229,NA,NA,NA,NA,NA,NA,NA,NA,NA,NA,Pontogammarus weidemanni,Crayfish/crab (Malacostraca)
2288926,"Potamocorbula amurensis (Schrenck, 1862)",Potamocorbula amurensis,"(Schrenck, 1862)",SPECIES,ZOOLOGICAL,ACCEPTED,Potamocorbula,amurensis,SCIENTIFIC,"<i>Potamocorbula</i> <i>amurensis</i> (Schrenck, 1862)",EXACT,99,11,Animalia,Mollusca,Myida,Corbulidae,Potamocorbula,Potamocorbula amurensis,1,52,9241244,3479,2288925,2288926,FALSE,Potamocorbula amurensis,FALSE,Bivalvia,137,NA,NA,NA,NA,NA,NA,NA,NA,NA,NA,Potamocorbula amurensis,Bivalve
5642345,Potamogeton acutifolius Link ex Roem. & Schult.,Potamogeton acutifolius,Link ex Roem. & Schult.,SPECIES,NA,PROVISIONALLY_ACCEPTED,Potamogeton,acutifolius,SCIENTIFIC,<i>Potamogeton</i> <i>acutifolius</i> Link ex Roem. & Schult.,EXACT,100,16,Plantae,Tracheophyta,Alismatales,Potamogetonaceae,Potamogeton,Potamogeton acutifolius,6,7707728,551,6721,2756560,5642345,FALSE,Potamogeton acutifolius Roem. & Schult.,FALSE,Liliopsida,196,NA,NA,NA,NA,NA,NA,NA,NA,NA,NA,Potamogeton acutifolius Roem. & Schult.,Plant (strict freshwater habitat tag only)
6389089,Potamogeton berchtoldii Fieber,Potamogeton berchtoldii,Fieber,SPECIES,NA,ACCEPTED,Potamogeton,berchtoldii,SCIENTIFIC,<i>Potamogeton</i> <i>berchtoldii</i> Fieber,EXACT,99,15,Plantae,Tracheophyta,Alismatales,Potamogetonaceae,Potamogeton,Potamogeton berchtoldii,6,7707728,551,6721,2756560,6389089,FALSE,Potamogeton berchtoldii,FALSE,Liliopsida,196,NA,NA,NA,NA,NA,NA,NA,NA,NA,NA,Potamogeton berchtoldii,Plant (strict freshwater habitat tag only)
5301162,Potamogeton crispus L.,Potamogeton crispus,L.,SPECIES,NA,ACCEPTED,Potamogeton,crispus,SCIENTIFIC,<i>Potamogeton</i> <i>crispus</i> L.,EXACT,98,13,Plantae,Tracheophyta,Alismatales,Potamogetonaceae,Potamogeton,Potamogeton crispus,6,7707728,551,6721,2756560,5301162,FALSE,Potamogeton crispus,FALSE,Liliopsida,196,NA,NA,NA,NA,NA,NA,NA,NA,NA,NA,Potamogeton crispus,Plant (strict freshwater habitat tag only)
5301163,Potamogeton diversifolius Raf.,Potamogeton diversifolius,Raf.,SPECIES,NA,ACCEPTED,Potamogeton,diversifolius,SCIENTIFIC,<i>Potamogeton</i> <i>diversifolius</i> Raf.,EXACT,97,14,Plantae,Tracheophyta,Alismatales,Potamogetonaceae,Potamogeton,Potamogeton diversifolius,6,7707728,551,6721,2756560,5301163,FALSE,Potamogeton diversifolius,FALSE,Liliopsida,196,NA,NA,NA,NA,NA,NA,NA,NA,NA,NA,Potamogeton diversifolius,Plant (strict freshwater habitat tag only)
7629840,Potamogeton × fluitans Roth,Potamogeton fluitans,Roth,SPECIES,NA,ACCEPTED,Potamogeton,fluitans,SCIENTIFIC,<i>Potamogeton</i> × <i>fluitans</i> Roth,EXACT,98,19,Plantae,Tracheophyta,Alismatales,Potamogetonaceae,Potamogeton,Potamogeton fluitans,6,7707728,551,6721,2756560,7629840,FALSE,Potamogeton fluitans,FALSE,Liliopsida,196,NA,NA,NA,NA,NA,NA,NA,NA,NA,NA,Potamogeton fluitans,Plant (strict freshwater habitat tag only)
5301141,Potamogeton lucens L.,Potamogeton lucens,L.,SPECIES,NA,ACCEPTED,Potamogeton,lucens,SCIENTIFIC,<i>Potamogeton</i> <i>lucens</i> L.,EXACT,97,17,Plantae,Tracheophyta,Alismatales,Potamogetonaceae,Potamogeton,Potamogeton lucens,6,7707728,551,6721,2756560,5301141,FALSE,Potamogeton lucens,FALSE,Liliopsida,196,NA,NA,NA,NA,NA,NA,NA,NA,NA,NA,Potamogeton lucens,Plant (strict freshwater habitat tag only)
5301233,Potamogeton nodosus Poir.,Potamogeton nodosus,Poir.,SPECIES,NA,ACCEPTED,Potamogeton,nodosus,SCIENTIFIC,<i>Potamogeton</i> <i>nodosus</i> Poir.,EXACT,99,9,Plantae,Tracheophyta,Alismatales,Potamogetonaceae,Potamogeton,Potamogeton nodosus,6,7707728,551,6721,2756560,5301233,FALSE,Potamogeton nodosus,FALSE,Liliopsida,196,NA,NA,NA,NA,NA,NA,NA,NA,NA,NA,Potamogeton nodosus,Plant (strict freshwater habitat tag only)
5301200,Potamogeton perfoliatus L.,Potamogeton perfoliatus,L.,SPECIES,NA,ACCEPTED,Potamogeton,perfoliatus,SCIENTIFIC,<i>Potamogeton</i> <i>perfoliatus</i> L.,EXACT,99,17,Plantae,Tracheophyta,Alismatales,Potamogetonaceae,Potamogeton,Potamogeton perfoliatus,6,7707728,551,6721,2756560,5301200,FALSE,Potamogeton perfoliatus,FALSE,Liliopsida,196,NA,NA,NA,NA,NA,NA,NA,NA,NA,NA,Potamogeton perfoliatus,Plant (strict freshwater habitat tag only)
5301226,Potamogeton polygonifolius Pourr.,Potamogeton polygonifolius,Pourr.,SPECIES,NA,ACCEPTED,Potamogeton,polygonifolius,SCIENTIFIC,<i>Potamogeton</i> <i>polygonifolius</i> Pourr.,EXACT,97,18,Plantae,Tracheophyta,Alismatales,Potamogetonaceae,Potamogeton,Potamogeton polygonifolius,6,7707728,551,6721,2756560,5301226,FALSE,Potamogeton polygonifolius,FALSE,Liliopsida,196,NA,NA,NA,NA,NA,NA,NA,NA,NA,NA,Potamogeton polygonifolius,Plant (strict freshwater habitat tag only)
5301213,Potamogeton praelongus Wulfen,Potamogeton praelongus,Wulfen,SPECIES,NA,ACCEPTED,Potamogeton,praelongus,SCIENTIFIC,<i>Potamogeton</i> <i>praelongus</i> Wulfen,EXACT,97,12,Plantae,Tracheophyta,Alismatales,Potamogetonaceae,Potamogeton,Potamogeton praelongus,6,7707728,551,6721,2756560,5301213,FALSE,Potamogeton praelongus,FALSE,Liliopsida,196,NA,NA,NA,NA,NA,NA,NA,NA,NA,NA,Potamogeton praelongus,Plant (strict freshwater habitat tag only)
8351789,Potamogeton pusillus L.,Potamogeton pusillus,L.,SPECIES,NA,ACCEPTED,Potamogeton,pusillus,SCIENTIFIC,<i>Potamogeton</i> <i>pusillus</i> L.,EXACT,99,15,Plantae,Tracheophyta,Alismatales,Potamogetonaceae,Potamogeton,Potamogeton pusillus,6,7707728,551,6721,2756560,8351789,FALSE,Potamogeton pusillus,FALSE,Liliopsida,196,NA,NA,NA,NA,NA,NA,NA,NA,NA,NA,Potamogeton pusillus,Plant (strict freshwater habitat tag only)
5642195,Potamogeton schweinfurthii A.Benn.,Potamogeton schweinfurthii,A.Benn.,SPECIES,NA,ACCEPTED,Potamogeton,schweinfurthii,SCIENTIFIC,<i>Potamogeton</i> <i>schweinfurthii</i> A.Benn.,EXACT,99,14,Plantae,Tracheophyta,Alismatales,Potamogetonaceae,Potamogeton,Potamogeton schweinfurthii,6,7707728,551,6721,2756560,5642195,FALSE,Potamogeton schweinfurthii,FALSE,Liliopsida,196,NA,NA,NA,NA,NA,NA,NA,NA,NA,NA,Potamogeton schweinfurthii,Plant (strict freshwater habitat tag only)
5642073,Potamogeton trichoides Cham. & Schltdl.,Potamogeton trichoides,Cham. & Schltdl.,SPECIES,NA,ACCEPTED,Potamogeton,trichoides,SCIENTIFIC,<i>Potamogeton</i> <i>trichoides</i> Cham. & Schltdl.,EXACT,97,20,Plantae,Tracheophyta,Alismatales,Potamogetonaceae,Potamogeton,Potamogeton trichoides,6,7707728,551,6721,2756560,5642073,FALSE,Potamogeton trichoides,FALSE,Liliopsida,196,NA,NA,NA,NA,NA,NA,NA,NA,NA,NA,Potamogeton trichoides,Plant (strict freshwater habitat tag only)
4417542,"Potamon ibericum (Marschall de Bieberstein, 1809)",Potamon ibericum,"(Marschall de Bieberstein, 1809)",SPECIES,ZOOLOGICAL,ACCEPTED,Potamon,ibericum,SCIENTIFIC,"<i>Potamon</i> <i>ibericum</i> (Marschall de Bieberstein, 1809)",EXACT,99,12,Animalia,Arthropoda,Decapoda,Potamidae,Potamon,Potamon ibericum,1,54,637,8674,8620880,4417542,FALSE,Potamon ibericum,FALSE,Malacostraca,229,NA,NA,NA,NA,NA,NA,NA,NA,NA,NA,Potamon ibericum,Crayfish/crab (Malacostraca)
5192470,"Potamopyrgus antipodarum (J.E.Gray, 1843)",Potamopyrgus antipodarum,"(J.E.Gray, 1843)",SPECIES,ZOOLOGICAL,ACCEPTED,Potamopyrgus,antipodarum,SCIENTIFIC,"<i>Potamopyrgus</i> <i>antipodarum</i> (J.E.Gray, 1843)",EXACT,99,15,Animalia,Mollusca,Littorinimorpha,Tateidae,Potamopyrgus,Potamopyrgus antipodarum,1,52,7390893,8407314,5192469,5192470,FALSE,Potamopyrgus antipodarum,FALSE,Gastropoda,225,NA,NA,NA,NA,NA,NA,NA,NA,NA,NA,Potamopyrgus antipodarum,Gastropod
2419333,"Potamotrygon motoro (Müller & Henle, 1841)",Potamotrygon motoro,"(Müller & Henle, 1841)",SPECIES,ZOOLOGICAL,ACCEPTED,Potamotrygon,motoro,SCIENTIFIC,"<i>Potamotrygon</i> <i>motoro</i> (Müller & Henle, 1841)",EXACT,99,13,Animalia,Chordata,Myliobatiformes,Potamotrygonidae,Potamotrygon,Potamotrygon motoro,1,44,8214029,2191,2419329,2419333,FALSE,Potamotrygon motoro,FALSE,Elasmobranchii,121,NA,NA,NA,NA,NA,NA,NA,NA,NA,NA,Potamotrygon motoro,Fish
2353616,"Pristella maxillaris (Ulrey, 1894)",Pristella maxillaris,"(Ulrey, 1894)",SPECIES,ZOOLOGICAL,ACCEPTED,Pristella,maxillaris,SCIENTIFIC,"<i>Pristella</i> <i>maxillaris</i> (Ulrey, 1894)",EXACT,99,13,Animalia,Chordata,Characiformes,Characidae,Pristella,Pristella maxillaris,1,44,537,7201,2353615,2353616,FALSE,Pristella maxillaris,FALSE,NA,NA,NA,NA,NA,NA,NA,NA,NA,NA,NA,NA,Pristella maxillaris,Fish
2354222,"Pristobrycon striolatus (Steindachner, 1908)",Pristobrycon striolatus,"(Steindachner, 1908)",SPECIES,ZOOLOGICAL,ACCEPTED,Pristobrycon,striolatus,SCIENTIFIC,"<i>Pristobrycon</i> <i>striolatus</i> (Steindachner, 1908)",EXACT,99,13,Animalia,Chordata,Characiformes,Serrasalmidae,Pristobrycon,Pristobrycon striolatus,1,44,537,4287106,2354206,2354222,FALSE,Pristobrycon striolatus,FALSE,NA,NA,NA,NA,NA,NA,NA,NA,NA,NA,NA,NA,Pristobrycon striolatus,Fish
2205951,"Proasellus coxalis (Dollfus, 1892)",Proasellus coxalis,"(Dollfus, 1892)",SPECIES,ZOOLOGICAL,ACCEPTED,Proasellus,coxalis,SCIENTIFIC,"<i>Proasellus</i> <i>coxalis</i> (Dollfus, 1892)",EXACT,99,11,Animalia,Arthropoda,Isopoda,Asellidae,Proasellus,Proasellus coxalis,1,54,643,4574,2205914,2205951,FALSE,Proasellus coxalis,FALSE,Malacostraca,229,NA,NA,NA,NA,NA,NA,NA,NA,NA,NA,Proasellus coxalis,Crayfish/crab (Malacostraca)
2206086,"Proasellus meridianus (Racovitza, 1919)",Proasellus meridianus,"(Racovitza, 1919)",SPECIES,ZOOLOGICAL,ACCEPTED,Proasellus,meridianus,SCIENTIFIC,"<i>Proasellus</i> <i>meridianus</i> (Racovitza, 1919)",EXACT,99,11,Animalia,Arthropoda,Isopoda,Asellidae,Proasellus,Proasellus meridianus,1,54,643,4574,2205914,2206086,FALSE,Proasellus meridianus,FALSE,Malacostraca,229,NA,NA,NA,NA,NA,NA,NA,NA,NA,NA,Proasellus meridianus,Crayfish/crab (Malacostraca)
2227289,"Procambarus acutus (Girard, 1852)",Procambarus acutus,"(Girard, 1852)",SPECIES,ZOOLOGICAL,ACCEPTED,Procambarus,acutus,SCIENTIFIC,"<i>Procambarus</i> <i>acutus</i> (Girard, 1852)",EXACT,99,11,Animalia,Arthropoda,Decapoda,Cambaridae,Procambarus,Procambarus acutus,1,54,637,4479,2227127,2227289,FALSE,Procambarus acutus,FALSE,Malacostraca,229,NA,NA,NA,NA,NA,NA,NA,NA,NA,NA,Procambarus acutus,Crayfish/crab (Malacostraca)
7194602,"Procambarus acutus acutus (Girard, 1852)",Procambarus acutus acutus,"(Girard, 1852)",SUBSPECIES,NA,SYNONYM,Procambarus,acutus,SCIENTIFIC,"<i>Procambarus</i> <i>acutus</i> <i>acutus</i> (Girard, 1852)",EXACT,98,13,Animalia,Arthropoda,Decapoda,Cambaridae,Procambarus,Procambarus acutus,1,54,637,4479,2227127,2227289,TRUE,Procambarus acutus subsp. acutus,FALSE,Malacostraca,229,NA,acutus,NA,NA,NA,NA,2227289,"Procambarus acutus (Girard, 1852)",NA,NA,Procambarus acutus subsp. acutus,Crayfish/crab (Malacostraca)
2227203,"Procambarus alleni (Faxon, 1884)",Procambarus alleni,"(Faxon, 1884)",SPECIES,ZOOLOGICAL,ACCEPTED,Procambarus,alleni,SCIENTIFIC,"<i>Procambarus</i> <i>alleni</i> (Faxon, 1884)",EXACT,99,14,Animalia,Arthropoda,Decapoda,Cambaridae,Procambarus,Procambarus alleni,1,54,637,4479,2227127,2227203,FALSE,Procambarus alleni,FALSE,Malacostraca,229,NA,NA,NA,NA,NA,NA,NA,NA,NA,NA,Procambarus alleni,Crayfish/crab (Malacostraca)
2227300,"Procambarus clarkii (Girard, 1852)",Procambarus clarkii,"(Girard, 1852)",SPECIES,ZOOLOGICAL,ACCEPTED,Procambarus,clarkii,SCIENTIFIC,"<i>Procambarus</i> <i>clarkii</i> (Girard, 1852)",EXACT,99,10,Animalia,Arthropoda,Decapoda,Cambaridae,Procambarus,Procambarus clarkii,1,54,637,4479,2227127,2227300,FALSE,Procambarus clarkii,FALSE,Malacostraca,229,NA,NA,NA,NA,NA,NA,NA,NA,NA,NA,Procambarus clarkii,Crayfish/crab (Malacostraca)
2227139,"Procambarus cubensis (Erichson, 1846)",Procambarus cubensis,"(Erichson, 1846)",SPECIES,ZOOLOGICAL,ACCEPTED,Procambarus,cubensis,SCIENTIFIC,"<i>Procambarus</i> <i>cubensis</i> (Erichson, 1846)",EXACT,99,14,Animalia,Arthropoda,Decapoda,Cambaridae,Procambarus,Procambarus cubensis,1,54,637,4479,2227127,2227139,FALSE,Procambarus cubensis,FALSE,Malacostraca,229,NA,NA,NA,NA,NA,NA,NA,NA,NA,NA,Procambarus cubensis,Crayfish/crab (Malacostraca)
2227309,"Procambarus fallax (Hagen, 1870)",Procambarus fallax,"(Hagen, 1870)",SPECIES,ZOOLOGICAL,ACCEPTED,Procambarus,fallax,SCIENTIFIC,"<i>Procambarus</i> <i>fallax</i> (Hagen, 1870)",EXACT,99,10,Animalia,Arthropoda,Decapoda,Cambaridae,Procambarus,Procambarus fallax,1,54,637,4479,2227127,2227309,FALSE,Procambarus fallax,FALSE,Malacostraca,229,NA,NA,NA,NA,NA,NA,NA,NA,NA,NA,Procambarus fallax,Crayfish/crab (Malacostraca)
8879526,"Procambarus fallax f. virginalis Martin, Dorn, Kawai, van der Heiden & Scholtz, 2010",Procambarus fallax virginalis,"Martin, Dorn, Kawai, van der Heiden & Scholtz, 2010",FORM,ZOOLOGICAL,SYNONYM,Procambarus,fallax,SCIENTIFIC,"<i>Procambarus</i> <i>fallax</i> f. <i>virginalis</i> Martin, Dorn, Kawai, van der Heiden & Scholtz, 2010",EXACT,100,20,Animalia,Arthropoda,Decapoda,Cambaridae,Procambarus,Procambarus virginalis,1,54,637,4479,2227127,9442269,TRUE,"Procambarus fallax f. virginalis Martin, Dorn, Kawai, van der Heiden & Scholtz, 2010",FALSE,Malacostraca,229,NA,virginalis,NA,NA,NA,NA,9442269,"Procambarus virginalis Lyko, 2017",NA,NA,"Procambarus fallax f. virginalis Martin, Dorn, Kawai, van der Heiden & Scholtz, 2010",Crayfish/crab (Malacostraca)
9442269,"Procambarus virginalis Lyko, 2017",Procambarus virginalis,"Lyko, 2017",SPECIES,ZOOLOGICAL,ACCEPTED,Procambarus,virginalis,SCIENTIFIC,"<i>Procambarus</i> <i>virginalis</i> Lyko, 2017",EXACT,99,14,Animalia,Arthropoda,Decapoda,Cambaridae,Procambarus,Procambarus virginalis,1,54,637,4479,2227127,9442269,FALSE,Procambarus virginalis,FALSE,Malacostraca,229,NA,NA,NA,NA,NA,NA,NA,NA,NA,NA,Procambarus virginalis,Crayfish/crab (Malacostraca)
2227231,"Procambarus zonangulus Hobbs & Hobbs Iii, 1990",Procambarus zonangulus,"Hobbs & Hobbs Iii, 1990",SPECIES,ZOOLOGICAL,ACCEPTED,Procambarus,zonangulus,SCIENTIFIC,"<i>Procambarus</i> <i>zonangulus</i> Hobbs & Hobbs Iii, 1990",EXACT,99,12,Animalia,Arthropoda,Decapoda,Cambaridae,Procambarus,Procambarus zonangulus,1,54,637,4479,2227127,2227231,FALSE,Procambarus zonangulus,FALSE,Malacostraca,229,NA,NA,NA,NA,NA,NA,NA,NA,NA,NA,Procambarus zonangulus,Crayfish/crab (Malacostraca)
2352177,"Prochilodus argenteus Spix & Agassiz, 1829",Prochilodus argenteus,"Spix & Agassiz, 1829",SPECIES,ZOOLOGICAL,ACCEPTED,Prochilodus,argenteus,SCIENTIFIC,"<i>Prochilodus</i> <i>argenteus</i> Spix & Agassiz, 1829",EXACT,98,13,Animalia,Chordata,Characiformes,Prochilodontidae,Prochilodus,Prochilodus argenteus,1,44,537,7331,2352148,2352177,FALSE,Prochilodus argenteus,FALSE,NA,NA,NA,NA,NA,NA,NA,NA,NA,NA,NA,NA,Prochilodus argenteus,Fish
2352160,"Prochilodus nigricans Spix & Agassiz, 1829",Prochilodus nigricans,"Spix & Agassiz, 1829",SPECIES,ZOOLOGICAL,ACCEPTED,Prochilodus,nigricans,SCIENTIFIC,"<i>Prochilodus</i> <i>nigricans</i> Spix & Agassiz, 1829",EXACT,99,13,Animalia,Chordata,Characiformes,Prochilodontidae,Prochilodus,Prochilodus nigricans,1,44,537,7331,2352148,2352160,FALSE,Prochilodus nigricans,FALSE,NA,NA,NA,NA,NA,NA,NA,NA,NA,NA,NA,NA,Prochilodus nigricans,Fish
2351534,"Prosopium cylindraceum (Pennant, 1784)",Prosopium cylindraceum,"(Pennant, 1784)",SPECIES,ZOOLOGICAL,ACCEPTED,Prosopium,cylindraceum,SCIENTIFIC,"<i>Prosopium</i> <i>cylindraceum</i> (Pennant, 1784)",EXACT,99,15,Animalia,Chordata,Salmoniformes,Salmonidae,Prosopium,Prosopium cylindraceum,1,44,1313,8615,2351516,2351534,FALSE,Prosopium cylindraceum,FALSE,NA,NA,NA,NA,NA,NA,NA,NA,NA,NA,NA,NA,Prosopium cylindraceum,Fish
2351525,"Prosopium gemmifer (Snyder, 1919)",Prosopium gemmifer,"(Snyder, 1919)",SPECIES,ZOOLOGICAL,ACCEPTED,Prosopium,gemmifer,SCIENTIFIC,"<i>Prosopium</i> <i>gemmifer</i> (Snyder, 1919)",EXACT,99,12,Animalia,Chordata,Salmoniformes,Salmonidae,Prosopium,Prosopium gemmifer,1,44,1313,8615,2351516,2351525,FALSE,Prosopium gemmifer,FALSE,NA,NA,NA,NA,NA,NA,NA,NA,NA,NA,NA,NA,Prosopium gemmifer,Fish
2351530,"Prosopium williamsoni (Girard, 1856)",Prosopium williamsoni,"(Girard, 1856)",SPECIES,ZOOLOGICAL,ACCEPTED,Prosopium,williamsoni,SCIENTIFIC,"<i>Prosopium</i> <i>williamsoni</i> (Girard, 1856)",EXACT,99,15,Animalia,Chordata,Salmoniformes,Salmonidae,Prosopium,Prosopium williamsoni,1,44,1313,8615,2351516,2351530,FALSE,Prosopium williamsoni,FALSE,NA,NA,NA,NA,NA,NA,NA,NA,NA,NA,NA,NA,Prosopium williamsoni,Fish
2381358,"Protemblemaria punctata Cervigón, 1966",Protemblemaria punctata,"Cervigón, 1966",SPECIES,ZOOLOGICAL,ACCEPTED,Protemblemaria,punctata,SCIENTIFIC,"<i>Protemblemaria</i> <i>punctata</i> Cervigón, 1966",EXACT,99,13,Animalia,Chordata,Perciformes,Chaenopsidae,Protemblemaria,Protemblemaria punctata,1,44,587,8516,2381356,2381358,FALSE,Protemblemaria punctata,FALSE,NA,NA,NA,NA,NA,NA,NA,NA,NA,NA,NA,NA,Protemblemaria punctata,Fish
2379235,"Proterorhinus marmoratus (Pallas, 1814)",Proterorhinus marmoratus,"(Pallas, 1814)",SPECIES,ZOOLOGICAL,ACCEPTED,Proterorhinus,marmoratus,SCIENTIFIC,"<i>Proterorhinus</i> <i>marmoratus</i> (Pallas, 1814)",EXACT,99,15,Animalia,Chordata,Perciformes,Gobiidae,Proterorhinus,Proterorhinus marmoratus,1,44,587,4274,2379231,2379235,FALSE,Proterorhinus marmoratus,FALSE,NA,NA,NA,NA,NA,NA,NA,NA,NA,NA,NA,NA,Proterorhinus marmoratus,Fish
2379245,"Proterorhinus semilunaris (Heckel, 1837)",Proterorhinus semilunaris,"(Heckel, 1837)",SPECIES,ZOOLOGICAL,ACCEPTED,Proterorhinus,semilunaris,SCIENTIFIC,"<i>Proterorhinus</i> <i>semilunaris</i> (Heckel, 1837)",EXACT,99,18,Animalia,Chordata,Perciformes,Gobiidae,Proterorhinus,Proterorhinus semilunaris,1,44,587,4274,2379231,2379245,FALSE,Proterorhinus semilunaris,FALSE,NA,NA,NA,NA,NA,NA,NA,NA,NA,NA,NA,NA,Proterorhinus semilunaris,Fish
4287144,"Protopterus aethiopicus Heckel, 1851",Protopterus aethiopicus,"Heckel, 1851",SPECIES,ZOOLOGICAL,ACCEPTED,Protopterus,aethiopicus,SCIENTIFIC,"<i>Protopterus</i> <i>aethiopicus</i> Heckel, 1851",EXACT,99,13,Animalia,Chordata,Ceratodontiformes,Protopteridae,Protopterus,Protopterus aethiopicus,1,44,879,2178,2441252,4287144,FALSE,Protopterus aethiopicus,FALSE,Dipneusti,11500725,NA,NA,NA,NA,NA,NA,NA,NA,NA,NA,Protopterus aethiopicus,Fish
2360367,"Pseudochondrostoma polylepis (Steindachner, 1864)",Pseudochondrostoma polylepis,"(Steindachner, 1864)",SPECIES,ZOOLOGICAL,ACCEPTED,Pseudochondrostoma,polylepis,SCIENTIFIC,"<i>Pseudochondrostoma</i> <i>polylepis</i> (Steindachner, 1864)",EXACT,99,16,Animalia,Chordata,Cypriniformes,Cyprinidae,Pseudochondrostoma,Pseudochondrostoma polylepis,1,44,1153,7336,2360362,2360367,FALSE,Pseudochondrostoma polylepis,FALSE,NA,NA,NA,NA,NA,NA,NA,NA,NA,NA,NA,NA,Pseudochondrostoma polylepis,Fish
2214306,"Pseudocuma cercarioides Sars, 1894",Pseudocuma cercarioides,"Sars, 1894",SPECIES,ZOOLOGICAL,ACCEPTED,Pseudocuma,cercarioides,SCIENTIFIC,"<i>Pseudocuma</i> <i>cercarioides</i> Sars, 1894",EXACT,99,13,Animalia,Arthropoda,Cumacea,Pseudocumatidae,Pseudocuma,Pseudocuma cercarioides,1,54,1500,7535,2214294,2214306,FALSE,Pseudocuma cercarioides,FALSE,Malacostraca,229,NA,NA,NA,NA,NA,NA,NA,NA,NA,NA,Pseudocuma cercarioides,Crayfish/crab (Malacostraca)
2214308,"Pseudocuma graciloides Sars, 1894",Pseudocuma graciloides,"Sars, 1894",SPECIES,ZOOLOGICAL,ACCEPTED,Pseudocuma,graciloides,SCIENTIFIC,"<i>Pseudocuma</i> <i>graciloides</i> Sars, 1894",EXACT,99,13,Animalia,Arthropoda,Cumacea,Pseudocumatidae,Pseudocuma,Pseudocuma graciloides,1,54,1500,7535,2214294,2214308,FALSE,Pseudocuma graciloides,FALSE,Malacostraca,229,NA,NA,NA,NA,NA,NA,NA,NA,NA,NA,Pseudocuma graciloides,Crayfish/crab (Malacostraca)
2214301,"Pseudocuma laeve Sars, 1914",Pseudocuma laeve,"Sars, 1914",SPECIES,ZOOLOGICAL,ACCEPTED,Pseudocuma,laeve,SCIENTIFIC,"<i>Pseudocuma</i> <i>laeve</i> Sars, 1914",EXACT,99,9,Animalia,Arthropoda,Cumacea,Pseudocumatidae,Pseudocuma,Pseudocuma laeve,1,54,1500,7535,2214294,2214301,FALSE,Pseudocuma laeve,FALSE,Malacostraca,229,NA,NA,NA,NA,NA,NA,NA,NA,NA,NA,Pseudocuma laeve,Crayfish/crab (Malacostraca)
2214302,"Pseudocuma tenuicauda Sars, 1894",Pseudocuma tenuicauda,"Sars, 1894",SPECIES,ZOOLOGICAL,ACCEPTED,Pseudocuma,tenuicauda,SCIENTIFIC,"<i>Pseudocuma</i> <i>tenuicauda</i> Sars, 1894",EXACT,99,11,Animalia,Arthropoda,Cumacea,Pseudocumatidae,Pseudocuma,Pseudocuma tenuicauda,1,54,1500,7535,2214294,2214302,FALSE,Pseudocuma tenuicauda,FALSE,Malacostraca,229,NA,NA,NA,NA,NA,NA,NA,NA,NA,NA,Pseudocuma tenuicauda,Crayfish/crab (Malacostraca)
2366349,"Pseudogobio esocinus (Temminck & Schlegel, 1846)",Pseudogobio esocinus,"(Temminck & Schlegel, 1846)",SPECIES,ZOOLOGICAL,ACCEPTED,Pseudogobio,esocinus,SCIENTIFIC,"<i>Pseudogobio</i> <i>esocinus</i> (Temminck & Schlegel, 1846)",EXACT,99,12,Animalia,Chordata,Cypriniformes,Cyprinidae,Pseudogobio,Pseudogobio esocinus,1,44,1153,7336,2366340,2366349,FALSE,Pseudogobio esocinus,FALSE,NA,NA,NA,NA,NA,NA,NA,NA,NA,NA,NA,NA,Pseudogobio esocinus,Fish
2338673,"Pseudoplatystoma fasciatum (Linnaeus, 1766)",Pseudoplatystoma fasciatum,"(Linnaeus, 1766)",SPECIES,ZOOLOGICAL,ACCEPTED,Pseudoplatystoma,fasciatum,SCIENTIFIC,"<i>Pseudoplatystoma</i> <i>fasciatum</i> (Linnaeus, 1766)",EXACT,99,16,Animalia,Chordata,Siluriformes,Pimelodidae,Pseudoplatystoma,Pseudoplatystoma fasciatum,1,44,708,5163,2338658,2338673,FALSE,Pseudoplatystoma fasciatum,FALSE,NA,NA,NA,NA,NA,NA,NA,NA,NA,NA,NA,NA,Pseudoplatystoma fasciatum,Fish
7879329,"Pseudoplatystoma punctifer (Castelnau, 1855)",Pseudoplatystoma punctifer,"(Castelnau, 1855)",SPECIES,ZOOLOGICAL,ACCEPTED,Pseudoplatystoma,punctifer,SCIENTIFIC,"<i>Pseudoplatystoma</i> <i>punctifer</i> (Castelnau, 1855)",EXACT,99,19,Animalia,Chordata,Siluriformes,Pimelodidae,Pseudoplatystoma,Pseudoplatystoma punctifer,1,44,708,5163,2338658,7879329,FALSE,Pseudoplatystoma punctifer,FALSE,NA,NA,NA,NA,NA,NA,NA,NA,NA,NA,NA,NA,Pseudoplatystoma punctifer,Fish
2362868,"Pseudorasbora parva (Temminck & Schlegel, 1846)",Pseudorasbora parva,"(Temminck & Schlegel, 1846)",SPECIES,ZOOLOGICAL,ACCEPTED,Pseudorasbora,parva,SCIENTIFIC,"<i>Pseudorasbora</i> <i>parva</i> (Temminck & Schlegel, 1846)",EXACT,99,13,Animalia,Chordata,Cypriniformes,Cyprinidae,Pseudorasbora,Pseudorasbora parva,1,44,1153,7336,2362864,2362868,FALSE,Pseudorasbora parva,FALSE,NA,NA,NA,NA,NA,NA,NA,NA,NA,NA,NA,NA,Pseudorasbora parva,Fish
2362866,"Pseudorasbora pumila Miyadi, 1930",Pseudorasbora pumila,"Miyadi, 1930",SPECIES,ZOOLOGICAL,ACCEPTED,Pseudorasbora,pumila,SCIENTIFIC,"<i>Pseudorasbora</i> <i>pumila</i> Miyadi, 1930",EXACT,99,14,Animalia,Chordata,Cypriniformes,Cyprinidae,Pseudorasbora,Pseudorasbora pumila,1,44,1153,7336,2362864,2362866,FALSE,Pseudorasbora pumila,FALSE,NA,NA,NA,NA,NA,NA,NA,NA,NA,NA,NA,NA,Pseudorasbora pumila,Fish
2291334,"Pseudosuccinea columella (Say, 1817)",Pseudosuccinea columella,"(Say, 1817)",SPECIES,ZOOLOGICAL,ACCEPTED,Pseudosuccinea,columella,SCIENTIFIC,"<i>Pseudosuccinea</i> <i>columella</i> (Say, 1817)",EXACT,99,15,Animalia,Mollusca,NA,Lymnaeidae,Pseudosuccinea,Pseudosuccinea columella,1,52,NA,2852,2291333,2291334,FALSE,Pseudosuccinea columella,FALSE,Gastropoda,225,NA,NA,NA,NA,NA,NA,NA,NA,NA,NA,Pseudosuccinea columella,Gastropod
2373065,"Pseudotropheus ater Stauffer, 1988",Pseudotropheus ater,"Stauffer, 1988",SPECIES,ZOOLOGICAL,ACCEPTED,Pseudotropheus,ater,SCIENTIFIC,"<i>Pseudotropheus</i> <i>ater</i> Stauffer, 1988",EXACT,99,12,Animalia,Chordata,Perciformes,Cichlidae,Pseudotropheus,Pseudotropheus ater,1,44,587,8522,2373062,2373065,FALSE,Pseudotropheus ater,FALSE,NA,NA,NA,NA,NA,NA,NA,NA,NA,NA,NA,NA,Pseudotropheus ater,Fish
7782809,"Pseudotropheus cyaneorhabdos (Bowers & Stauffer, 1997)",Pseudotropheus cyaneorhabdos,"(Bowers & Stauffer, 1997)",SPECIES,ZOOLOGICAL,ACCEPTED,Pseudotropheus,cyaneorhabdos,SCIENTIFIC,"<i>Pseudotropheus</i> <i>cyaneorhabdos</i> (Bowers & Stauffer, 1997)",EXACT,99,17,Animalia,Chordata,Perciformes,Cichlidae,Pseudotropheus,Pseudotropheus cyaneorhabdos,1,44,587,8522,2373062,7782809,FALSE,Pseudotropheus cyaneorhabdos,FALSE,NA,NA,NA,NA,NA,NA,NA,NA,NA,NA,NA,NA,Pseudotropheus cyaneorhabdos,Fish
2373191,"Pseudotropheus johannii Eccles, 1973",Pseudotropheus johannii,"Eccles, 1973",SPECIES,ZOOLOGICAL,ACCEPTED,Pseudotropheus,johannii,SCIENTIFIC,"<i>Pseudotropheus</i> <i>johannii</i> Eccles, 1973",EXACT,99,13,Animalia,Chordata,Perciformes,Cichlidae,Pseudotropheus,Pseudotropheus johannii,1,44,587,8522,2373062,2373191,FALSE,Pseudotropheus johannii,FALSE,NA,NA,NA,NA,NA,NA,NA,NA,NA,NA,NA,NA,Pseudotropheus johannii,Fish
2373077,"Pseudotropheus socolofi Johnson, 1974",Pseudotropheus socolofi,"Johnson, 1974",SPECIES,ZOOLOGICAL,ACCEPTED,Pseudotropheus,socolofi,SCIENTIFIC,"<i>Pseudotropheus</i> <i>socolofi</i> Johnson, 1974",EXACT,99,13,Animalia,Chordata,Perciformes,Cichlidae,Pseudotropheus,Pseudotropheus socolofi,1,44,587,8522,2373062,2373077,FALSE,Pseudotropheus socolofi,FALSE,NA,NA,NA,NA,NA,NA,NA,NA,NA,NA,NA,NA,Pseudotropheus socolofi,Fish
2343967,"Pterodoras granulosus (Valenciennes, 1821)",Pterodoras granulosus,"(Valenciennes, 1821)",SPECIES,ZOOLOGICAL,ACCEPTED,Pterodoras,granulosus,SCIENTIFIC,"<i>Pterodoras</i> <i>granulosus</i> (Valenciennes, 1821)",EXACT,99,11,Animalia,Chordata,Siluriformes,Doradidae,Pterodoras,Pterodoras granulosus,1,44,708,5150,2343966,2343967,FALSE,Pterodoras granulosus,FALSE,NA,NA,NA,NA,NA,NA,NA,NA,NA,NA,NA,NA,Pterodoras granulosus,Fish
5208518,"Pterophyllum scalare (Schultze, 1823)",Pterophyllum scalare,"(Schultze, 1823)",SPECIES,ZOOLOGICAL,ACCEPTED,Pterophyllum,scalare,SCIENTIFIC,"<i>Pterophyllum</i> <i>scalare</i> (Schultze, 1823)",EXACT,97,12,Animalia,Chordata,Perciformes,Cichlidae,Pterophyllum,Pterophyllum scalare,1,44,587,8522,2373891,5208518,FALSE,Pterophyllum scalare,FALSE,NA,NA,NA,NA,NA,NA,NA,NA,NA,NA,NA,NA,Pterophyllum scalare,Fish
2339954,"Pterygoplichthys Gill, 1858",Pterygoplichthys,"Gill, 1858",GENUS,ZOOLOGICAL,ACCEPTED,NA,NA,SCIENTIFIC,"<i>Pterygoplichthys</i> Gill, 1858",EXACT,94,30,Animalia,Chordata,Siluriformes,Loricariidae,Pterygoplichthys,NA,1,44,708,5158,2339954,NA,FALSE,Pterygoplichthys,FALSE,NA,NA,NA,NA,NA,NA,NA,NA,NA,NA,NA,NA,Pterygoplichthys,Fish
2339979,"Pterygoplichthys anisitsi Eigenmann & Kennedy, 1903",Pterygoplichthys anisitsi,"Eigenmann & Kennedy, 1903",SPECIES,ZOOLOGICAL,ACCEPTED,Pterygoplichthys,anisitsi,SCIENTIFIC,"<i>Pterygoplichthys</i> <i>anisitsi</i> Eigenmann & Kennedy, 1903",EXACT,99,15,Animalia,Chordata,Siluriformes,Loricariidae,Pterygoplichthys,Pterygoplichthys anisitsi,1,44,708,5158,2339954,2339979,FALSE,Pterygoplichthys anisitsi,FALSE,NA,NA,NA,NA,NA,NA,NA,NA,NA,NA,NA,NA,Pterygoplichthys anisitsi,Fish
2340003,"Pterygoplichthys disjunctivus (Weber, 1991)",Pterygoplichthys disjunctivus,"(Weber, 1991)",SPECIES,ZOOLOGICAL,ACCEPTED,Pterygoplichthys,disjunctivus,SCIENTIFIC,"<i>Pterygoplichthys</i> <i>disjunctivus</i> (Weber, 1991)",EXACT,99,15,Animalia,Chordata,Siluriformes,Loricariidae,Pterygoplichthys,Pterygoplichthys disjunctivus,1,44,708,5158,2339954,2340003,FALSE,Pterygoplichthys disjunctivus,FALSE,NA,NA,NA,NA,NA,NA,NA,NA,NA,NA,NA,NA,Pterygoplichthys disjunctivus,Fish
2339957,"Pterygoplichthys gibbiceps (Kner, 1854)",Pterygoplichthys gibbiceps,"(Kner, 1854)",SPECIES,ZOOLOGICAL,ACCEPTED,Pterygoplichthys,gibbiceps,SCIENTIFIC,"<i>Pterygoplichthys</i> <i>gibbiceps</i> (Kner, 1854)",EXACT,99,15,Animalia,Chordata,Siluriformes,Loricariidae,Pterygoplichthys,Pterygoplichthys gibbiceps,1,44,708,5158,2339954,2339957,FALSE,Pterygoplichthys gibbiceps,FALSE,NA,NA,NA,NA,NA,NA,NA,NA,NA,NA,NA,NA,Pterygoplichthys gibbiceps,Fish
2339955,"Pterygoplichthys joselimaianus (Weber, 1991)",Pterygoplichthys joselimaianus,"(Weber, 1991)",SPECIES,ZOOLOGICAL,ACCEPTED,Pterygoplichthys,joselimaianus,SCIENTIFIC,"<i>Pterygoplichthys</i> <i>joselimaianus</i> (Weber, 1991)",EXACT,99,17,Animalia,Chordata,Siluriformes,Loricariidae,Pterygoplichthys,Pterygoplichthys joselimaianus,1,44,708,5158,2339954,2339955,FALSE,Pterygoplichthys joselimaianus,FALSE,NA,NA,NA,NA,NA,NA,NA,NA,NA,NA,NA,NA,Pterygoplichthys joselimaianus,Fish
2339962,"Pterygoplichthys multiradiatus (Hancock, 1828)",Pterygoplichthys multiradiatus,"(Hancock, 1828)",SPECIES,ZOOLOGICAL,ACCEPTED,Pterygoplichthys,multiradiatus,SCIENTIFIC,"<i>Pterygoplichthys</i> <i>multiradiatus</i> (Hancock, 1828)",EXACT,99,16,Animalia,Chordata,Siluriformes,Loricariidae,Pterygoplichthys,Pterygoplichthys multiradiatus,1,44,708,5158,2339954,2339962,FALSE,Pterygoplichthys multiradiatus,FALSE,NA,NA,NA,NA,NA,NA,NA,NA,NA,NA,NA,NA,Pterygoplichthys multiradiatus,Fish
2339971,"Pterygoplichthys pardalis (Castelnau, 1855)",Pterygoplichthys pardalis,"(Castelnau, 1855)",SPECIES,ZOOLOGICAL,ACCEPTED,Pterygoplichthys,pardalis,SCIENTIFIC,"<i>Pterygoplichthys</i> <i>pardalis</i> (Castelnau, 1855)",EXACT,99,14,Animalia,Chordata,Siluriformes,Loricariidae,Pterygoplichthys,Pterygoplichthys pardalis,1,44,708,5158,2339954,2339971,FALSE,Pterygoplichthys pardalis,FALSE,NA,NA,NA,NA,NA,NA,NA,NA,NA,NA,NA,NA,Pterygoplichthys pardalis,Fish
5205694,"Ptychocheilus grandis (Ayres, 1854)",Ptychocheilus grandis,"(Ayres, 1854)",SPECIES,ZOOLOGICAL,ACCEPTED,Ptychocheilus,grandis,SCIENTIFIC,"<i>Ptychocheilus</i> <i>grandis</i> (Ayres, 1854)",EXACT,99,12,Animalia,Chordata,Cypriniformes,Cyprinidae,Ptychocheilus,Ptychocheilus grandis,1,44,1153,7336,2360013,5205694,FALSE,Ptychocheilus grandis,FALSE,NA,NA,NA,NA,NA,NA,NA,NA,NA,NA,NA,NA,Ptychocheilus grandis,Fish
5205691,"Ptychocheilus umpquae Snyder, 1908",Ptychocheilus umpquae,"Snyder, 1908",SPECIES,ZOOLOGICAL,ACCEPTED,Ptychocheilus,umpquae,SCIENTIFIC,"<i>Ptychocheilus</i> <i>umpquae</i> Snyder, 1908",EXACT,99,11,Animalia,Chordata,Cypriniformes,Cyprinidae,Ptychocheilus,Ptychocheilus umpquae,1,44,1153,7336,2360013,5205691,FALSE,Ptychocheilus umpquae,FALSE,NA,NA,NA,NA,NA,NA,NA,NA,NA,NA,NA,NA,Ptychocheilus umpquae,Fish
5204696,"Pungitius platygaster (Kessler, 1859)",Pungitius platygaster,"(Kessler, 1859)",SPECIES,ZOOLOGICAL,ACCEPTED,Pungitius,platygaster,SCIENTIFIC,"<i>Pungitius</i> <i>platygaster</i> (Kessler, 1859)",EXACT,99,12,Animalia,Chordata,Gasterosteiformes,Gasterosteidae,Pungitius,Pungitius platygaster,1,44,550,7666,5204682,5204696,FALSE,Pungitius platygaster,FALSE,NA,NA,NA,NA,NA,NA,NA,NA,NA,NA,NA,NA,Pungitius platygaster,Fish
5739510,"Pungitius pungitius (Linnaeus, 1758)",Pungitius pungitius,"(Linnaeus, 1758)",SPECIES,ZOOLOGICAL,ACCEPTED,Pungitius,pungitius,SCIENTIFIC,"<i>Pungitius</i> <i>pungitius</i> (Linnaeus, 1758)",EXACT,99,9,Animalia,Chordata,Gasterosteiformes,Gasterosteidae,Pungitius,Pungitius pungitius,1,44,550,7666,5204682,5739510,FALSE,Pungitius pungitius,FALSE,NA,NA,NA,NA,NA,NA,NA,NA,NA,NA,NA,NA,Pungitius pungitius,Fish
2367018,"Pungtungia herzi Herzenstein, 1892",Pungtungia herzi,"Herzenstein, 1892",SPECIES,ZOOLOGICAL,ACCEPTED,Pungtungia,herzi,SCIENTIFIC,"<i>Pungtungia</i> <i>herzi</i> Herzenstein, 1892",EXACT,99,13,Animalia,Chordata,Cypriniformes,Cyprinidae,Pungtungia,Pungtungia herzi,1,44,1153,7336,2367017,2367018,FALSE,Pungtungia herzi,FALSE,NA,NA,NA,NA,NA,NA,NA,NA,NA,NA,NA,NA,Pungtungia herzi,Fish
8015152,"Puntigrus partipentazona (Fowler, 1934)",Puntigrus partipentazona,"(Fowler, 1934)",SPECIES,ZOOLOGICAL,ACCEPTED,Puntigrus,partipentazona,SCIENTIFIC,"<i>Puntigrus</i> <i>partipentazona</i> (Fowler, 1934)",EXACT,99,14,Animalia,Chordata,Cypriniformes,Cyprinidae,Puntigrus,Puntigrus partipentazona,1,44,1153,7336,8069699,8015152,FALSE,Puntigrus partipentazona,FALSE,NA,NA,NA,NA,NA,NA,NA,NA,NA,NA,NA,NA,Puntigrus partipentazona,Fish
8214163,"Puntigrus tetrazona (Bleeker, 1855)",Puntigrus tetrazona,"(Bleeker, 1855)",SPECIES,ZOOLOGICAL,ACCEPTED,Puntigrus,tetrazona,SCIENTIFIC,"<i>Puntigrus</i> <i>tetrazona</i> (Bleeker, 1855)",EXACT,99,13,Animalia,Chordata,Cypriniformes,Cyprinidae,Puntigrus,Puntigrus tetrazona,1,44,1153,7336,8069699,8214163,FALSE,Puntigrus tetrazona,FALSE,NA,NA,NA,NA,NA,NA,NA,NA,NA,NA,NA,NA,Puntigrus tetrazona,Fish
2363862,"Puntius sealei (Herre, 1933)",Puntius sealei,"(Herre, 1933)",SPECIES,ZOOLOGICAL,ACCEPTED,Puntius,sealei,SCIENTIFIC,"<i>Puntius</i> <i>sealei</i> (Herre, 1933)",EXACT,99,9,Animalia,Chordata,Cypriniformes,Cyprinidae,Puntius,Puntius sealei,1,44,1153,7336,2363821,2363862,FALSE,Puntius sealei,FALSE,NA,NA,NA,NA,NA,NA,NA,NA,NA,NA,NA,NA,Puntius sealei,Fish
2364223,"Puntius titteya Deraniyagala, 1929",Puntius titteya,"Deraniyagala, 1929",SPECIES,ZOOLOGICAL,ACCEPTED,Puntius,titteya,SCIENTIFIC,"<i>Puntius</i> <i>titteya</i> Deraniyagala, 1929",EXACT,99,9,Animalia,Chordata,Cypriniformes,Cyprinidae,Puntius,Puntius titteya,1,44,1153,7336,2363821,2364223,FALSE,Puntius titteya,FALSE,NA,NA,NA,NA,NA,NA,NA,NA,NA,NA,NA,NA,Puntius titteya,Fish
2364244,"Puntius vittatus Day, 1865",Puntius vittatus,"Day, 1865",SPECIES,ZOOLOGICAL,ACCEPTED,Puntius,vittatus,SCIENTIFIC,"<i>Puntius</i> <i>vittatus</i> Day, 1865",EXACT,97,8,Animalia,Chordata,Cypriniformes,Cyprinidae,Puntius,Puntius vittatus,1,44,1153,7336,2363821,2364244,FALSE,Puntius vittatus,FALSE,NA,NA,NA,NA,NA,NA,NA,NA,NA,NA,NA,NA,Puntius vittatus,Fish
2287951,"Pyganodon grandis (Say, 1829)",Pyganodon grandis,"(Say, 1829)",SPECIES,ZOOLOGICAL,ACCEPTED,Pyganodon,grandis,SCIENTIFIC,"<i>Pyganodon</i> <i>grandis</i> (Say, 1829)",EXACT,99,9,Animalia,Mollusca,Unionida,Unionidae,Pyganodon,Pyganodon grandis,1,52,9301143,3461,2287950,2287951,FALSE,Pyganodon grandis,FALSE,Bivalvia,137,NA,NA,NA,NA,NA,NA,NA,NA,NA,NA,Pyganodon grandis,Bivalve
2352463,"Pygocentrus cariba (Humboldt, 1821)",Pygocentrus cariba,"(Humboldt, 1821)",SPECIES,ZOOLOGICAL,ACCEPTED,Pygocentrus,cariba,SCIENTIFIC,"<i>Pygocentrus</i> <i>cariba</i> (Humboldt, 1821)",EXACT,99,14,Animalia,Chordata,Characiformes,Serrasalmidae,Pygocentrus,Pygocentrus cariba,1,44,537,4287106,2352461,2352463,FALSE,Pygocentrus cariba,FALSE,NA,NA,NA,NA,NA,NA,NA,NA,NA,NA,NA,NA,Pygocentrus cariba,Fish
2352479,"Pygocentrus nattereri Kner, 1858",Pygocentrus nattereri,"Kner, 1858",SPECIES,ZOOLOGICAL,ACCEPTED,Pygocentrus,nattereri,SCIENTIFIC,"<i>Pygocentrus</i> <i>nattereri</i> Kner, 1858",EXACT,99,13,Animalia,Chordata,Characiformes,Serrasalmidae,Pygocentrus,Pygocentrus nattereri,1,44,537,4287106,2352461,2352479,FALSE,Pygocentrus nattereri,FALSE,NA,NA,NA,NA,NA,NA,NA,NA,NA,NA,NA,NA,Pygocentrus nattereri,Fish
2354698,"Pygopristis denticulata (Cuvier, 1819)",Pygopristis denticulata,"(Cuvier, 1819)",SPECIES,ZOOLOGICAL,ACCEPTED,Pygopristis,denticulata,SCIENTIFIC,"<i>Pygopristis</i> <i>denticulata</i> (Cuvier, 1819)",EXACT,99,12,Animalia,Chordata,Characiformes,Serrasalmidae,Pygopristis,Pygopristis denticulata,1,44,537,4287106,2354697,2354698,FALSE,Pygopristis denticulata,FALSE,NA,NA,NA,NA,NA,NA,NA,NA,NA,NA,NA,NA,Pygopristis denticulata,Fish
2341077,"Pylodictis olivaris (Rafinesque, 1818)",Pylodictis olivaris,"(Rafinesque, 1818)",SPECIES,ZOOLOGICAL,ACCEPTED,Pylodictis,olivaris,SCIENTIFIC,"<i>Pylodictis</i> <i>olivaris</i> (Rafinesque, 1818)",EXACT,99,11,Animalia,Chordata,Siluriformes,Ictaluridae,Pylodictis,Pylodictis olivaris,1,44,708,5153,2341076,2341077,FALSE,Pylodictis olivaris,FALSE,NA,NA,NA,NA,NA,NA,NA,NA,NA,NA,NA,NA,Pylodictis olivaris,Fish
4361884,"Pyrgophorus coronatus (L.Pfeiffer, 1840)",Pyrgophorus coronatus,"(L.Pfeiffer, 1840)",SPECIES,ZOOLOGICAL,ACCEPTED,Pyrgophorus,coronatus,SCIENTIFIC,"<i>Pyrgophorus</i> <i>coronatus</i> (L.Pfeiffer, 1840)",EXACT,99,11,Animalia,Mollusca,Littorinimorpha,Cochliopidae,Pyrgophorus,Pyrgophorus coronatus,1,52,7390893,5784108,2299855,4361884,FALSE,Pyrgophorus coronatus,FALSE,Gastropoda,225,NA,NA,NA,NA,NA,NA,NA,NA,NA,NA,Pyrgophorus coronatus,Gastropod
2355670,"Pyrrhulina laeta (Cope, 1872)",Pyrrhulina laeta,"(Cope, 1872)",SPECIES,ZOOLOGICAL,ACCEPTED,Pyrrhulina,laeta,SCIENTIFIC,"<i>Pyrrhulina</i> <i>laeta</i> (Cope, 1872)",EXACT,99,9,Animalia,Chordata,Characiformes,Lebiasinidae,Pyrrhulina,Pyrrhulina laeta,1,44,537,3380,2355660,2355670,FALSE,Pyrrhulina laeta,FALSE,NA,NA,NA,NA,NA,NA,NA,NA,NA,NA,NA,NA,Pyrrhulina laeta,Fish
10433559,"Racesina luteola (Lamarck, 1822)",Racesina luteola,"(Lamarck, 1822)",SPECIES,ZOOLOGICAL,ACCEPTED,Racesina,luteola,SCIENTIFIC,"<i>Racesina</i> <i>luteola</i> (Lamarck, 1822)",EXACT,99,8,Animalia,Mollusca,NA,Lymnaeidae,Racesina,Racesina luteola,1,52,NA,2852,10098896,10433559,FALSE,Racesina luteola,FALSE,Gastropoda,225,NA,NA,NA,NA,NA,NA,NA,NA,NA,NA,Racesina luteola,Gastropod
5189888,"Radix auricularia (Linnaeus, 1758)",Radix auricularia,"(Linnaeus, 1758)",SPECIES,ZOOLOGICAL,ACCEPTED,Radix,auricularia,SCIENTIFIC,"<i>Radix</i> <i>auricularia</i> (Linnaeus, 1758)",EXACT,99,9,Animalia,Mollusca,NA,Lymnaeidae,Radix,Radix auricularia,1,52,NA,2852,2291289,5189888,FALSE,Radix auricularia,FALSE,Gastropoda,225,NA,NA,NA,NA,NA,NA,NA,NA,NA,NA,Radix auricularia,Gastropod
7384449,"Radix rubiginosa (Michelin, 1831)",Radix rubiginosa,"(Michelin, 1831)",SPECIES,ZOOLOGICAL,ACCEPTED,Radix,rubiginosa,SCIENTIFIC,"<i>Radix</i> <i>rubiginosa</i> (Michelin, 1831)",EXACT,99,9,Animalia,Mollusca,NA,Lymnaeidae,Radix,Radix rubiginosa,1,52,NA,2852,2291289,7384449,FALSE,Radix rubiginosa,FALSE,Gastropoda,225,NA,NA,NA,NA,NA,NA,NA,NA,NA,NA,Radix rubiginosa,Gastropod
3033464,Ranunculus aquatilis L.,Ranunculus aquatilis,L.,SPECIES,NA,ACCEPTED,Ranunculus,aquatilis,SCIENTIFIC,<i>Ranunculus</i> <i>aquatilis</i> L.,EXACT,97,15,Plantae,Tracheophyta,Ranunculales,Ranunculaceae,Ranunculus,Ranunculus aquatilis,6,7707728,399,2410,3033294,3033464,FALSE,Ranunculus aquatilis,FALSE,Magnoliopsida,220,NA,NA,NA,NA,NA,NA,NA,NA,NA,NA,Ranunculus aquatilis,Plant (strict freshwater habitat tag only)
2359536,"Rasbora borapetensis Smith, 1934",Rasbora borapetensis,"Smith, 1934",SPECIES,ZOOLOGICAL,ACCEPTED,Rasbora,borapetensis,SCIENTIFIC,"<i>Rasbora</i> <i>borapetensis</i> Smith, 1934",EXACT,99,10,Animalia,Chordata,Cypriniformes,Cyprinidae,Rasbora,Rasbora borapetensis,1,44,1153,7336,2359495,2359536,FALSE,Rasbora borapetensis,FALSE,NA,NA,NA,NA,NA,NA,NA,NA,NA,NA,NA,NA,Rasbora borapetensis,Fish
2359627,"Rasbora trilineata Steindachner, 1870",Rasbora trilineata,"Steindachner, 1870",SPECIES,ZOOLOGICAL,ACCEPTED,Rasbora,trilineata,SCIENTIFIC,"<i>Rasbora</i> <i>trilineata</i> Steindachner, 1870",EXACT,99,10,Animalia,Chordata,Cypriniformes,Cyprinidae,Rasbora,Rasbora trilineata,1,44,1153,7336,2359495,2359627,FALSE,Rasbora trilineata,FALSE,NA,NA,NA,NA,NA,NA,NA,NA,NA,NA,NA,NA,Rasbora trilineata,Fish
2361166,"Rastrineobola argentea (Pellegrin, 1904)",Rastrineobola argentea,"(Pellegrin, 1904)",SPECIES,ZOOLOGICAL,ACCEPTED,Rastrineobola,argentea,SCIENTIFIC,"<i>Rastrineobola</i> <i>argentea</i> (Pellegrin, 1904)",EXACT,99,12,Animalia,Chordata,Cypriniformes,Cyprinidae,Rastrineobola,Rastrineobola argentea,1,44,1153,7336,2361165,2361166,FALSE,Rastrineobola argentea,FALSE,NA,NA,NA,NA,NA,NA,NA,NA,NA,NA,NA,NA,Rastrineobola argentea,Fish
2365826,"Relictus solitarius Hubbs & Miller, 1972",Relictus solitarius,"Hubbs & Miller, 1972",SPECIES,ZOOLOGICAL,ACCEPTED,Relictus,solitarius,SCIENTIFIC,"<i>Relictus</i> <i>solitarius</i> Hubbs & Miller, 1972",EXACT,99,11,Animalia,Chordata,Cypriniformes,Cyprinidae,Relictus,Relictus solitarius,1,44,1153,7336,1011633,2365826,FALSE,Relictus solitarius,FALSE,NA,NA,NA,NA,NA,NA,NA,NA,NA,NA,NA,NA,Relictus solitarius,Fish
2343735,"Rhamdia quelen (Quoy & Gaimard, 1824)",Rhamdia quelen,"(Quoy & Gaimard, 1824)",SPECIES,ZOOLOGICAL,ACCEPTED,Rhamdia,quelen,SCIENTIFIC,"<i>Rhamdia</i> <i>quelen</i> (Quoy & Gaimard, 1824)",EXACT,99,8,Animalia,Chordata,Siluriformes,Heptapteridae,Rhamdia,Rhamdia quelen,1,44,708,9226,2338759,2343735,FALSE,Rhamdia quelen,FALSE,NA,NA,NA,NA,NA,NA,NA,NA,NA,NA,NA,NA,Rhamdia quelen,Fish
2359823,"Rhinichthys atratulus (Hermann, 1804)",Rhinichthys atratulus,"(Hermann, 1804)",SPECIES,ZOOLOGICAL,ACCEPTED,Rhinichthys,atratulus,SCIENTIFIC,"<i>Rhinichthys</i> <i>atratulus</i> (Hermann, 1804)",EXACT,99,10,Animalia,Chordata,Cypriniformes,Cyprinidae,Rhinichthys,Rhinichthys atratulus,1,44,1153,7336,2359788,2359823,FALSE,Rhinichthys atratulus,FALSE,NA,NA,NA,NA,NA,NA,NA,NA,NA,NA,NA,NA,Rhinichthys atratulus,Fish
2359811,"Rhinichthys cataractae (Valenciennes, 1842)",Rhinichthys cataractae,"(Valenciennes, 1842)",SPECIES,ZOOLOGICAL,ACCEPTED,Rhinichthys,cataractae,SCIENTIFIC,"<i>Rhinichthys</i> <i>cataractae</i> (Valenciennes, 1842)",EXACT,99,11,Animalia,Chordata,Cypriniformes,Cyprinidae,Rhinichthys,Rhinichthys cataractae,1,44,1153,7336,2359788,2359811,FALSE,Rhinichthys cataractae,FALSE,NA,NA,NA,NA,NA,NA,NA,NA,NA,NA,NA,NA,Rhinichthys cataractae,Fish
2359791,"Rhinichthys osculus (Girard, 1856)",Rhinichthys osculus,"(Girard, 1856)",SPECIES,ZOOLOGICAL,ACCEPTED,Rhinichthys,osculus,SCIENTIFIC,"<i>Rhinichthys</i> <i>osculus</i> (Girard, 1856)",EXACT,99,9,Animalia,Chordata,Cypriniformes,Cyprinidae,Rhinichthys,Rhinichthys osculus,1,44,1153,7336,2359788,2359791,FALSE,Rhinichthys osculus,FALSE,NA,NA,NA,NA,NA,NA,NA,NA,NA,NA,NA,NA,Rhinichthys osculus,Fish
4287014,"Rhinichthys osculus klamathensis Evermann & Meek, 1898",Rhinichthys osculus klamathensis,"Evermann & Meek, 1898",SUBSPECIES,ZOOLOGICAL,SYNONYM,Rhinichthys,osculus,SCIENTIFIC,"<i>Rhinichthys</i> <i>osculus</i> <i>klamathensis</i> Evermann & Meek, 1898",EXACT,100,15,Animalia,Chordata,Cypriniformes,Cyprinidae,Rhinichthys,Rhinichthys osculus,1,44,1153,7336,2359788,2359791,TRUE,"Rhinichthys osculus klamathensis (Evermann & Meek, 1898)",FALSE,NA,NA,NA,klamathensis,NA,NA,NA,NA,2359791,"Rhinichthys osculus (Girard, 1856)",NA,NA,"Rhinichthys osculus klamathensis (Evermann & Meek, 1898)",Fish
4287011,"Rhinichthys osculus robustus (Rutter, 1903)",Rhinichthys osculus robustus,"(Rutter, 1903)",SUBSPECIES,ZOOLOGICAL,ACCEPTED,Rhinichthys,osculus,SCIENTIFIC,"<i>Rhinichthys</i> <i>osculus</i> <i>robustus</i> (Rutter, 1903)",EXACT,98,12,Animalia,Chordata,Cypriniformes,Cyprinidae,Rhinichthys,Rhinichthys osculus,1,44,1153,7336,2359788,2359791,FALSE,Rhinichthys osculus robustus,FALSE,NA,NA,NA,robustus,Rhinichthys osculus robustus,4287011,NA,NA,NA,NA,NA,NA,Rhinichthys osculus robustus,Fish
2377583,"Rhinogobius brunneus (Temminck & Schlegel, 1845)",Rhinogobius brunneus,"(Temminck & Schlegel, 1845)",SPECIES,ZOOLOGICAL,ACCEPTED,Rhinogobius,brunneus,SCIENTIFIC,"<i>Rhinogobius</i> <i>brunneus</i> (Temminck & Schlegel, 1845)",EXACT,99,9,Animalia,Chordata,Perciformes,Gobiidae,Rhinogobius,Rhinogobius brunneus,1,44,587,4274,2377576,2377583,FALSE,Rhinogobius brunneus,FALSE,NA,NA,NA,NA,NA,NA,NA,NA,NA,NA,NA,NA,Rhinogobius brunneus,Fish
2377624,"Rhinogobius giurinus (Rutter, 1897)",Rhinogobius giurinus,"(Rutter, 1897)",SPECIES,ZOOLOGICAL,ACCEPTED,Rhinogobius,giurinus,SCIENTIFIC,"<i>Rhinogobius</i> <i>giurinus</i> (Rutter, 1897)",EXACT,99,9,Animalia,Chordata,Perciformes,Gobiidae,Rhinogobius,Rhinogobius giurinus,1,44,587,4274,2377576,2377624,FALSE,Rhinogobius giurinus,FALSE,NA,NA,NA,NA,NA,NA,NA,NA,NA,NA,NA,NA,Rhinogobius giurinus,Fish
11174973,"Rhinogobius kurodai (Tanaka, 1908)",Rhinogobius kurodai,"(Tanaka, 1908)",SPECIES,ZOOLOGICAL,ACCEPTED,Rhinogobius,kurodai,SCIENTIFIC,"<i>Rhinogobius</i> <i>kurodai</i> (Tanaka, 1908)",EXACT,99,10,Animalia,Chordata,Perciformes,Gobiidae,Rhinogobius,Rhinogobius kurodai,1,44,587,4274,2377576,11174973,FALSE,Rhinogobius kurodai,FALSE,NA,NA,NA,NA,NA,NA,NA,NA,NA,NA,NA,NA,Rhinogobius kurodai,Fish
2377618,"Rhinogobius lindbergi Berg, 1933",Rhinogobius lindbergi,"Berg, 1933",SPECIES,ZOOLOGICAL,ACCEPTED,Rhinogobius,lindbergi,SCIENTIFIC,"<i>Rhinogobius</i> <i>lindbergi</i> Berg, 1933",EXACT,99,12,Animalia,Chordata,Perciformes,Gobiidae,Rhinogobius,Rhinogobius lindbergi,1,44,587,4274,2377576,2377618,FALSE,Rhinogobius lindbergi,FALSE,NA,NA,NA,NA,NA,NA,NA,NA,NA,NA,NA,NA,Rhinogobius lindbergi,Fish
2377652,"Rhinogobius similis Gill, 1859",Rhinogobius similis,"Gill, 1859",SPECIES,ZOOLOGICAL,ACCEPTED,Rhinogobius,similis,SCIENTIFIC,"<i>Rhinogobius</i> <i>similis</i> Gill, 1859",EXACT,97,10,Animalia,Chordata,Perciformes,Gobiidae,Rhinogobius,Rhinogobius similis,1,44,587,4274,2377576,2377652,FALSE,Rhinogobius similis,FALSE,NA,NA,NA,NA,NA,NA,NA,NA,NA,NA,NA,NA,Rhinogobius similis,Fish
2227663,"Rhithropanopeus harrisii (Gould, 1841)",Rhithropanopeus harrisii,"(Gould, 1841)",SPECIES,ZOOLOGICAL,ACCEPTED,Rhithropanopeus,harrisii,SCIENTIFIC,"<i>Rhithropanopeus</i> <i>harrisii</i> (Gould, 1841)",EXACT,99,10,Animalia,Arthropoda,Decapoda,Panopeidae,Rhithropanopeus,Rhithropanopeus harrisii,1,54,637,4536,2227662,2227663,FALSE,Rhithropanopeus harrisii,FALSE,Malacostraca,229,NA,NA,NA,NA,NA,NA,NA,NA,NA,NA,Rhithropanopeus harrisii,Crayfish/crab (Malacostraca)
2360842,"Rhodeus amarus (Bloch, 1782)",Rhodeus amarus,"(Bloch, 1782)",SPECIES,ZOOLOGICAL,ACCEPTED,Rhodeus,amarus,SCIENTIFIC,"<i>Rhodeus</i> <i>amarus</i> (Bloch, 1782)",EXACT,99,5,Animalia,Chordata,Cypriniformes,Cyprinidae,Rhodeus,Rhodeus amarus,1,44,1153,7336,2360802,2360842,FALSE,Rhodeus amarus,FALSE,NA,NA,NA,NA,NA,NA,NA,NA,NA,NA,NA,NA,Rhodeus amarus,Fish
4286934,"Rhodeus ocellatus (Kner, 1866)",Rhodeus ocellatus,"(Kner, 1866)",SPECIES,ZOOLOGICAL,ACCEPTED,Rhodeus,ocellatus,SCIENTIFIC,"<i>Rhodeus</i> <i>ocellatus</i> (Kner, 1866)",EXACT,99,8,Animalia,Chordata,Cypriniformes,Cyprinidae,Rhodeus,Rhodeus ocellatus,1,44,1153,7336,2360802,4286934,FALSE,Rhodeus ocellatus,FALSE,NA,NA,NA,NA,NA,NA,NA,NA,NA,NA,NA,NA,Rhodeus ocellatus,Fish
2360803,"Rhodeus sericeus (Pallas, 1776)",Rhodeus sericeus,"(Pallas, 1776)",SPECIES,ZOOLOGICAL,ACCEPTED,Rhodeus,sericeus,SCIENTIFIC,"<i>Rhodeus</i> <i>sericeus</i> (Pallas, 1776)",EXACT,99,7,Animalia,Chordata,Cypriniformes,Cyprinidae,Rhodeus,Rhodeus sericeus,1,44,1153,7336,2360802,2360803,FALSE,Rhodeus sericeus,FALSE,NA,NA,NA,NA,NA,NA,NA,NA,NA,NA,NA,NA,Rhodeus sericeus,Fish
2360841,"Rhodeus sinensis Günther, 1868",Rhodeus sinensis,"Günther, 1868",SPECIES,ZOOLOGICAL,ACCEPTED,Rhodeus,sinensis,SCIENTIFIC,"<i>Rhodeus</i> <i>sinensis</i> Günther, 1868",EXACT,99,4,Animalia,Chordata,Cypriniformes,Cyprinidae,Rhodeus,Rhodeus sinensis,1,44,1153,7336,2360802,2360841,FALSE,Rhodeus sinensis,FALSE,NA,NA,NA,NA,NA,NA,NA,NA,NA,NA,NA,NA,Rhodeus sinensis,Fish
8244689,Riccia fluitans L.,Riccia fluitans,L.,SPECIES,NA,ACCEPTED,Riccia,fluitans,SCIENTIFIC,<i>Riccia</i> <i>fluitans</i> L.,EXACT,99,7,Plantae,Marchantiophyta,Marchantiales,Ricciaceae,Riccia,Riccia fluitans,6,9,376,2259,2688639,8244689,FALSE,Riccia fluitans,FALSE,Marchantiopsida,125,NA,NA,NA,NA,NA,NA,NA,NA,NA,NA,Riccia fluitans,Plant (strict freshwater habitat tag only)
2688638,Ricciocarpos natans (L.) Corda,Ricciocarpos natans,(L.) Corda,SPECIES,BOTANICAL,ACCEPTED,Ricciocarpos,natans,SCIENTIFIC,<i>Ricciocarpos</i> <i>natans</i> (L.) Corda,EXACT,99,11,Plantae,Marchantiophyta,Marchantiales,Ricciaceae,Ricciocarpos,Ricciocarpos natans,6,9,376,2259,2688637,2688638,FALSE,Ricciocarpos natans,FALSE,Marchantiopsida,125,NA,NA,NA,NA,NA,NA,NA,NA,NA,NA,Ricciocarpos natans,Plant (strict freshwater habitat tag only)
2362399,"Richardsonius balteatus (Richardson, 1836)",Richardsonius balteatus,"(Richardson, 1836)",SPECIES,ZOOLOGICAL,ACCEPTED,Richardsonius,balteatus,SCIENTIFIC,"<i>Richardsonius</i> <i>balteatus</i> (Richardson, 1836)",EXACT,99,11,Animalia,Chordata,Cypriniformes,Cyprinidae,Richardsonius,Richardsonius balteatus,1,44,1153,7336,2362393,2362399,FALSE,Richardsonius balteatus,FALSE,NA,NA,NA,NA,NA,NA,NA,NA,NA,NA,NA,NA,Richardsonius balteatus,Fish
6166844,"Richardsonius balteatus hydrophlox (Cope, 1872)",Richardsonius balteatus hydrophlox,"(Cope, 1872)",SUBSPECIES,ZOOLOGICAL,SYNONYM,Richardsonius,balteatus,SCIENTIFIC,"<i>Richardsonius</i> <i>balteatus</i> <i>hydrophlox</i> (Cope, 1872)",EXACT,100,18,Animalia,Chordata,Cypriniformes,Cyprinidae,Richardsonius,Richardsonius balteatus,1,44,1153,7336,2362393,2362399,TRUE,"Richardsonius balteatus hydrophlox (Cope, 1872)",FALSE,NA,NA,NA,hydrophlox,NA,NA,NA,NA,2362399,"Richardsonius balteatus (Richardson, 1836)",NA,NA,"Richardsonius balteatus hydrophlox (Cope, 1872)",Fish
2362394,"Richardsonius egregius (Girard, 1858)",Richardsonius egregius,"(Girard, 1858)",SPECIES,ZOOLOGICAL,ACCEPTED,Richardsonius,egregius,SCIENTIFIC,"<i>Richardsonius</i> <i>egregius</i> (Girard, 1858)",EXACT,99,10,Animalia,Chordata,Cypriniformes,Cyprinidae,Richardsonius,Richardsonius egregius,1,44,1153,7336,2362393,2362394,FALSE,Richardsonius egregius,FALSE,NA,NA,NA,NA,NA,NA,NA,NA,NA,NA,NA,NA,Richardsonius egregius,Fish
2369703,"Rocio octofasciata (Regan, 1903)",Rocio octofasciata,"(Regan, 1903)",SPECIES,ZOOLOGICAL,ACCEPTED,Rocio,octofasciata,SCIENTIFIC,"<i>Rocio</i> <i>octofasciata</i> (Regan, 1903)",EXACT,99,9,Animalia,Chordata,Perciformes,Cichlidae,Rocio,Rocio octofasciata,1,44,587,8522,2369702,2369703,FALSE,Rocio octofasciata,FALSE,NA,NA,NA,NA,NA,NA,NA,NA,NA,NA,NA,NA,Rocio octofasciata,Fish
2360795,"Romanogobio belingi (Slastenenko, 1934)",Romanogobio belingi,"(Slastenenko, 1934)",SPECIES,ZOOLOGICAL,ACCEPTED,Romanogobio,belingi,SCIENTIFIC,"<i>Romanogobio</i> <i>belingi</i> (Slastenenko, 1934)",EXACT,99,9,Animalia,Chordata,Cypriniformes,Cyprinidae,Romanogobio,Romanogobio belingi,1,44,1153,7336,2360736,2360795,FALSE,Romanogobio belingi,FALSE,NA,NA,NA,NA,NA,NA,NA,NA,NA,NA,NA,NA,Romanogobio belingi,Fish
2359678,"Rutilus frisii (Nordmann, 1840)",Rutilus frisii,"(Nordmann, 1840)",SPECIES,ZOOLOGICAL,ACCEPTED,Rutilus,frisii,SCIENTIFIC,"<i>Rutilus</i> <i>frisii</i> (Nordmann, 1840)",EXACT,99,6,Animalia,Chordata,Cypriniformes,Cyprinidae,Rutilus,Rutilus frisii,1,44,1153,7336,2359646,2359678,FALSE,Rutilus frisii,FALSE,NA,NA,NA,NA,NA,NA,NA,NA,NA,NA,NA,NA,Rutilus frisii,Fish
2359706,"Rutilus rutilus (Linnaeus, 1758)",Rutilus rutilus,"(Linnaeus, 1758)",SPECIES,ZOOLOGICAL,ACCEPTED,Rutilus,rutilus,SCIENTIFIC,"<i>Rutilus</i> <i>rutilus</i> (Linnaeus, 1758)",EXACT,99,6,Animalia,Chordata,Cypriniformes,Cyprinidae,Rutilus,Rutilus rutilus,1,44,1153,7336,2359646,2359706,FALSE,Rutilus rutilus,FALSE,NA,NA,NA,NA,NA,NA,NA,NA,NA,NA,NA,NA,Rutilus rutilus,Fish
5329149,Sagittaria brevirostra Mack. & Bush,Sagittaria brevirostra,Mack. & Bush,SPECIES,NA,ACCEPTED,Sagittaria,brevirostra,SCIENTIFIC,<i>Sagittaria</i> <i>brevirostra</i> Mack. & Bush,EXACT,99,12,Plantae,Tracheophyta,Alismatales,Alismataceae,Sagittaria,Sagittaria brevirostra,6,7707728,551,3720,2766037,5329149,FALSE,Sagittaria brevirostra,FALSE,Liliopsida,196,NA,NA,NA,NA,NA,NA,NA,NA,NA,NA,Sagittaria brevirostra,Plant (strict freshwater habitat tag only)
5329038,Sagittaria graminea Michx.,Sagittaria graminea,Michx.,SPECIES,NA,ACCEPTED,Sagittaria,graminea,SCIENTIFIC,<i>Sagittaria</i> <i>graminea</i> Michx.,EXACT,99,6,Plantae,Tracheophyta,Alismatales,Alismataceae,Sagittaria,Sagittaria graminea,6,7707728,551,3720,2766037,5329038,FALSE,Sagittaria graminea,FALSE,Liliopsida,196,NA,NA,NA,NA,NA,NA,NA,NA,NA,NA,Sagittaria graminea,Plant (strict freshwater habitat tag only)
5329039,Sagittaria graminea subsp. weatherbiana (Fernald) R.R.Haynes & Hellq.,Sagittaria graminea weatherbiana,(Fernald) R.R.Haynes & Hellq.,SUBSPECIES,BOTANICAL,ACCEPTED,Sagittaria,graminea,SCIENTIFIC,<i>Sagittaria</i> <i>graminea</i> subsp. <i>weatherbiana</i> (Fernald) R.R.Haynes & Hellq.,EXACT,97,17,Plantae,Tracheophyta,Alismatales,Alismataceae,Sagittaria,Sagittaria graminea,6,7707728,551,3720,2766037,5329038,FALSE,Sagittaria graminea weatherbiana,FALSE,Liliopsida,196,NA,weatherbiana,Sagittaria graminea weatherbiana,5329039,NA,NA,NA,NA,NA,NA,Sagittaria graminea weatherbiana,Plant (strict freshwater habitat tag only)
5329055,Sagittaria guayanensis Kunth,Sagittaria guayanensis,Kunth,SPECIES,NA,ACCEPTED,Sagittaria,guayanensis,SCIENTIFIC,<i>Sagittaria</i> <i>guayanensis</i> Kunth,EXACT,99,11,Plantae,Tracheophyta,Alismatales,Alismataceae,Sagittaria,Sagittaria guayanensis,6,7707728,551,3720,2766037,5329055,FALSE,Sagittaria guayanensis,FALSE,Liliopsida,196,NA,NA,NA,NA,NA,NA,NA,NA,NA,NA,Sagittaria guayanensis,Plant (strict freshwater habitat tag only)
5328895,Sagittaria lancifolia L.,Sagittaria lancifolia,L.,SPECIES,NA,ACCEPTED,Sagittaria,lancifolia,SCIENTIFIC,<i>Sagittaria</i> <i>lancifolia</i> L.,EXACT,97,13,Plantae,Tracheophyta,Alismatales,Alismataceae,Sagittaria,Sagittaria lancifolia,6,7707728,551,3720,2766037,5328895,FALSE,Sagittaria lancifolia,FALSE,Liliopsida,196,NA,NA,NA,NA,NA,NA,NA,NA,NA,NA,Sagittaria lancifolia,Plant (strict freshwater habitat tag only)
5328909,Sagittaria latifolia Willd.,Sagittaria latifolia,Willd.,SPECIES,NA,ACCEPTED,Sagittaria,latifolia,SCIENTIFIC,<i>Sagittaria</i> <i>latifolia</i> Willd.,EXACT,99,15,Plantae,Tracheophyta,Alismatales,Alismataceae,Sagittaria,Sagittaria latifolia,6,7707728,551,3720,2766037,5328909,FALSE,Sagittaria latifolia,FALSE,Liliopsida,196,NA,NA,NA,NA,NA,NA,NA,NA,NA,NA,Sagittaria latifolia,Plant (strict freshwater habitat tag only)
5329111,Sagittaria montevidensis Cham. & Schltdl.,Sagittaria montevidensis,Cham. & Schltdl.,SPECIES,NA,ACCEPTED,Sagittaria,montevidensis,SCIENTIFIC,<i>Sagittaria</i> <i>montevidensis</i> Cham. & Schltdl.,EXACT,99,12,Plantae,Tracheophyta,Alismatales,Alismataceae,Sagittaria,Sagittaria montevidensis,6,7707728,551,3720,2766037,5329111,FALSE,Sagittaria montevidensis,FALSE,Liliopsida,196,NA,NA,NA,NA,NA,NA,NA,NA,NA,NA,Sagittaria montevidensis,Plant (strict freshwater habitat tag only)
5329007,Sagittaria platyphylla (Engelm.) J.G.Sm.,Sagittaria platyphylla,(Engelm.) J.G.Sm.,SPECIES,BOTANICAL,ACCEPTED,Sagittaria,platyphylla,SCIENTIFIC,<i>Sagittaria</i> <i>platyphylla</i> (Engelm.) J.G.Sm.,EXACT,99,10,Plantae,Tracheophyta,Alismatales,Alismataceae,Sagittaria,Sagittaria platyphylla,6,7707728,551,3720,2766037,5329007,FALSE,Sagittaria platyphylla,FALSE,Liliopsida,196,NA,NA,NA,NA,NA,NA,NA,NA,NA,NA,Sagittaria platyphylla,Plant (strict freshwater habitat tag only)
5329027,Sagittaria rigida Pursh,Sagittaria rigida,Pursh,SPECIES,NA,ACCEPTED,Sagittaria,rigida,SCIENTIFIC,<i>Sagittaria</i> <i>rigida</i> Pursh,EXACT,99,4,Plantae,Tracheophyta,Alismatales,Alismataceae,Sagittaria,Sagittaria rigida,6,7707728,551,3720,2766037,5329027,FALSE,Sagittaria rigida,FALSE,Liliopsida,196,NA,NA,NA,NA,NA,NA,NA,NA,NA,NA,Sagittaria rigida,Plant (strict freshwater habitat tag only)
5328882,Sagittaria sagittifolia L.,Sagittaria sagittifolia,L.,SPECIES,NA,ACCEPTED,Sagittaria,sagittifolia,SCIENTIFIC,<i>Sagittaria</i> <i>sagittifolia</i> L.,EXACT,98,13,Plantae,Tracheophyta,Alismatales,Alismataceae,Sagittaria,Sagittaria sagittifolia,6,7707728,551,3720,2766037,5328882,FALSE,Sagittaria sagittifolia,FALSE,Liliopsida,196,NA,NA,NA,NA,NA,NA,NA,NA,NA,NA,Sagittaria sagittifolia,Plant (strict freshwater habitat tag only)
5329014,Sagittaria subulata (L.) Buchenau,Sagittaria subulata,(L.) Buchenau,SPECIES,BOTANICAL,ACCEPTED,Sagittaria,subulata,SCIENTIFIC,<i>Sagittaria</i> <i>subulata</i> (L.) Buchenau,EXACT,98,6,Plantae,Tracheophyta,Alismatales,Alismataceae,Sagittaria,Sagittaria subulata,6,7707728,551,3720,2766037,5329014,FALSE,Sagittaria subulata,FALSE,Liliopsida,196,NA,NA,NA,NA,NA,NA,NA,NA,NA,NA,Sagittaria subulata,Plant (strict freshwater habitat tag only)
5328972,Sagittaria trifolia L.,Sagittaria trifolia,L.,SPECIES,NA,ACCEPTED,Sagittaria,trifolia,SCIENTIFIC,<i>Sagittaria</i> <i>trifolia</i> L.,EXACT,99,14,Plantae,Tracheophyta,Alismatales,Alismataceae,Sagittaria,Sagittaria trifolia,6,7707728,551,3720,2766037,5328972,FALSE,Sagittaria trifolia,FALSE,Liliopsida,196,NA,NA,NA,NA,NA,NA,NA,NA,NA,NA,Sagittaria trifolia,Plant (strict freshwater habitat tag only)
7193469,"Salmo abanticus Tortonese, 1954",Salmo abanticus,"Tortonese, 1954",SPECIES,ZOOLOGICAL,ACCEPTED,Salmo,abanticus,SCIENTIFIC,"<i>Salmo</i> <i>abanticus</i> Tortonese, 1954",EXACT,99,8,Animalia,Chordata,Salmoniformes,Salmonidae,Salmo,Salmo abanticus,1,44,1313,8615,2347608,7193469,FALSE,Salmo abanticus,FALSE,NA,NA,NA,NA,NA,NA,NA,NA,NA,NA,NA,NA,Salmo abanticus,Fish
9543162,"Salmo dentex (Heckel, 1851)",Salmo dentex,"(Heckel, 1851)",SPECIES,ZOOLOGICAL,ACCEPTED,Salmo,dentex,SCIENTIFIC,"<i>Salmo</i> <i>dentex</i> (Heckel, 1851)",EXACT,97,5,Animalia,Chordata,Salmoniformes,Salmonidae,Salmo,Salmo dentex,1,44,1313,8615,2347608,9543162,FALSE,Salmo dentex,FALSE,NA,NA,NA,NA,NA,NA,NA,NA,NA,NA,NA,NA,Salmo dentex,Fish
2351641,"Salmo ischchan Kessler, 1877",Salmo ischchan,"Kessler, 1877",SPECIES,ZOOLOGICAL,ACCEPTED,Salmo,ischchan,SCIENTIFIC,"<i>Salmo</i> <i>ischchan</i> Kessler, 1877",EXACT,99,9,Animalia,Chordata,Salmoniformes,Salmonidae,Salmo,Salmo ischchan,1,44,1313,8615,2347608,2351641,FALSE,Salmo ischchan,FALSE,NA,NA,NA,NA,NA,NA,NA,NA,NA,NA,NA,NA,Salmo ischchan,Fish
2351566,"Salmo labrax Pallas, 1814",Salmo labrax,"Pallas, 1814",SPECIES,ZOOLOGICAL,ACCEPTED,Salmo,labrax,SCIENTIFIC,"<i>Salmo</i> <i>labrax</i> Pallas, 1814",EXACT,99,7,Animalia,Chordata,Salmoniformes,Salmonidae,Salmo,Salmo labrax,1,44,1313,8615,2347608,2351566,FALSE,Salmo labrax,FALSE,NA,NA,NA,NA,NA,NA,NA,NA,NA,NA,NA,NA,Salmo labrax,Fish
2351552,"Salmo letnica (Karaman, 1924)",Salmo letnica,"(Karaman, 1924)",SPECIES,ZOOLOGICAL,ACCEPTED,Salmo,letnica,SCIENTIFIC,"<i>Salmo</i> <i>letnica</i> (Karaman, 1924)",EXACT,99,7,Animalia,Chordata,Salmoniformes,Salmonidae,Salmo,Salmo letnica,1,44,1313,8615,2347608,2351552,FALSE,Salmo letnica,FALSE,NA,NA,NA,NA,NA,NA,NA,NA,NA,NA,NA,NA,Salmo letnica,Fish
2351621,"Salmo macrostigma (Duméril, 1858)",Salmo macrostigma,"(Duméril, 1858)",SPECIES,ZOOLOGICAL,ACCEPTED,Salmo,macrostigma,SCIENTIFIC,"<i>Salmo</i> <i>macrostigma</i> (Duméril, 1858)",EXACT,99,11,Animalia,Chordata,Salmoniformes,Salmonidae,Salmo,Salmo macrostigma,1,44,1313,8615,2347608,2351621,FALSE,Salmo macrostigma,FALSE,NA,NA,NA,NA,NA,NA,NA,NA,NA,NA,NA,NA,Salmo macrostigma,Fish
7595433,"Salmo salar Linnaeus, 1758",Salmo salar,"Linnaeus, 1758",SPECIES,ZOOLOGICAL,ACCEPTED,Salmo,salar,SCIENTIFIC,"<i>Salmo</i> <i>salar</i> Linnaeus, 1758",EXACT,99,12,Animalia,Chordata,Salmoniformes,Salmonidae,Salmo,Salmo salar,1,44,1313,8615,2347608,7595433,FALSE,Salmo salar,FALSE,NA,NA,NA,NA,NA,NA,NA,NA,NA,NA,NA,NA,Salmo salar,Fish
6169634,"Salmo salar sebago Girard, 1853",Salmo salar sebago,"Girard, 1853",SUBSPECIES,ZOOLOGICAL,SYNONYM,Salmo,salar,SCIENTIFIC,"<i>Salmo</i> <i>salar</i> <i>sebago</i> Girard, 1853",EXACT,100,11,Animalia,Chordata,Salmoniformes,Salmonidae,Salmo,Salmo salar,1,44,1313,8615,2347608,7595433,TRUE,"Salmo salar sebago Girard, 1853",FALSE,NA,NA,NA,sebago,NA,NA,NA,NA,7595433,"Salmo salar Linnaeus, 1758",NA,NA,"Salmo salar sebago Girard, 1853",Fish
8215487,"Salmo trutta Linnaeus, 1758",Salmo trutta,"Linnaeus, 1758",SPECIES,ZOOLOGICAL,ACCEPTED,Salmo,trutta,SCIENTIFIC,"<i>Salmo</i> <i>trutta</i> Linnaeus, 1758",EXACT,99,2,Animalia,Chordata,Salmoniformes,Salmonidae,Salmo,Salmo trutta,1,44,1313,8615,2347608,8215487,FALSE,Salmo trutta,FALSE,NA,NA,NA,NA,NA,NA,NA,NA,NA,NA,NA,NA,Salmo trutta,Fish
9107781,Salmo trutta var. trutta,Salmo trutta trutta,NA,VARIETY,NA,ACCEPTED,Salmo,trutta,SCIENTIFIC,<i>Salmo</i> <i>trutta</i> var. <i>trutta</i>,EXACT,97,5,Animalia,Chordata,Salmoniformes,Salmonidae,Salmo,Salmo trutta,1,44,1313,8615,2347608,8215487,FALSE,Salmo trutta trutta,FALSE,NA,NA,NA,trutta,NA,NA,NA,NA,NA,NA,Salmo trutta trutta,9107781,Salmo trutta trutta,Fish
4284021,"Salvelinus alpinus (Linnaeus, 1758)",Salvelinus alpinus,"(Linnaeus, 1758)",SPECIES,ZOOLOGICAL,ACCEPTED,Salvelinus,alpinus,SCIENTIFIC,"<i>Salvelinus</i> <i>alpinus</i> (Linnaeus, 1758)",EXACT,99,10,Animalia,Chordata,Salmoniformes,Salmonidae,Salvelinus,Salvelinus alpinus,1,44,1313,8615,2351241,4284021,FALSE,Salvelinus alpinus,FALSE,NA,NA,NA,NA,NA,NA,NA,NA,NA,NA,NA,NA,Salvelinus alpinus,Fish
9451360,"Salvelinus alpinus oquassa (Girard, 1854)",Salvelinus alpinus oquassa,"(Girard, 1854)",SUBSPECIES,ZOOLOGICAL,SYNONYM,Salvelinus,alpinus,SCIENTIFIC,"<i>Salvelinus</i> <i>alpinus</i> <i>oquassa</i> (Girard, 1854)",EXACT,100,14,Animalia,Chordata,Salmoniformes,Salmonidae,Salvelinus,Salvelinus alpinus,1,44,1313,8615,2351241,4284021,TRUE,"Salvelinus alpinus oquassa (Girard, 1854)",FALSE,NA,NA,NA,oquassa,NA,NA,NA,NA,4284021,"Salvelinus alpinus (Linnaeus, 1758)",NA,NA,"Salvelinus alpinus oquassa (Girard, 1854)",Fish
2351244,"Salvelinus confluentus (Suckley, 1859)",Salvelinus confluentus,"(Suckley, 1859)",SPECIES,ZOOLOGICAL,ACCEPTED,Salvelinus,confluentus,SCIENTIFIC,"<i>Salvelinus</i> <i>confluentus</i> (Suckley, 1859)",EXACT,99,13,Animalia,Chordata,Salmoniformes,Salmonidae,Salvelinus,Salvelinus confluentus,1,44,1313,8615,2351241,2351244,FALSE,Salvelinus confluentus,FALSE,NA,NA,NA,NA,NA,NA,NA,NA,NA,NA,NA,NA,Salvelinus confluentus,Fish
2351271,"Salvelinus fontinalis (Mitchill, 1814)",Salvelinus fontinalis,"(Mitchill, 1814)",SPECIES,ZOOLOGICAL,ACCEPTED,Salvelinus,fontinalis,SCIENTIFIC,"<i>Salvelinus</i> <i>fontinalis</i> (Mitchill, 1814)",EXACT,99,11,Animalia,Chordata,Salmoniformes,Salmonidae,Salvelinus,Salvelinus fontinalis,1,44,1313,8615,2351241,2351271,FALSE,Salvelinus fontinalis,FALSE,NA,NA,NA,NA,NA,NA,NA,NA,NA,NA,NA,NA,Salvelinus fontinalis,Fish
4352820,"Salvelinus lepechini (Gmelin, 1789)",Salvelinus lepechini,"(Gmelin, 1789)",SPECIES,ZOOLOGICAL,ACCEPTED,Salvelinus,lepechini,SCIENTIFIC,"<i>Salvelinus</i> <i>lepechini</i> (Gmelin, 1789)",EXACT,99,7,Animalia,Chordata,Salmoniformes,Salmonidae,Salvelinus,Salvelinus lepechini,1,44,1313,8615,2351241,4352820,FALSE,Salvelinus lepechini,FALSE,NA,NA,NA,NA,NA,NA,NA,NA,NA,NA,NA,NA,Salvelinus lepechini,Fish
4284019,"Salvelinus leucomaenis (Pallas, 1814)",Salvelinus leucomaenis,"(Pallas, 1814)",SPECIES,ZOOLOGICAL,ACCEPTED,Salvelinus,leucomaenis,SCIENTIFIC,"<i>Salvelinus</i> <i>leucomaenis</i> (Pallas, 1814)",EXACT,99,16,Animalia,Chordata,Salmoniformes,Salmonidae,Salvelinus,Salvelinus leucomaenis,1,44,1313,8615,2351241,4284019,FALSE,Salvelinus leucomaenis,FALSE,NA,NA,NA,NA,NA,NA,NA,NA,NA,NA,NA,NA,Salvelinus leucomaenis,Fish
4284020,"Salvelinus malma (Walbaum, 1792)",Salvelinus malma,"(Walbaum, 1792)",SPECIES,ZOOLOGICAL,ACCEPTED,Salvelinus,malma,SCIENTIFIC,"<i>Salvelinus</i> <i>malma</i> (Walbaum, 1792)",EXACT,99,11,Animalia,Chordata,Salmoniformes,Salmonidae,Salvelinus,Salvelinus malma,1,44,1313,8615,2351241,4284020,FALSE,Salvelinus malma,FALSE,NA,NA,NA,NA,NA,NA,NA,NA,NA,NA,NA,NA,Salvelinus malma,Fish
2351327,"Salvelinus namaycush (Walbaum, 1792)",Salvelinus namaycush,"(Walbaum, 1792)",SPECIES,ZOOLOGICAL,ACCEPTED,Salvelinus,namaycush,SCIENTIFIC,"<i>Salvelinus</i> <i>namaycush</i> (Walbaum, 1792)",EXACT,99,12,Animalia,Chordata,Salmoniformes,Salmonidae,Salvelinus,Salvelinus namaycush,1,44,1313,8615,2351241,2351327,FALSE,Salvelinus namaycush,FALSE,NA,NA,NA,NA,NA,NA,NA,NA,NA,NA,NA,NA,Salvelinus namaycush,Fish
2351259,"Salvelinus umbla (Linnaeus, 1758)",Salvelinus umbla,"(Linnaeus, 1758)",SPECIES,ZOOLOGICAL,ACCEPTED,Salvelinus,umbla,SCIENTIFIC,"<i>Salvelinus</i> <i>umbla</i> (Linnaeus, 1758)",EXACT,99,8,Animalia,Chordata,Salmoniformes,Salmonidae,Salvelinus,Salvelinus umbla,1,44,1313,8615,2351241,2351259,FALSE,Salvelinus umbla,FALSE,NA,NA,NA,NA,NA,NA,NA,NA,NA,NA,NA,NA,Salvelinus umbla,Fish
5274861,Salvinia auriculata Aubl.,Salvinia auriculata,Aubl.,SPECIES,NA,ACCEPTED,Salvinia,auriculata,SCIENTIFIC,<i>Salvinia</i> <i>auriculata</i> Aubl.,EXACT,99,11,Plantae,Tracheophyta,Salviniales,Salviniaceae,Salvinia,Salvinia auriculata,6,7707728,7229405,6629,7801597,5274861,FALSE,Salvinia auriculata,FALSE,Polypodiopsida,7228684,NA,NA,NA,NA,NA,NA,NA,NA,NA,NA,Salvinia auriculata,Plant (strict freshwater habitat tag only)
5274864,Salvinia biloba Raddi,Salvinia biloba,Raddi,SPECIES,NA,ACCEPTED,Salvinia,biloba,SCIENTIFIC,<i>Salvinia</i> <i>biloba</i> Raddi,EXACT,99,8,Plantae,Tracheophyta,Salviniales,Salviniaceae,Salvinia,Salvinia biloba,6,7707728,7229405,6629,7801597,5274864,FALSE,Salvinia biloba,FALSE,Polypodiopsida,7228684,NA,NA,NA,NA,NA,NA,NA,NA,NA,NA,Salvinia biloba,Plant (strict freshwater habitat tag only)
5579449,Salvinia cucullata Roxb. ex Bory,Salvinia cucullata,Roxb. ex Bory,SPECIES,NA,ACCEPTED,Salvinia,cucullata,SCIENTIFIC,<i>Salvinia</i> <i>cucullata</i> Roxb. ex Bory,EXACT,98,11,Plantae,Tracheophyta,Salviniales,Salviniaceae,Salvinia,Salvinia cucullata,6,7707728,7229405,6629,7801597,5579449,FALSE,Salvinia cucullata,FALSE,Polypodiopsida,7228684,NA,NA,NA,NA,NA,NA,NA,NA,NA,NA,Salvinia cucullata,Plant (strict freshwater habitat tag only)
5579453,Salvinia hastata Desv.,Salvinia hastata,Desv.,SPECIES,NA,ACCEPTED,Salvinia,hastata,SCIENTIFIC,<i>Salvinia</i> <i>hastata</i> Desv.,EXACT,99,9,Plantae,Tracheophyta,Salviniales,Salviniaceae,Salvinia,Salvinia hastata,6,7707728,7229405,6629,7801597,5579453,FALSE,Salvinia hastata,FALSE,Polypodiopsida,7228684,NA,NA,NA,NA,NA,NA,NA,NA,NA,NA,Salvinia hastata,Plant (strict freshwater habitat tag only)
5274860,Salvinia minima Baker,Salvinia minima,Baker,SPECIES,NA,ACCEPTED,Salvinia,minima,SCIENTIFIC,<i>Salvinia</i> <i>minima</i> Baker,EXACT,99,8,Plantae,Tracheophyta,Salviniales,Salviniaceae,Salvinia,Salvinia minima,6,7707728,7229405,6629,7801597,5274860,FALSE,Salvinia minima,FALSE,Polypodiopsida,7228684,NA,NA,NA,NA,NA,NA,NA,NA,NA,NA,Salvinia minima,Plant (strict freshwater habitat tag only)
5274863,Salvinia × molesta D.S.Mitch.,Salvinia molesta,D.S.Mitch.,SPECIES,NA,ACCEPTED,Salvinia,molesta,SCIENTIFIC,<i>Salvinia</i> × <i>molesta</i> D.S.Mitch.,EXACT,99,11,Plantae,Tracheophyta,Salviniales,Salviniaceae,Salvinia,Salvinia molesta,6,7707728,7229405,6629,7801597,5274863,FALSE,Salvinia molesta,FALSE,Polypodiopsida,7228684,NA,NA,NA,NA,NA,NA,NA,NA,NA,NA,Salvinia molesta,Plant (strict freshwater habitat tag only)
5274858,Salvinia natans (L.) All.,Salvinia natans,(L.) All.,SPECIES,BOTANICAL,ACCEPTED,Salvinia,natans,SCIENTIFIC,<i>Salvinia</i> <i>natans</i> (L.) All.,EXACT,99,11,Plantae,Tracheophyta,Salviniales,Salviniaceae,Salvinia,Salvinia natans,6,7707728,7229405,6629,7801597,5274858,FALSE,Salvinia natans,FALSE,Polypodiopsida,7228684,NA,NA,NA,NA,NA,NA,NA,NA,NA,NA,Salvinia natans,Plant (strict freshwater habitat tag only)
5579458,Salvinia nymphellula Desv.,Salvinia nymphellula,Desv.,SPECIES,NA,ACCEPTED,Salvinia,nymphellula,SCIENTIFIC,<i>Salvinia</i> <i>nymphellula</i> Desv.,EXACT,99,12,Plantae,Tracheophyta,Salviniales,Salviniaceae,Salvinia,Salvinia nymphellula,6,7707728,7229405,6629,7801597,5579458,FALSE,Salvinia nymphellula,FALSE,Polypodiopsida,7228684,NA,NA,NA,NA,NA,NA,NA,NA,NA,NA,Salvinia nymphellula,Plant (strict freshwater habitat tag only)
2382152,"Sander canadensis (Griffith & Smith, 1834)",Sander canadensis,"(Griffith & Smith, 1834)",SPECIES,ZOOLOGICAL,ACCEPTED,Sander,canadensis,SCIENTIFIC,"<i>Sander</i> <i>canadensis</i> (Griffith & Smith, 1834)",EXACT,99,10,Animalia,Chordata,Perciformes,Percidae,Sander,Sander canadensis,1,44,587,4481,2382151,2382152,FALSE,Sander canadensis,FALSE,NA,NA,NA,NA,NA,NA,NA,NA,NA,NA,NA,NA,Sander canadensis,Fish
2382155,"Sander lucioperca (Linnaeus, 1758)",Sander lucioperca,"(Linnaeus, 1758)",SPECIES,ZOOLOGICAL,ACCEPTED,Sander,lucioperca,SCIENTIFIC,"<i>Sander</i> <i>lucioperca</i> (Linnaeus, 1758)",EXACT,99,5,Animalia,Chordata,Perciformes,Percidae,Sander,Sander lucioperca,1,44,587,4481,2382151,2382155,FALSE,Sander lucioperca,FALSE,NA,NA,NA,NA,NA,NA,NA,NA,NA,NA,NA,NA,Sander lucioperca,Fish
2382172,"Sander vitreus (Mitchill, 1818)",Sander vitreus,"(Mitchill, 1818)",SPECIES,ZOOLOGICAL,ACCEPTED,Sander,vitreus,SCIENTIFIC,"<i>Sander</i> <i>vitreus</i> (Mitchill, 1818)",EXACT,99,5,Animalia,Chordata,Perciformes,Percidae,Sander,Sander vitreus,1,44,587,4481,2382151,2382172,FALSE,Sander vitreus,FALSE,NA,NA,NA,NA,NA,NA,NA,NA,NA,NA,NA,NA,Sander vitreus,Fish
9733865,"Sander volgensis (Gmelin, 1789)",Sander volgensis,"(Gmelin, 1789)",SPECIES,ZOOLOGICAL,ACCEPTED,Sander,volgensis,SCIENTIFIC,"<i>Sander</i> <i>volgensis</i> (Gmelin, 1789)",EXACT,98,14,Animalia,Chordata,Perciformes,Percidae,Sander,Sander volgensis,1,44,587,4481,2382151,9733865,FALSE,Sander volgensis,FALSE,NA,NA,NA,NA,NA,NA,NA,NA,NA,NA,NA,NA,Sander volgensis,Fish
6166646,"Sarcocheilichthys variegatus microoculus Mori, 1927",Sarcocheilichthys variegatus microoculus,"Mori, 1927",SUBSPECIES,ZOOLOGICAL,ACCEPTED,Sarcocheilichthys,variegatus,SCIENTIFIC,"<i>Sarcocheilichthys</i> <i>variegatus</i> <i>microoculus</i> Mori, 1927",EXACT,98,9,Animalia,Chordata,Cypriniformes,Cyprinidae,Sarcocheilichthys,Sarcocheilichthys variegatus,1,44,1153,7336,2361865,4286960,FALSE,Sarcocheilichthys variegatus microoculus,FALSE,NA,NA,NA,microoculus,Sarcocheilichthys variegatus microoculus,6166646,NA,NA,NA,NA,NA,NA,Sarcocheilichthys variegatus microoculus,Fish
8171391,"Sarmarutilus rubilio (Bonaparte, 1837)",Sarmarutilus rubilio,"(Bonaparte, 1837)",SPECIES,ZOOLOGICAL,ACCEPTED,Sarmarutilus,rubilio,SCIENTIFIC,"<i>Sarmarutilus</i> <i>rubilio</i> (Bonaparte, 1837)",EXACT,99,11,Animalia,Chordata,Cypriniformes,Cyprinidae,Sarmarutilus,Sarmarutilus rubilio,1,44,1153,7336,7839967,8171391,FALSE,Sarmarutilus rubilio,FALSE,NA,NA,NA,NA,NA,NA,NA,NA,NA,NA,NA,NA,Sarmarutilus rubilio,Fish
4285715,"Sarotherodon galilaeus (Linnaeus, 1758)",Sarotherodon galilaeus,"(Linnaeus, 1758)",SPECIES,ZOOLOGICAL,ACCEPTED,Sarotherodon,galilaeus,SCIENTIFIC,"<i>Sarotherodon</i> <i>galilaeus</i> (Linnaeus, 1758)",EXACT,99,13,Animalia,Chordata,Perciformes,Cichlidae,Sarotherodon,Sarotherodon galilaeus,1,44,587,8522,2372885,4285715,FALSE,Sarotherodon galilaeus,FALSE,NA,NA,NA,NA,NA,NA,NA,NA,NA,NA,NA,NA,Sarotherodon galilaeus,Fish
4285710,"Sarotherodon melanotheron Rüppell, 1852",Sarotherodon melanotheron,"Rüppell, 1852",SPECIES,ZOOLOGICAL,ACCEPTED,Sarotherodon,melanotheron,SCIENTIFIC,"<i>Sarotherodon</i> <i>melanotheron</i> Rüppell, 1852",EXACT,99,13,Animalia,Chordata,Perciformes,Cichlidae,Sarotherodon,Sarotherodon melanotheron,1,44,587,8522,2372885,4285710,FALSE,Sarotherodon melanotheron,FALSE,NA,NA,NA,NA,NA,NA,NA,NA,NA,NA,NA,NA,Sarotherodon melanotheron,Fish
2372886,"Sarotherodon occidentalis (Daget, 1962)",Sarotherodon occidentalis,"(Daget, 1962)",SPECIES,ZOOLOGICAL,ACCEPTED,Sarotherodon,occidentalis,SCIENTIFIC,"<i>Sarotherodon</i> <i>occidentalis</i> (Daget, 1962)",EXACT,99,7,Animalia,Chordata,Perciformes,Cichlidae,Sarotherodon,Sarotherodon occidentalis,1,44,587,8522,2372885,2372886,FALSE,Sarotherodon occidentalis,FALSE,NA,NA,NA,NA,NA,NA,NA,NA,NA,NA,NA,NA,Sarotherodon occidentalis,Fish
5208447,"Satanoperca jurupari (Heckel, 1840)",Satanoperca jurupari,"(Heckel, 1840)",SPECIES,ZOOLOGICAL,ACCEPTED,Satanoperca,jurupari,SCIENTIFIC,"<i>Satanoperca</i> <i>jurupari</i> (Heckel, 1840)",EXACT,99,16,Animalia,Chordata,Perciformes,Cichlidae,Satanoperca,Satanoperca jurupari,1,44,587,8522,3241106,5208447,FALSE,Satanoperca jurupari,FALSE,NA,NA,NA,NA,NA,NA,NA,NA,NA,NA,NA,NA,Satanoperca jurupari,Fish
2362635,"Scardinius erythrophthalmus (Linnaeus, 1758)",Scardinius erythrophthalmus,"(Linnaeus, 1758)",SPECIES,ZOOLOGICAL,ACCEPTED,Scardinius,erythrophthalmus,SCIENTIFIC,"<i>Scardinius</i> <i>erythrophthalmus</i> (Linnaeus, 1758)",EXACT,99,7,Animalia,Chordata,Cypriniformes,Cyprinidae,Scardinius,Scardinius erythrophthalmus,1,44,1153,7336,2362632,2362635,FALSE,Scardinius erythrophthalmus,FALSE,NA,NA,NA,NA,NA,NA,NA,NA,NA,NA,NA,NA,Scardinius erythrophthalmus,Fish
2394736,"Scatophagus argus (Linnaeus, 1766)",Scatophagus argus,"(Linnaeus, 1766)",SPECIES,ZOOLOGICAL,ACCEPTED,Scatophagus,argus,SCIENTIFIC,"<i>Scatophagus</i> <i>argus</i> (Linnaeus, 1766)",EXACT,99,11,Animalia,Chordata,Perciformes,Scatophagidae,Scatophagus,Scatophagus argus,1,44,587,4505,2394730,2394736,FALSE,Scatophagus argus,FALSE,NA,NA,NA,NA,NA,NA,NA,NA,NA,NA,NA,NA,Scatophagus argus,Fish
2341731,"Schilbe intermedius Rüppell, 1832",Schilbe intermedius,"Rüppell, 1832",SPECIES,ZOOLOGICAL,ACCEPTED,Schilbe,intermedius,SCIENTIFIC,"<i>Schilbe</i> <i>intermedius</i> Rüppell, 1832",EXACT,99,5,Animalia,Chordata,Siluriformes,Schilbeidae,Schilbe,Schilbe intermedius,1,44,708,5166,2337734,2341731,FALSE,Schilbe intermedius,FALSE,NA,NA,NA,NA,NA,NA,NA,NA,NA,NA,NA,NA,Schilbe intermedius,Fish
2341732,"Schilbe mystus (Linnaeus, 1758)",Schilbe mystus,"(Linnaeus, 1758)",SPECIES,ZOOLOGICAL,ACCEPTED,Schilbe,mystus,SCIENTIFIC,"<i>Schilbe</i> <i>mystus</i> (Linnaeus, 1758)",EXACT,99,9,Animalia,Chordata,Siluriformes,Schilbeidae,Schilbe,Schilbe mystus,1,44,708,5166,2337734,2341732,FALSE,Schilbe mystus,FALSE,NA,NA,NA,NA,NA,NA,NA,NA,NA,NA,NA,NA,Schilbe mystus,Fish
5712378,"Sciades parkeri (Traill, 1832)",Sciades parkeri,"(Traill, 1832)",SPECIES,ZOOLOGICAL,ACCEPTED,Sciades,parkeri,SCIENTIFIC,"<i>Sciades</i> <i>parkeri</i> (Traill, 1832)",EXACT,99,8,Animalia,Chordata,Siluriformes,Ariidae,Sciades,Sciades parkeri,1,44,708,4512,2338751,5712378,FALSE,Sciades parkeri,FALSE,NA,NA,NA,NA,NA,NA,NA,NA,NA,NA,NA,NA,Sciades parkeri,Fish
2372908,"Sciaenochromis fryeri Konings, 1993",Sciaenochromis fryeri,"Konings, 1993",SPECIES,ZOOLOGICAL,ACCEPTED,Sciaenochromis,fryeri,SCIENTIFIC,"<i>Sciaenochromis</i> <i>fryeri</i> Konings, 1993",EXACT,99,12,Animalia,Chordata,Perciformes,Cichlidae,Sciaenochromis,Sciaenochromis fryeri,1,44,587,8522,2372907,2372908,FALSE,Sciaenochromis fryeri,FALSE,NA,NA,NA,NA,NA,NA,NA,NA,NA,NA,NA,NA,Sciaenochromis fryeri,Fish
2402231,"Scleropages formosus (Müller & Schlegel, 1840)",Scleropages formosus,"(Müller & Schlegel, 1840)",SPECIES,ZOOLOGICAL,ACCEPTED,Scleropages,formosus,SCIENTIFIC,"<i>Scleropages</i> <i>formosus</i> (Müller & Schlegel, 1840)",EXACT,99,12,Animalia,Chordata,Osteoglossiformes,Osteoglossidae,Scleropages,Scleropages formosus,1,44,1069,8485,2402229,2402231,FALSE,Scleropages formosus,FALSE,NA,NA,NA,NA,NA,NA,NA,NA,NA,NA,NA,NA,Scleropages formosus,Fish
2374545,"Scortum barcoo (McCulloch & Waite, 1917)",Scortum barcoo,"(McCulloch & Waite, 1917)",SPECIES,ZOOLOGICAL,ACCEPTED,Scortum,barcoo,SCIENTIFIC,"<i>Scortum</i> <i>barcoo</i> (McCulloch & Waite, 1917)",EXACT,99,7,Animalia,Chordata,Perciformes,Terapontidae,Scortum,Scortum barcoo,1,44,587,5072,2374544,2374545,FALSE,Scortum barcoo,FALSE,NA,NA,NA,NA,NA,NA,NA,NA,NA,NA,NA,NA,Scortum barcoo,Fish
9646382,"Semisulcospira decipiens (Westerlund, 1883)",Semisulcospira decipiens,"(Westerlund, 1883)",SPECIES,ZOOLOGICAL,ACCEPTED,Semisulcospira,decipiens,SCIENTIFIC,"<i>Semisulcospira</i> <i>decipiens</i> (Westerlund, 1883)",EXACT,99,6,Animalia,Mollusca,NA,Semisulcospiridae,Semisulcospira,Semisulcospira decipiens,1,52,NA,6880641,4608248,9646382,FALSE,Semisulcospira decipiens,FALSE,Gastropoda,225,NA,NA,NA,NA,NA,NA,NA,NA,NA,NA,Semisulcospira decipiens,Gastropod
2360481,"Semotilus atromaculatus (Mitchill, 1818)",Semotilus atromaculatus,"(Mitchill, 1818)",SPECIES,ZOOLOGICAL,ACCEPTED,Semotilus,atromaculatus,SCIENTIFIC,"<i>Semotilus</i> <i>atromaculatus</i> (Mitchill, 1818)",EXACT,99,6,Animalia,Chordata,Cypriniformes,Cyprinidae,Semotilus,Semotilus atromaculatus,1,44,1153,7336,2349566,2360481,FALSE,Semotilus atromaculatus,FALSE,NA,NA,NA,NA,NA,NA,NA,NA,NA,NA,NA,NA,Semotilus atromaculatus,Fish
2360492,"Semotilus corporalis (Mitchill, 1817)",Semotilus corporalis,"(Mitchill, 1817)",SPECIES,ZOOLOGICAL,ACCEPTED,Semotilus,corporalis,SCIENTIFIC,"<i>Semotilus</i> <i>corporalis</i> (Mitchill, 1817)",EXACT,99,5,Animalia,Chordata,Cypriniformes,Cyprinidae,Semotilus,Semotilus corporalis,1,44,1153,7336,2349566,2360492,FALSE,Semotilus corporalis,FALSE,NA,NA,NA,NA,NA,NA,NA,NA,NA,NA,NA,NA,Semotilus corporalis,Fish
7924142,"Serranochromis jallae (Boulenger, 1896)",Serranochromis jallae,"(Boulenger, 1896)",SPECIES,ZOOLOGICAL,ACCEPTED,Serranochromis,jallae,SCIENTIFIC,"<i>Serranochromis</i> <i>jallae</i> (Boulenger, 1896)",EXACT,99,15,Animalia,Chordata,Perciformes,Cichlidae,Serranochromis,Serranochromis jallae,1,44,587,8522,2369958,7924142,FALSE,Serranochromis jallae,FALSE,NA,NA,NA,NA,NA,NA,NA,NA,NA,NA,NA,NA,Serranochromis jallae,Fish
4285703,"Serranochromis robustus (Günther, 1864)",Serranochromis robustus,"(Günther, 1864)",SPECIES,ZOOLOGICAL,ACCEPTED,Serranochromis,robustus,SCIENTIFIC,"<i>Serranochromis</i> <i>robustus</i> (Günther, 1864)",EXACT,99,12,Animalia,Chordata,Perciformes,Cichlidae,Serranochromis,Serranochromis robustus,1,44,587,8522,2369958,4285703,FALSE,Serranochromis robustus,FALSE,NA,NA,NA,NA,NA,NA,NA,NA,NA,NA,NA,NA,Serranochromis robustus,Fish
2354159,"Serrasalmus gibbus Castelnau, 1855",Serrasalmus gibbus,"Castelnau, 1855",SPECIES,ZOOLOGICAL,ACCEPTED,Serrasalmus,gibbus,SCIENTIFIC,"<i>Serrasalmus</i> <i>gibbus</i> Castelnau, 1855",EXACT,99,9,Animalia,Chordata,Characiformes,Serrasalmidae,Serrasalmus,Serrasalmus gibbus,1,44,537,4287106,2354116,2354159,FALSE,Serrasalmus gibbus,FALSE,NA,NA,NA,NA,NA,NA,NA,NA,NA,NA,NA,NA,Serrasalmus gibbus,Fish
2354121,"Serrasalmus marginatus Valenciennes, 1837",Serrasalmus marginatus,"Valenciennes, 1837",SPECIES,ZOOLOGICAL,ACCEPTED,Serrasalmus,marginatus,SCIENTIFIC,"<i>Serrasalmus</i> <i>marginatus</i> Valenciennes, 1837",EXACT,99,14,Animalia,Chordata,Characiformes,Serrasalmidae,Serrasalmus,Serrasalmus marginatus,1,44,537,4287106,2354116,2354121,FALSE,Serrasalmus marginatus,FALSE,NA,NA,NA,NA,NA,NA,NA,NA,NA,NA,NA,NA,Serrasalmus marginatus,Fish
2354124,"Serrasalmus rhombeus (Linnaeus, 1766)",Serrasalmus rhombeus,"(Linnaeus, 1766)",SPECIES,ZOOLOGICAL,ACCEPTED,Serrasalmus,rhombeus,SCIENTIFIC,"<i>Serrasalmus</i> <i>rhombeus</i> (Linnaeus, 1766)",EXACT,99,10,Animalia,Chordata,Characiformes,Serrasalmidae,Serrasalmus,Serrasalmus rhombeus,1,44,537,4287106,2354116,2354124,FALSE,Serrasalmus rhombeus,FALSE,NA,NA,NA,NA,NA,NA,NA,NA,NA,NA,NA,NA,Serrasalmus rhombeus,Fish
2354163,"Serrasalmus sanchezi Géry, 1964",Serrasalmus sanchezi,"Géry, 1964",SPECIES,ZOOLOGICAL,ACCEPTED,Serrasalmus,sanchezi,SCIENTIFIC,"<i>Serrasalmus</i> <i>sanchezi</i> Géry, 1964",EXACT,99,5,Animalia,Chordata,Characiformes,Serrasalmidae,Serrasalmus,Serrasalmus sanchezi,1,44,537,4287106,2354116,2354163,FALSE,Serrasalmus sanchezi,FALSE,NA,NA,NA,NA,NA,NA,NA,NA,NA,NA,NA,NA,Serrasalmus sanchezi,Fish
2354165,"Serrasalmus serrulatus (Valenciennes, 1850)",Serrasalmus serrulatus,"(Valenciennes, 1850)",SPECIES,ZOOLOGICAL,ACCEPTED,Serrasalmus,serrulatus,SCIENTIFIC,"<i>Serrasalmus</i> <i>serrulatus</i> (Valenciennes, 1850)",EXACT,99,5,Animalia,Chordata,Characiformes,Serrasalmidae,Serrasalmus,Serrasalmus serrulatus,1,44,537,4287106,2354116,2354165,FALSE,Serrasalmus serrulatus,FALSE,NA,NA,NA,NA,NA,NA,NA,NA,NA,NA,NA,NA,Serrasalmus serrulatus,Fish
2354120,"Serrasalmus spilopleura Kner, 1858",Serrasalmus spilopleura,"Kner, 1858",SPECIES,ZOOLOGICAL,ACCEPTED,Serrasalmus,spilopleura,SCIENTIFIC,"<i>Serrasalmus</i> <i>spilopleura</i> Kner, 1858",EXACT,99,5,Animalia,Chordata,Characiformes,Serrasalmidae,Serrasalmus,Serrasalmus spilopleura,1,44,537,4287106,2354116,2354120,FALSE,Serrasalmus spilopleura,FALSE,NA,NA,NA,NA,NA,NA,NA,NA,NA,NA,NA,NA,Serrasalmus spilopleura,Fish
2337594,"Silurus asotus Linnaeus, 1758",Silurus asotus,"Linnaeus, 1758",SPECIES,ZOOLOGICAL,ACCEPTED,Silurus,asotus,SCIENTIFIC,"<i>Silurus</i> <i>asotus</i> Linnaeus, 1758",EXACT,99,8,Animalia,Chordata,Siluriformes,Siluridae,Silurus,Silurus asotus,1,44,708,5168,2333535,2337594,FALSE,Silurus asotus,FALSE,NA,NA,NA,NA,NA,NA,NA,NA,NA,NA,NA,NA,Silurus asotus,Fish
2337607,"Silurus glanis Linnaeus, 1758",Silurus glanis,"Linnaeus, 1758",SPECIES,ZOOLOGICAL,ACCEPTED,Silurus,glanis,SCIENTIFIC,"<i>Silurus</i> <i>glanis</i> Linnaeus, 1758",EXACT,99,10,Animalia,Chordata,Siluriformes,Siluridae,Silurus,Silurus glanis,1,44,708,5168,2333535,2337607,FALSE,Silurus glanis,FALSE,NA,NA,NA,NA,NA,NA,NA,NA,NA,NA,NA,NA,Silurus glanis,Fish
9937173,"Sinanodonta lauta (E.von Martens, 1877)",Sinanodonta lauta,"(E.von Martens, 1877)",SPECIES,ZOOLOGICAL,ACCEPTED,Sinanodonta,lauta,SCIENTIFIC,"<i>Sinanodonta</i> <i>lauta</i> (E.von Martens, 1877)",EXACT,99,10,Animalia,Mollusca,Unionida,Unionidae,Sinanodonta,Sinanodonta lauta,1,52,9301143,3461,4559540,9937173,FALSE,Sinanodonta lauta,FALSE,Bivalvia,137,NA,NA,NA,NA,NA,NA,NA,NA,NA,NA,Sinanodonta lauta,Bivalve
4559541,"Sinanodonta woodiana (I.Lea, 1834)",Sinanodonta woodiana,"(I.Lea, 1834)",SPECIES,ZOOLOGICAL,ACCEPTED,Sinanodonta,woodiana,SCIENTIFIC,"<i>Sinanodonta</i> <i>woodiana</i> (I.Lea, 1834)",EXACT,99,10,Animalia,Mollusca,Unionida,Unionidae,Sinanodonta,Sinanodonta woodiana,1,52,9301143,3461,4559540,4559541,FALSE,Sinanodonta woodiana,FALSE,Bivalvia,137,NA,NA,NA,NA,NA,NA,NA,NA,NA,NA,Sinanodonta woodiana,Bivalve
2380448,"Siniperca chuatsi (Basilewsky, 1855)",Siniperca chuatsi,"(Basilewsky, 1855)",SPECIES,ZOOLOGICAL,ACCEPTED,Siniperca,chuatsi,SCIENTIFIC,"<i>Siniperca</i> <i>chuatsi</i> (Basilewsky, 1855)",EXACT,99,11,Animalia,Chordata,Perciformes,Percichthyidae,Siniperca,Siniperca chuatsi,1,44,587,8574,2380447,2380448,FALSE,Siniperca chuatsi,FALSE,NA,NA,NA,NA,NA,NA,NA,NA,NA,NA,NA,NA,Siniperca chuatsi,Fish
9666001,"Sinohyriopsis cumingii (I.Lea, 1852)",Sinohyriopsis cumingii,"(I.Lea, 1852)",SPECIES,ZOOLOGICAL,ACCEPTED,Sinohyriopsis,cumingii,SCIENTIFIC,"<i>Sinohyriopsis</i> <i>cumingii</i> (I.Lea, 1852)",EXACT,99,15,Animalia,Mollusca,Unionida,Unionidae,Sinohyriopsis,Sinohyriopsis cumingii,1,52,9301143,3461,9286989,9666001,FALSE,Sinohyriopsis cumingii,FALSE,Bivalvia,137,NA,NA,NA,NA,NA,NA,NA,NA,NA,NA,Sinohyriopsis cumingii,Bivalve
10132747,"Sinohyriopsis schlegelii (E.von Martens, 1861)",Sinohyriopsis schlegelii,"(E.von Martens, 1861)",SPECIES,ZOOLOGICAL,ACCEPTED,Sinohyriopsis,schlegelii,SCIENTIFIC,"<i>Sinohyriopsis</i> <i>schlegelii</i> (E.von Martens, 1861)",EXACT,99,13,Animalia,Mollusca,Unionida,Unionidae,Sinohyriopsis,Sinohyriopsis schlegelii,1,52,9301143,3461,9286989,10132747,FALSE,Sinohyriopsis schlegelii,FALSE,Bivalvia,137,NA,NA,NA,NA,NA,NA,NA,NA,NA,NA,Sinohyriopsis schlegelii,Bivalve
6125992,"Sinotaia quadrata (W.H.Benson, 1842)",Sinotaia quadrata,"(W.H.Benson, 1842)",SPECIES,ZOOLOGICAL,ACCEPTED,Sinotaia,quadrata,SCIENTIFIC,"<i>Sinotaia</i> <i>quadrata</i> (W.H.Benson, 1842)",EXACT,99,14,Animalia,Mollusca,Architaenioglossa,Viviparidae,Sinotaia,Sinotaia quadrata,1,52,455,2855,4304895,6125992,FALSE,Sinotaia quadrata,FALSE,Gastropoda,225,NA,NA,NA,NA,NA,NA,NA,NA,NA,NA,Sinotaia quadrata,Gastropod
8197854,"Siphateles bicolor (Girard, 1856)",Siphateles bicolor,"(Girard, 1856)",SPECIES,ZOOLOGICAL,ACCEPTED,Siphateles,bicolor,SCIENTIFIC,"<i>Siphateles</i> <i>bicolor</i> (Girard, 1856)",EXACT,99,13,Animalia,Chordata,Cypriniformes,Cyprinidae,Siphateles,Siphateles bicolor,1,44,1153,7336,2366943,8197854,FALSE,Siphateles bicolor,FALSE,NA,NA,NA,NA,NA,NA,NA,NA,NA,NA,NA,NA,Siphateles bicolor,Fish
9450405,"Siphateles bicolor mohavensis Snyder, 1918",Siphateles bicolor mohavensis,"Snyder, 1918",SUBSPECIES,ZOOLOGICAL,ACCEPTED,Siphateles,bicolor,SCIENTIFIC,"<i>Siphateles</i> <i>bicolor</i> <i>mohavensis</i> Snyder, 1918",EXACT,98,15,Animalia,Chordata,Cypriniformes,Cyprinidae,Siphateles,Siphateles bicolor,1,44,1153,7336,2366943,8197854,FALSE,Siphateles bicolor mohavensis,FALSE,NA,NA,NA,mohavensis,Siphateles bicolor mohavensis,9450405,NA,NA,NA,NA,NA,NA,Siphateles bicolor mohavensis,Fish
9421396,"Siphateles bicolor obesus (Girard, 1856)",Siphateles bicolor obesus,"(Girard, 1856)",SUBSPECIES,ZOOLOGICAL,SYNONYM,Siphateles,bicolor,SCIENTIFIC,"<i>Siphateles</i> <i>bicolor</i> <i>obesus</i> (Girard, 1856)",EXACT,100,18,Animalia,Chordata,Cypriniformes,Cyprinidae,Siphateles,Siphateles bicolor,1,44,1153,7336,2366943,8197854,TRUE,"Siphateles bicolor obesus (Girard, 1856)",FALSE,NA,NA,NA,obesus,NA,NA,NA,NA,8197854,"Siphateles bicolor (Girard, 1856)",NA,NA,"Siphateles bicolor obesus (Girard, 1856)",Fish
9508387,"Siphateles bicolor snyderi (Miller, 1973)",Siphateles bicolor snyderi,"(Miller, 1973)",SUBSPECIES,ZOOLOGICAL,SYNONYM,Siphateles,bicolor,SCIENTIFIC,"<i>Siphateles</i> <i>bicolor</i> <i>snyderi</i> (Miller, 1973)",EXACT,100,15,Animalia,Chordata,Cypriniformes,Cyprinidae,Siphateles,Siphateles bicolor,1,44,1153,7336,2366943,8197854,TRUE,"Siphateles bicolor snyderi (Miller, 1973)",FALSE,NA,NA,NA,snyderi,NA,NA,NA,NA,8197854,"Siphateles bicolor (Girard, 1856)",NA,NA,"Siphateles bicolor snyderi (Miller, 1973)",Fish
2338869,"Sorubimichthys planiceps (Spix & Agassiz, 1829)",Sorubimichthys planiceps,"(Spix & Agassiz, 1829)",SPECIES,ZOOLOGICAL,ACCEPTED,Sorubimichthys,planiceps,SCIENTIFIC,"<i>Sorubimichthys</i> <i>planiceps</i> (Spix & Agassiz, 1829)",EXACT,99,14,Animalia,Chordata,Siluriformes,Pimelodidae,Sorubimichthys,Sorubimichthys planiceps,1,44,708,5163,2338868,2338869,FALSE,Sorubimichthys planiceps,FALSE,NA,NA,NA,NA,NA,NA,NA,NA,NA,NA,NA,NA,Sorubimichthys planiceps,Fish
2286709,"Sphaerium corneum (Linnaeus, 1758)",Sphaerium corneum,"(Linnaeus, 1758)",SPECIES,ZOOLOGICAL,ACCEPTED,Sphaerium,corneum,SCIENTIFIC,"<i>Sphaerium</i> <i>corneum</i> (Linnaeus, 1758)",EXACT,99,9,Animalia,Mollusca,Sphaeriida,Sphaeriidae,Sphaerium,Sphaerium corneum,1,52,10495862,3247675,2286706,2286709,FALSE,Sphaerium corneum,FALSE,Bivalvia,137,NA,NA,NA,NA,NA,NA,NA,NA,NA,NA,Sphaerium corneum,Bivalve
5855596,"Sphaerium rivicola (Lamarck, 1818)",Sphaerium rivicola,"(Lamarck, 1818)",SPECIES,ZOOLOGICAL,ACCEPTED,Sphaerium,rivicola,SCIENTIFIC,"<i>Sphaerium</i> <i>rivicola</i> (Lamarck, 1818)",EXACT,99,11,Animalia,Mollusca,Sphaeriida,Sphaeriidae,Sphaerium,Sphaerium rivicola,1,52,10495862,3247675,2286706,5855596,FALSE,Sphaerium rivicola,FALSE,Bivalvia,137,NA,NA,NA,NA,NA,NA,NA,NA,NA,NA,Sphaerium rivicola,Bivalve
4097481,Spirodela polyrhiza (L.) Schleid.,Spirodela polyrhiza,(L.) Schleid.,SPECIES,BOTANICAL,ACCEPTED,Spirodela,polyrhiza,SCIENTIFIC,<i>Spirodela</i> <i>polyrhiza</i> (L.) Schleid.,EXACT,99,11,Plantae,Tracheophyta,Alismatales,Araceae,Spirodela,Spirodela polyrhiza,6,7707728,551,6979,2867778,4097481,FALSE,Spirodela polyrhiza,FALSE,Liliopsida,196,NA,NA,NA,NA,NA,NA,NA,NA,NA,NA,Spirodela polyrhiza,Plant (strict freshwater habitat tag only)
2871376,Spirodela punctata (G.Mey.) C.H.Thomps.,Spirodela punctata,(G.Mey.) C.H.Thomps.,SPECIES,BOTANICAL,ACCEPTED,Spirodela,punctata,SCIENTIFIC,<i>Spirodela</i> <i>punctata</i> (G.Mey.) C.H.Thomps.,EXACT,99,10,Plantae,Tracheophyta,Alismatales,Araceae,Spirodela,Spirodela punctata,6,7707728,551,6979,2867778,2871376,FALSE,Spirodela punctata,FALSE,Liliopsida,196,NA,NA,NA,NA,NA,NA,NA,NA,NA,NA,Spirodela punctata,Plant (strict freshwater habitat tag only)
4287003,"Squalidus chankaensis Dybowski, 1872",Squalidus chankaensis,"Dybowski, 1872",SPECIES,ZOOLOGICAL,ACCEPTED,Squalidus,chankaensis,SCIENTIFIC,"<i>Squalidus</i> <i>chankaensis</i> Dybowski, 1872",EXACT,99,11,Animalia,Chordata,Cypriniformes,Cyprinidae,Squalidus,Squalidus chankaensis,1,44,1153,7336,2367557,4287003,FALSE,Squalidus chankaensis,FALSE,NA,NA,NA,NA,NA,NA,NA,NA,NA,NA,NA,NA,Squalidus chankaensis,Fish
4287002,"Squalidus gracilis (Temminck & Schlegel, 1846)",Squalidus gracilis,"(Temminck & Schlegel, 1846)",SPECIES,ZOOLOGICAL,ACCEPTED,Squalidus,gracilis,SCIENTIFIC,"<i>Squalidus</i> <i>gracilis</i> (Temminck & Schlegel, 1846)",EXACT,99,9,Animalia,Chordata,Cypriniformes,Cyprinidae,Squalidus,Squalidus gracilis,1,44,1153,7336,2367557,4287002,FALSE,Squalidus gracilis,FALSE,NA,NA,NA,NA,NA,NA,NA,NA,NA,NA,NA,NA,Squalidus gracilis,Fish
2365685,"Squalius cephalus (Linnaeus, 1758)",Squalius cephalus,"(Linnaeus, 1758)",SPECIES,ZOOLOGICAL,ACCEPTED,Squalius,cephalus,SCIENTIFIC,"<i>Squalius</i> <i>cephalus</i> (Linnaeus, 1758)",EXACT,99,12,Animalia,Chordata,Cypriniformes,Cyprinidae,Squalius,Squalius cephalus,1,44,1153,7336,2365677,2365685,FALSE,Squalius cephalus,FALSE,NA,NA,NA,NA,NA,NA,NA,NA,NA,NA,NA,NA,Squalius cephalus,Fish
7678181,"Stagnicola turricula (Held, 1836)",Stagnicola turricula,"(Held, 1836)",SPECIES,ZOOLOGICAL,ACCEPTED,Stagnicola,turricula,SCIENTIFIC,"<i>Stagnicola</i> <i>turricula</i> (Held, 1836)",EXACT,99,11,Animalia,Mollusca,NA,Lymnaeidae,Stagnicola,Stagnicola turricula,1,52,NA,2852,2291293,7678181,FALSE,Stagnicola turricula,FALSE,Gastropoda,225,NA,NA,NA,NA,NA,NA,NA,NA,NA,NA,Stagnicola turricula,Gastropod
2351343,"Stenodus leucichthys (Güldenstädt, 1772)",Stenodus leucichthys,"(Güldenstädt, 1772)",SPECIES,ZOOLOGICAL,ACCEPTED,Stenodus,leucichthys,SCIENTIFIC,"<i>Stenodus</i> <i>leucichthys</i> (Güldenstädt, 1772)",EXACT,99,11,Animalia,Chordata,Salmoniformes,Salmonidae,Stenodus,Stenodus leucichthys,1,44,1313,8615,2351342,2351343,FALSE,Stenodus leucichthys,FALSE,NA,NA,NA,NA,NA,NA,NA,NA,NA,NA,NA,NA,Stenodus leucichthys,Fish
4407162,"Stenogammarus Martynov, 1924",Stenogammarus,"Martynov, 1924",GENUS,ZOOLOGICAL,ACCEPTED,NA,NA,SCIENTIFIC,"<i>Stenogammarus</i> Martynov, 1924",EXACT,94,20,Animalia,Arthropoda,Amphipoda,Pontogammaridae,Stenogammarus,NA,1,54,1231,3254579,4407162,NA,FALSE,Stenogammarus,FALSE,Malacostraca,229,NA,NA,NA,NA,NA,NA,NA,NA,NA,NA,Stenogammarus,Crayfish/crab (Malacostraca)
4417062,"Stenogammarus carausui Derzhavin & Pjatakova, 1962",Stenogammarus carausui,"Derzhavin & Pjatakova, 1962",SPECIES,ZOOLOGICAL,ACCEPTED,Stenogammarus,carausui,SCIENTIFIC,"<i>Stenogammarus</i> <i>carausui</i> Derzhavin & Pjatakova, 1962",EXACT,99,13,Animalia,Arthropoda,Amphipoda,Pontogammaridae,Stenogammarus,Stenogammarus carausui,1,54,1231,3254579,4407162,4417062,FALSE,Stenogammarus carausui,FALSE,Malacostraca,229,NA,NA,NA,NA,NA,NA,NA,NA,NA,NA,Stenogammarus carausui,Crayfish/crab (Malacostraca)
4417065,"Stenogammarus compressus (G.O.Sars, 1894)",Stenogammarus compressus,"(G.O.Sars, 1894)",SPECIES,ZOOLOGICAL,ACCEPTED,Stenogammarus,compressus,SCIENTIFIC,"<i>Stenogammarus</i> <i>compressus</i> (G.O.Sars, 1894)",EXACT,99,14,Animalia,Arthropoda,Amphipoda,Pontogammaridae,Stenogammarus,Stenogammarus compressus,1,54,1231,3254579,4407162,4417065,FALSE,Stenogammarus compressus,FALSE,Malacostraca,229,NA,NA,NA,NA,NA,NA,NA,NA,NA,NA,Stenogammarus compressus,Crayfish/crab (Malacostraca)
4417063,"Stenogammarus macrurus (G.O.Sars, 1894)",Stenogammarus macrurus,"(G.O.Sars, 1894)",SPECIES,ZOOLOGICAL,ACCEPTED,Stenogammarus,macrurus,SCIENTIFIC,"<i>Stenogammarus</i> <i>macrurus</i> (G.O.Sars, 1894)",EXACT,99,12,Animalia,Arthropoda,Amphipoda,Pontogammaridae,Stenogammarus,Stenogammarus macrurus,1,54,1231,3254579,4407162,4417063,FALSE,Stenogammarus macrurus,FALSE,Malacostraca,229,NA,NA,NA,NA,NA,NA,NA,NA,NA,NA,Stenogammarus macrurus,Crayfish/crab (Malacostraca)
4417067,"Stenogammarus similis (G.O.Sars, 1894)",Stenogammarus similis,"(G.O.Sars, 1894)",SPECIES,ZOOLOGICAL,ACCEPTED,Stenogammarus,similis,SCIENTIFIC,"<i>Stenogammarus</i> <i>similis</i> (G.O.Sars, 1894)",EXACT,99,10,Animalia,Arthropoda,Amphipoda,Pontogammaridae,Stenogammarus,Stenogammarus similis,1,54,1231,3254579,4407162,4417067,FALSE,Stenogammarus similis,FALSE,Malacostraca,229,NA,NA,NA,NA,NA,NA,NA,NA,NA,NA,Stenogammarus similis,Crayfish/crab (Malacostraca)
8361961,"Stenophysa marmorata (Guilding, 1828)",Stenophysa marmorata,"(Guilding, 1828)",SPECIES,ZOOLOGICAL,ACCEPTED,Stenophysa,marmorata,SCIENTIFIC,"<i>Stenophysa</i> <i>marmorata</i> (Guilding, 1828)",EXACT,99,13,Animalia,Mollusca,NA,Physidae,Stenophysa,Stenophysa marmorata,1,52,NA,6798,2291142,8361961,FALSE,Stenophysa marmorata,FALSE,Gastropoda,225,NA,NA,NA,NA,NA,NA,NA,NA,NA,NA,Stenophysa marmorata,Gastropod
2291144,"Stenophysa maugeriae (J.E.Gray, 1837)",Stenophysa maugeriae,"(J.E.Gray, 1837)",SPECIES,ZOOLOGICAL,ACCEPTED,Stenophysa,maugeriae,SCIENTIFIC,"<i>Stenophysa</i> <i>maugeriae</i> (J.E.Gray, 1837)",EXACT,99,13,Animalia,Mollusca,NA,Physidae,Stenophysa,Stenophysa maugeriae,1,52,NA,6798,2291142,2291144,FALSE,Stenophysa maugeriae,FALSE,Gastropoda,225,NA,NA,NA,NA,NA,NA,NA,NA,NA,NA,Stenophysa maugeriae,Gastropod
2413517,"Stolothrissa tanganicae Regan, 1917",Stolothrissa tanganicae,"Regan, 1917",SPECIES,ZOOLOGICAL,ACCEPTED,Stolothrissa,tanganicae,SCIENTIFIC,"<i>Stolothrissa</i> <i>tanganicae</i> Regan, 1917",EXACT,99,13,Animalia,Chordata,Clupeiformes,Clupeidae,Stolothrissa,Stolothrissa tanganicae,1,44,538,7332,2413516,2413517,FALSE,Stolothrissa tanganicae,FALSE,NA,NA,NA,NA,NA,NA,NA,NA,NA,NA,NA,NA,Stolothrissa tanganicae,Fish
5329192,Stratiotes aloides L.,Stratiotes aloides,L.,SPECIES,NA,ACCEPTED,Stratiotes,aloides,SCIENTIFIC,<i>Stratiotes</i> <i>aloides</i> L.,EXACT,99,12,Plantae,Tracheophyta,Alismatales,Hydrocharitaceae,Stratiotes,Stratiotes aloides,6,7707728,551,3721,2864769,5329192,FALSE,Stratiotes aloides,FALSE,Liliopsida,196,NA,NA,NA,NA,NA,NA,NA,NA,NA,NA,Stratiotes aloides,Plant (strict freshwater habitat tag only)
5208028,"Strongylura marina (Walbaum, 1792)",Strongylura marina,"(Walbaum, 1792)",SPECIES,ZOOLOGICAL,ACCEPTED,Strongylura,marina,SCIENTIFIC,"<i>Strongylura</i> <i>marina</i> (Walbaum, 1792)",EXACT,99,12,Animalia,Chordata,Beloniformes,Belonidae,Strongylura,Strongylura marina,1,44,498,7190,2369083,5208028,FALSE,Strongylura marina,FALSE,NA,NA,NA,NA,NA,NA,NA,NA,NA,NA,NA,NA,Strongylura marina,Fish
8375218,Stuckenia filiformis (Pers.) Börner,Stuckenia filiformis,(Pers.) Börner,SPECIES,BOTANICAL,ACCEPTED,Stuckenia,filiformis,SCIENTIFIC,<i>Stuckenia</i> <i>filiformis</i> (Pers.) Börner,EXACT,99,11,Plantae,Tracheophyta,Alismatales,Potamogetonaceae,Stuckenia,Stuckenia filiformis,6,7707728,551,6721,2756544,8375218,FALSE,Stuckenia filiformis,FALSE,Liliopsida,196,NA,NA,NA,NA,NA,NA,NA,NA,NA,NA,Stuckenia filiformis,Plant (strict freshwater habitat tag only)
7871428,Stuckenia pectinata (L.) Börner,Stuckenia pectinata,(L.) Börner,SPECIES,BOTANICAL,ACCEPTED,Stuckenia,pectinata,SCIENTIFIC,<i>Stuckenia</i> <i>pectinata</i> (L.) Börner,EXACT,99,12,Plantae,Tracheophyta,Alismatales,Potamogetonaceae,Stuckenia,Stuckenia pectinata,6,7707728,551,6721,2756544,7871428,FALSE,Stuckenia pectinata,FALSE,Liliopsida,196,NA,NA,NA,NA,NA,NA,NA,NA,NA,NA,Stuckenia pectinata,Plant (strict freshwater habitat tag only)
5208133,"Symphysodon aequifasciatus Pellegrin, 1904",Symphysodon aequifasciatus,"Pellegrin, 1904",SPECIES,ZOOLOGICAL,ACCEPTED,Symphysodon,aequifasciatus,SCIENTIFIC,"<i>Symphysodon</i> <i>aequifasciatus</i> Pellegrin, 1904",EXACT,99,14,Animalia,Chordata,Perciformes,Cichlidae,Symphysodon,Symphysodon aequifasciatus,1,44,587,8522,2370187,5208133,FALSE,Symphysodon aequifasciatus,FALSE,NA,NA,NA,NA,NA,NA,NA,NA,NA,NA,NA,NA,Symphysodon aequifasciatus,Fish
5208131,"Symphysodon discus Heckel, 1840",Symphysodon discus,"Heckel, 1840",SPECIES,ZOOLOGICAL,ACCEPTED,Symphysodon,discus,SCIENTIFIC,"<i>Symphysodon</i> <i>discus</i> Heckel, 1840",EXACT,99,9,Animalia,Chordata,Perciformes,Cichlidae,Symphysodon,Symphysodon discus,1,44,587,8522,2370187,5208131,FALSE,Symphysodon discus,FALSE,NA,NA,NA,NA,NA,NA,NA,NA,NA,NA,NA,NA,Symphysodon discus,Fish
2351979,"Synbranchus marmoratus Bloch, 1795",Synbranchus marmoratus,"Bloch, 1795",SPECIES,ZOOLOGICAL,ACCEPTED,Synbranchus,marmoratus,SCIENTIFIC,"<i>Synbranchus</i> <i>marmoratus</i> Bloch, 1795",EXACT,99,12,Animalia,Chordata,Synbranchiformes,Synbranchidae,Synbranchus,Synbranchus marmoratus,1,44,889,2223,2351978,2351979,FALSE,Synbranchus marmoratus,FALSE,NA,NA,NA,NA,NA,NA,NA,NA,NA,NA,NA,NA,Synbranchus marmoratus,Fish
8056718,"Syngnathus abaster Risso, 1827",Syngnathus abaster,"Risso, 1827",SPECIES,ZOOLOGICAL,ACCEPTED,Syngnathus,abaster,SCIENTIFIC,"<i>Syngnathus</i> <i>abaster</i> Risso, 1827",EXACT,99,11,Animalia,Chordata,Syngnathiformes,Syngnathidae,Syngnathus,Syngnathus abaster,1,44,773,5901,2332887,8056718,FALSE,Syngnathus abaster,FALSE,NA,NA,NA,NA,NA,NA,NA,NA,NA,NA,NA,NA,Syngnathus abaster,Fish
2344483,"Synodontis eupterus Boulenger, 1901",Synodontis eupterus,"Boulenger, 1901",SPECIES,ZOOLOGICAL,ACCEPTED,Synodontis,eupterus,SCIENTIFIC,"<i>Synodontis</i> <i>eupterus</i> Boulenger, 1901",EXACT,99,9,Animalia,Chordata,Siluriformes,Mochokidae,Synodontis,Synodontis eupterus,1,44,708,5160,2344276,2344483,FALSE,Synodontis eupterus,FALSE,NA,NA,NA,NA,NA,NA,NA,NA,NA,NA,NA,NA,Synodontis eupterus,Fish
2344349,"Synodontis ocellifer Boulenger, 1900",Synodontis ocellifer,"Boulenger, 1900",SPECIES,ZOOLOGICAL,ACCEPTED,Synodontis,ocellifer,SCIENTIFIC,"<i>Synodontis</i> <i>ocellifer</i> Boulenger, 1900",EXACT,99,11,Animalia,Chordata,Siluriformes,Mochokidae,Synodontis,Synodontis ocellifer,1,44,708,5160,2344276,2344349,FALSE,Synodontis ocellifer,FALSE,NA,NA,NA,NA,NA,NA,NA,NA,NA,NA,NA,NA,Synodontis ocellifer,Fish
4416920,"Synurella ambulans (F.Müller, 1846)",Synurella ambulans,"(F.Müller, 1846)",SPECIES,ZOOLOGICAL,ACCEPTED,Synurella,ambulans,SCIENTIFIC,"<i>Synurella</i> <i>ambulans</i> (F.Müller, 1846)",EXACT,99,10,Animalia,Arthropoda,Amphipoda,Crangonyctidae,Synurella,Synurella ambulans,1,54,1231,4424,2217951,4416920,FALSE,Synurella ambulans,FALSE,Malacostraca,229,NA,NA,NA,NA,NA,NA,NA,NA,NA,NA,Synurella ambulans,Crayfish/crab (Malacostraca)
2364120,"Systomus orphoides (Valenciennes, 1842)",Systomus orphoides,"(Valenciennes, 1842)",SPECIES,ZOOLOGICAL,ACCEPTED,Systomus,orphoides,SCIENTIFIC,"<i>Systomus</i> <i>orphoides</i> (Valenciennes, 1842)",EXACT,99,13,Animalia,Chordata,Cypriniformes,Cyprinidae,Systomus,Systomus orphoides,1,44,1153,7336,2360354,2364120,FALSE,Systomus orphoides,FALSE,NA,NA,NA,NA,NA,NA,NA,NA,NA,NA,NA,NA,Systomus orphoides,Fish
6168086,"Tachysurus nudiceps (Sauvage, 1883)",Tachysurus nudiceps,"(Sauvage, 1883)",SPECIES,ZOOLOGICAL,ACCEPTED,Tachysurus,nudiceps,SCIENTIFIC,"<i>Tachysurus</i> <i>nudiceps</i> (Sauvage, 1883)",EXACT,99,11,Animalia,Chordata,Siluriformes,Bagridae,Tachysurus,Tachysurus nudiceps,1,44,708,8974,2338457,6168086,FALSE,Tachysurus nudiceps,FALSE,NA,NA,NA,NA,NA,NA,NA,NA,NA,NA,NA,NA,Tachysurus nudiceps,Fish
7371959,"Taiwanassiminea bedaliensis (B.Rensch, 1934)",Taiwanassiminea bedaliensis,"(B.Rensch, 1934)",SPECIES,ZOOLOGICAL,ACCEPTED,Taiwanassiminea,bedaliensis,SCIENTIFIC,"<i>Taiwanassiminea</i> <i>bedaliensis</i> (B.Rensch, 1934)",EXACT,99,12,Animalia,Mollusca,Littorinimorpha,Assimineidae,Taiwanassiminea,Taiwanassiminea bedaliensis,1,52,7390893,6765,4618990,7371959,FALSE,Taiwanassiminea bedaliensis,FALSE,Gastropoda,225,NA,NA,NA,NA,NA,NA,NA,NA,NA,NA,Taiwanassiminea bedaliensis,Gastropod
2407554,"Takifugu ocellatus (Linnaeus, 1758)",Takifugu ocellatus,"(Linnaeus, 1758)",SPECIES,ZOOLOGICAL,ACCEPTED,Takifugu,ocellatus,SCIENTIFIC,"<i>Takifugu</i> <i>ocellatus</i> (Linnaeus, 1758)",EXACT,99,7,Animalia,Chordata,Tetraodontiformes,Tetraodontidae,Takifugu,Takifugu ocellatus,1,44,772,2219,2407533,2407554,FALSE,Takifugu ocellatus,FALSE,NA,NA,NA,NA,NA,NA,NA,NA,NA,NA,NA,NA,Takifugu ocellatus,Fish
2407604,"Takifugu rubripes (Temminck & Schlegel, 1850)",Takifugu rubripes,"(Temminck & Schlegel, 1850)",SPECIES,ZOOLOGICAL,ACCEPTED,Takifugu,rubripes,SCIENTIFIC,"<i>Takifugu</i> <i>rubripes</i> (Temminck & Schlegel, 1850)",EXACT,99,15,Animalia,Chordata,Tetraodontiformes,Tetraodontidae,Takifugu,Takifugu rubripes,1,44,772,2219,2407533,2407604,FALSE,Takifugu rubripes,FALSE,NA,NA,NA,NA,NA,NA,NA,NA,NA,NA,NA,NA,Takifugu rubripes,Fish
2366948,"Tanakia lanceolata (Temminck & Schlegel, 1846)",Tanakia lanceolata,"(Temminck & Schlegel, 1846)",SPECIES,ZOOLOGICAL,ACCEPTED,Tanakia,lanceolata,SCIENTIFIC,"<i>Tanakia</i> <i>lanceolata</i> (Temminck & Schlegel, 1846)",EXACT,99,15,Animalia,Chordata,Cypriniformes,Cyprinidae,Tanakia,Tanakia lanceolata,1,44,1153,7336,2366944,2366948,FALSE,Tanakia lanceolata,FALSE,NA,NA,NA,NA,NA,NA,NA,NA,NA,NA,NA,NA,Tanakia lanceolata,Fish
2366954,"Tanakia limbata (Temminck & Schlegel, 1846)",Tanakia limbata,"(Temminck & Schlegel, 1846)",SPECIES,ZOOLOGICAL,ACCEPTED,Tanakia,limbata,SCIENTIFIC,"<i>Tanakia</i> <i>limbata</i> (Temminck & Schlegel, 1846)",EXACT,99,11,Animalia,Chordata,Cypriniformes,Cyprinidae,Tanakia,Tanakia limbata,1,44,1153,7336,2366944,2366954,FALSE,Tanakia limbata,FALSE,NA,NA,NA,NA,NA,NA,NA,NA,NA,NA,NA,NA,Tanakia limbata,Fish
5207572,"Tanichthys albonubes Linnaeus, 1932",Tanichthys albonubes,"Linnaeus, 1932",SPECIES,ZOOLOGICAL,ACCEPTED,Tanichthys,albonubes,SCIENTIFIC,"<i>Tanichthys</i> <i>albonubes</i> Linnaeus, 1932",EXACT,99,8,Animalia,Chordata,Cypriniformes,Cyprinidae,Tanichthys,Tanichthys albonubes,1,44,1153,7336,2366438,5207572,FALSE,Tanichthys albonubes,FALSE,NA,NA,NA,NA,NA,NA,NA,NA,NA,NA,NA,NA,Tanichthys albonubes,Fish
2300928,"Tarebia granifera (Lamarck, 1816)",Tarebia granifera,"(Lamarck, 1816)",SPECIES,ZOOLOGICAL,ACCEPTED,Tarebia,granifera,SCIENTIFIC,"<i>Tarebia</i> <i>granifera</i> (Lamarck, 1816)",EXACT,99,11,Animalia,Mollusca,NA,Thiaridae,Tarebia,Tarebia granifera,1,52,NA,7063,2300927,2300928,FALSE,Tarebia granifera,FALSE,Gastropoda,225,NA,NA,NA,NA,NA,NA,NA,NA,NA,NA,Tarebia granifera,Gastropod
2372981,"Telmatochromis bifrenatus Myers, 1936",Telmatochromis bifrenatus,"Myers, 1936",SPECIES,ZOOLOGICAL,ACCEPTED,Telmatochromis,bifrenatus,SCIENTIFIC,"<i>Telmatochromis</i> <i>bifrenatus</i> Myers, 1936",EXACT,99,13,Animalia,Chordata,Perciformes,Cichlidae,Telmatochromis,Telmatochromis bifrenatus,1,44,587,8522,2372968,2372981,FALSE,Telmatochromis bifrenatus,FALSE,NA,NA,NA,NA,NA,NA,NA,NA,NA,NA,NA,NA,Telmatochromis bifrenatus,Fish
2374521,"Terapon jarbua (Forsskål, 1775)",Terapon jarbua,"(Forsskål, 1775)",SPECIES,ZOOLOGICAL,ACCEPTED,Terapon,jarbua,SCIENTIFIC,"<i>Terapon</i> <i>jarbua</i> (Forsskål, 1775)",EXACT,99,12,Animalia,Chordata,Perciformes,Terapontidae,Terapon,Terapon jarbua,1,44,587,5072,2374520,2374521,FALSE,Terapon jarbua,FALSE,NA,NA,NA,NA,NA,NA,NA,NA,NA,NA,NA,NA,Terapon jarbua,Fish
2374540,"Terapon puta Cuvier, 1829",Terapon puta,"Cuvier, 1829",SPECIES,ZOOLOGICAL,ACCEPTED,Terapon,puta,SCIENTIFIC,"<i>Terapon</i> <i>puta</i> Cuvier, 1829",EXACT,99,9,Animalia,Chordata,Perciformes,Terapontidae,Terapon,Terapon puta,1,44,587,5072,2374520,2374540,FALSE,Terapon puta,FALSE,NA,NA,NA,NA,NA,NA,NA,NA,NA,NA,NA,NA,Terapon puta,Fish
2374535,"Terapon theraps Cuvier, 1829",Terapon theraps,"Cuvier, 1829",SPECIES,ZOOLOGICAL,ACCEPTED,Terapon,theraps,SCIENTIFIC,"<i>Terapon</i> <i>theraps</i> Cuvier, 1829",EXACT,99,10,Animalia,Chordata,Perciformes,Terapontidae,Terapon,Terapon theraps,1,44,587,5072,2374520,2374535,FALSE,Terapon theraps,FALSE,NA,NA,NA,NA,NA,NA,NA,NA,NA,NA,NA,NA,Terapon theraps,Fish
5213549,"Tetraodon duboisi Poll, 1959",Tetraodon duboisi,"Poll, 1959",SPECIES,ZOOLOGICAL,ACCEPTED,Tetraodon,duboisi,SCIENTIFIC,"<i>Tetraodon</i> <i>duboisi</i> Poll, 1959",EXACT,99,10,Animalia,Chordata,Tetraodontiformes,Tetraodontidae,Tetraodon,Tetraodon duboisi,1,44,772,2219,2407434,5213549,FALSE,Tetraodon duboisi,FALSE,NA,NA,NA,NA,NA,NA,NA,NA,NA,NA,NA,NA,Tetraodon duboisi,Fish
5213591,"Tetraodon lineatus Linnaeus, 1758",Tetraodon lineatus,"Linnaeus, 1758",SPECIES,ZOOLOGICAL,ACCEPTED,Tetraodon,lineatus,SCIENTIFIC,"<i>Tetraodon</i> <i>lineatus</i> Linnaeus, 1758",EXACT,99,11,Animalia,Chordata,Tetraodontiformes,Tetraodontidae,Tetraodon,Tetraodon lineatus,1,44,772,2219,2407434,5213591,FALSE,Tetraodon lineatus,FALSE,NA,NA,NA,NA,NA,NA,NA,NA,NA,NA,NA,NA,Tetraodon lineatus,Fish
5213579,"Tetraodon mbu Boulenger, 1899",Tetraodon mbu,"Boulenger, 1899",SPECIES,ZOOLOGICAL,ACCEPTED,Tetraodon,mbu,SCIENTIFIC,"<i>Tetraodon</i> <i>mbu</i> Boulenger, 1899",EXACT,99,13,Animalia,Chordata,Tetraodontiformes,Tetraodontidae,Tetraodon,Tetraodon mbu,1,44,772,2219,2407434,5213579,FALSE,Tetraodon mbu,FALSE,NA,NA,NA,NA,NA,NA,NA,NA,NA,NA,NA,NA,Tetraodon mbu,Fish
5213550,"Tetraodon miurus Boulenger, 1902",Tetraodon miurus,"Boulenger, 1902",SPECIES,ZOOLOGICAL,ACCEPTED,Tetraodon,miurus,SCIENTIFIC,"<i>Tetraodon</i> <i>miurus</i> Boulenger, 1902",EXACT,99,10,Animalia,Chordata,Tetraodontiformes,Tetraodontidae,Tetraodon,Tetraodon miurus,1,44,772,2219,2407434,5213550,FALSE,Tetraodon miurus,FALSE,NA,NA,NA,NA,NA,NA,NA,NA,NA,NA,NA,NA,Tetraodon miurus,Fish
5303040,Thalia dealbata Fraser,Thalia dealbata,Fraser,SPECIES,NA,ACCEPTED,Thalia,dealbata,SCIENTIFIC,<i>Thalia</i> <i>dealbata</i> Fraser,EXACT,97,13,Plantae,Tracheophyta,Zingiberales,Marantaceae,Thalia,Thalia dealbata,6,7707728,627,8784,2760991,5303040,FALSE,Thalia dealbata,FALSE,Liliopsida,196,NA,NA,NA,NA,NA,NA,NA,NA,NA,NA,Thalia dealbata,Plant (strict freshwater habitat tag only)
5303044,Thalia geniculata L.,Thalia geniculata,L.,SPECIES,NA,ACCEPTED,Thalia,geniculata,SCIENTIFIC,<i>Thalia</i> <i>geniculata</i> L.,EXACT,99,12,Plantae,Tracheophyta,Zingiberales,Marantaceae,Thalia,Thalia geniculata,6,7707728,627,8784,2760991,5303044,FALSE,Thalia geniculata,FALSE,Liliopsida,196,NA,NA,NA,NA,NA,NA,NA,NA,NA,NA,Thalia geniculata,Plant (strict freshwater habitat tag only)
5204168,"Thayeria boehlkei Weitzman, 1957",Thayeria boehlkei,"Weitzman, 1957",SPECIES,ZOOLOGICAL,ACCEPTED,Thayeria,boehlkei,SCIENTIFIC,"<i>Thayeria</i> <i>boehlkei</i> Weitzman, 1957",EXACT,99,10,Animalia,Chordata,Characiformes,Characidae,Thayeria,Thayeria boehlkei,1,44,537,7201,2352702,5204168,FALSE,Thayeria boehlkei,FALSE,NA,NA,NA,NA,NA,NA,NA,NA,NA,NA,NA,NA,Thayeria boehlkei,Fish
4561966,"Theodoxus danubialis (C.Pfeiffer, 1828)",Theodoxus danubialis,"(C.Pfeiffer, 1828)",SPECIES,ZOOLOGICAL,ACCEPTED,Theodoxus,danubialis,SCIENTIFIC,"<i>Theodoxus</i> <i>danubialis</i> (C.Pfeiffer, 1828)",EXACT,99,11,Animalia,Mollusca,Cycloneritida,Neritidae,Theodoxus,Theodoxus danubialis,1,52,9680972,2658,2291442,4561966,FALSE,Theodoxus danubialis,FALSE,Gastropoda,225,NA,NA,NA,NA,NA,NA,NA,NA,NA,NA,Theodoxus danubialis,Gastropod
2291444,"Theodoxus fluviatilis (Linnaeus, 1758)",Theodoxus fluviatilis,"(Linnaeus, 1758)",SPECIES,ZOOLOGICAL,ACCEPTED,Theodoxus,fluviatilis,SCIENTIFIC,"<i>Theodoxus</i> <i>fluviatilis</i> (Linnaeus, 1758)",EXACT,99,5,Animalia,Mollusca,Cycloneritida,Neritidae,Theodoxus,Theodoxus fluviatilis,1,52,9680972,2658,2291442,2291444,FALSE,Theodoxus fluviatilis,FALSE,Gastropoda,225,NA,NA,NA,NA,NA,NA,NA,NA,NA,NA,Theodoxus fluviatilis,Gastropod
10705526,"Theodoxus major Issel, 1865",Theodoxus major,"Issel, 1865",SPECIES,ZOOLOGICAL,ACCEPTED,Theodoxus,major,SCIENTIFIC,"<i>Theodoxus</i> <i>major</i> Issel, 1865",EXACT,99,11,Animalia,Mollusca,Cycloneritida,Neritidae,Theodoxus,Theodoxus major,1,52,9680972,2658,2291442,10705526,FALSE,Theodoxus major,FALSE,Gastropoda,225,NA,NA,NA,NA,NA,NA,NA,NA,NA,NA,Theodoxus major,Gastropod
4562023,"Theodoxus transversalis (C.Pfeiffer, 1828)",Theodoxus transversalis,"(C.Pfeiffer, 1828)",SPECIES,ZOOLOGICAL,ACCEPTED,Theodoxus,transversalis,SCIENTIFIC,"<i>Theodoxus</i> <i>transversalis</i> (C.Pfeiffer, 1828)",EXACT,99,17,Animalia,Mollusca,Cycloneritida,Neritidae,Theodoxus,Theodoxus transversalis,1,52,9680972,2658,2291442,4562023,FALSE,Theodoxus transversalis,FALSE,Gastropoda,225,NA,NA,NA,NA,NA,NA,NA,NA,NA,NA,Theodoxus transversalis,Gastropod
2359064,"Thoburnia rhothoeca (Thoburn, 1896)",Thoburnia rhothoeca,"(Thoburn, 1896)",SPECIES,ZOOLOGICAL,ACCEPTED,Thoburnia,rhothoeca,SCIENTIFIC,"<i>Thoburnia</i> <i>rhothoeca</i> (Thoburn, 1896)",EXACT,99,9,Animalia,Chordata,Cypriniformes,Catostomidae,Thoburnia,Thoburnia rhothoeca,1,44,1153,3384,2359063,2359064,FALSE,Thoburnia rhothoeca,FALSE,NA,NA,NA,NA,NA,NA,NA,NA,NA,NA,NA,NA,Thoburnia rhothoeca,Fish
2370889,"Thorichthys callolepis (Regan, 1904)",Thorichthys callolepis,"(Regan, 1904)",SPECIES,ZOOLOGICAL,ACCEPTED,Thorichthys,callolepis,SCIENTIFIC,"<i>Thorichthys</i> <i>callolepis</i> (Regan, 1904)",EXACT,99,5,Animalia,Chordata,Perciformes,Cichlidae,Thorichthys,Thorichthys callolepis,1,44,587,8522,2370888,2370889,FALSE,Thorichthys callolepis,FALSE,NA,NA,NA,NA,NA,NA,NA,NA,NA,NA,NA,NA,Thorichthys callolepis,Fish
2370898,"Thorichthys meeki Brind, 1918",Thorichthys meeki,"Brind, 1918",SPECIES,ZOOLOGICAL,ACCEPTED,Thorichthys,meeki,SCIENTIFIC,"<i>Thorichthys</i> <i>meeki</i> Brind, 1918",EXACT,99,9,Animalia,Chordata,Perciformes,Cichlidae,Thorichthys,Thorichthys meeki,1,44,587,8522,2370888,2370898,FALSE,Thorichthys meeki,FALSE,NA,NA,NA,NA,NA,NA,NA,NA,NA,NA,NA,NA,Thorichthys meeki,Fish
5711974,"Thymallus arcticus (Pallas, 1776)",Thymallus arcticus,"(Pallas, 1776)",SPECIES,ZOOLOGICAL,ACCEPTED,Thymallus,arcticus,SCIENTIFIC,"<i>Thymallus</i> <i>arcticus</i> (Pallas, 1776)",EXACT,99,9,Animalia,Chordata,Salmoniformes,Salmonidae,Thymallus,Thymallus arcticus,1,44,1313,8615,5203981,5711974,FALSE,Thymallus arcticus,FALSE,NA,NA,NA,NA,NA,NA,NA,NA,NA,NA,NA,NA,Thymallus arcticus,Fish
5816794,"Thymallus baicalensis Dybowski, 1874",Thymallus baicalensis,"Dybowski, 1874",SPECIES,ZOOLOGICAL,ACCEPTED,Thymallus,baicalensis,SCIENTIFIC,"<i>Thymallus</i> <i>baicalensis</i> Dybowski, 1874",EXACT,99,7,Animalia,Chordata,Salmoniformes,Salmonidae,Thymallus,Thymallus baicalensis,1,44,1313,8615,5203981,5816794,FALSE,Thymallus baicalensis,FALSE,NA,NA,NA,NA,NA,NA,NA,NA,NA,NA,NA,NA,Thymallus baicalensis,Fish
5203999,"Thymallus thymallus (Linnaeus, 1758)",Thymallus thymallus,"(Linnaeus, 1758)",SPECIES,ZOOLOGICAL,ACCEPTED,Thymallus,thymallus,SCIENTIFIC,"<i>Thymallus</i> <i>thymallus</i> (Linnaeus, 1758)",EXACT,99,8,Animalia,Chordata,Salmoniformes,Salmonidae,Thymallus,Thymallus thymallus,1,44,1313,8615,5203981,5203999,FALSE,Thymallus thymallus,FALSE,NA,NA,NA,NA,NA,NA,NA,NA,NA,NA,NA,NA,Thymallus thymallus,Fish
2370591,"Tilapia sparrmanii Smith, 1840",Tilapia sparrmanii,"Smith, 1840",SPECIES,ZOOLOGICAL,ACCEPTED,Tilapia,sparrmanii,SCIENTIFIC,"<i>Tilapia</i> <i>sparrmanii</i> Smith, 1840",EXACT,99,8,Animalia,Chordata,Perciformes,Cichlidae,Tilapia,Tilapia sparrmanii,1,44,587,8522,2370578,2370591,FALSE,Tilapia sparrmanii,FALSE,NA,NA,NA,NA,NA,NA,NA,NA,NA,NA,NA,NA,Tilapia sparrmanii,Fish
2362524,"Tinca tinca (Linnaeus, 1758)",Tinca tinca,"(Linnaeus, 1758)",SPECIES,ZOOLOGICAL,ACCEPTED,Tinca,tinca,SCIENTIFIC,"<i>Tinca</i> <i>tinca</i> (Linnaeus, 1758)",EXACT,99,1,Animalia,Chordata,Cypriniformes,Cyprinidae,Tinca,Tinca tinca,1,44,1153,7336,2362523,2362524,FALSE,Tinca tinca,FALSE,NA,NA,NA,NA,NA,NA,NA,NA,NA,NA,NA,NA,Tinca tinca,Fish
2364530,"Tor putitora (Hamilton, 1822)",Tor putitora,"(Hamilton, 1822)",SPECIES,ZOOLOGICAL,ACCEPTED,Tor,putitora,SCIENTIFIC,"<i>Tor</i> <i>putitora</i> (Hamilton, 1822)",EXACT,99,6,Animalia,Chordata,Cypriniformes,Cyprinidae,Tor,Tor putitora,1,44,1153,7336,2364491,2364530,FALSE,Tor putitora,FALSE,NA,NA,NA,NA,NA,NA,NA,NA,NA,NA,NA,NA,Tor putitora,Fish
2364511,"Tor tambra (Valenciennes, 1842)",Tor tambra,"(Valenciennes, 1842)",SPECIES,ZOOLOGICAL,ACCEPTED,Tor,tambra,SCIENTIFIC,"<i>Tor</i> <i>tambra</i> (Valenciennes, 1842)",EXACT,99,2,Animalia,Chordata,Cypriniformes,Cyprinidae,Tor,Tor tambra,1,44,1153,7336,2364491,2364511,FALSE,Tor tambra,FALSE,NA,NA,NA,NA,NA,NA,NA,NA,NA,NA,NA,NA,Tor tambra,Fish
2382436,"Toxotes jaculatrix (Pallas, 1767)",Toxotes jaculatrix,"(Pallas, 1767)",SPECIES,ZOOLOGICAL,ACCEPTED,Toxotes,jaculatrix,SCIENTIFIC,"<i>Toxotes</i> <i>jaculatrix</i> (Pallas, 1767)",EXACT,99,12,Animalia,Chordata,Perciformes,Toxotidae,Toxotes,Toxotes jaculatrix,1,44,587,8599,2369587,2382436,FALSE,Toxotes jaculatrix,FALSE,NA,NA,NA,NA,NA,NA,NA,NA,NA,NA,NA,NA,Toxotes jaculatrix,Fish
2344685,"Trachelyopterus galeatus (Linnaeus, 1766)",Trachelyopterus galeatus,"(Linnaeus, 1766)",SPECIES,ZOOLOGICAL,ACCEPTED,Trachelyopterus,galeatus,SCIENTIFIC,"<i>Trachelyopterus</i> <i>galeatus</i> (Linnaeus, 1766)",EXACT,99,15,Animalia,Chordata,Siluriformes,Auchenipteridae,Trachelyopterus,Trachelyopterus galeatus,1,44,708,8640,2344659,2344685,FALSE,Trachelyopterus galeatus,FALSE,NA,NA,NA,NA,NA,NA,NA,NA,NA,NA,NA,NA,Trachelyopterus galeatus,Fish
7534069,"Trapa bicornis L.f., 1782",Trapa bicornis,"L.f., 1782",SPECIES,ZOOLOGICAL,ACCEPTED,Trapa,bicornis,SCIENTIFIC,"<i>Trapa</i> <i>bicornis</i> L.f., 1782",EXACT,97,11,Plantae,Tracheophyta,Myrtales,Lythraceae,Trapa,Trapa bicornis,6,7707728,690,6684,3188756,7534069,FALSE,Trapa bicornis,FALSE,Magnoliopsida,220,NA,NA,NA,NA,NA,NA,NA,NA,NA,NA,Trapa bicornis,Plant (strict freshwater habitat tag only)
3188757,Trapa natans L.,Trapa natans,L.,SPECIES,NA,ACCEPTED,Trapa,natans,SCIENTIFIC,<i>Trapa</i> <i>natans</i> L.,EXACT,97,9,Plantae,Tracheophyta,Myrtales,Lythraceae,Trapa,Trapa natans,6,7707728,690,6684,3188756,3188757,FALSE,Trapa natans,FALSE,Magnoliopsida,220,NA,NA,NA,NA,NA,NA,NA,NA,NA,NA,Trapa natans,Plant (strict freshwater habitat tag only)
5205578,"Tribolodon brandtii (Dybowski, 1872)",Tribolodon brandtii,"(Dybowski, 1872)",SPECIES,ZOOLOGICAL,ACCEPTED,Tribolodon,brandtii,SCIENTIFIC,"<i>Tribolodon</i> <i>brandtii</i> (Dybowski, 1872)",EXACT,99,11,Animalia,Chordata,Cypriniformes,Cyprinidae,Tribolodon,Tribolodon brandtii,1,44,1153,7336,2359352,5205578,FALSE,Tribolodon brandtii,FALSE,NA,NA,NA,NA,NA,NA,NA,NA,NA,NA,NA,NA,Tribolodon brandtii,Fish
5211187,"Trichogaster labiosa Day, 1877",Trichogaster labiosa,"Day, 1877",SPECIES,ZOOLOGICAL,ACCEPTED,Trichogaster,labiosa,SCIENTIFIC,"<i>Trichogaster</i> <i>labiosa</i> Day, 1877",EXACT,99,12,Animalia,Chordata,Perciformes,Osphronemidae,Trichogaster,Trichogaster labiosa,1,44,587,8553,2394062,5211187,FALSE,Trichogaster labiosa,FALSE,NA,NA,NA,NA,NA,NA,NA,NA,NA,NA,NA,NA,Trichogaster labiosa,Fish
5211200,"Trichogaster lalius (Hamilton, 1822)",Trichogaster lalius,"(Hamilton, 1822)",SPECIES,ZOOLOGICAL,ACCEPTED,Trichogaster,lalius,SCIENTIFIC,"<i>Trichogaster</i> <i>lalius</i> (Hamilton, 1822)",EXACT,99,10,Animalia,Chordata,Perciformes,Osphronemidae,Trichogaster,Trichogaster lalius,1,44,587,8553,2394062,5211200,FALSE,Trichogaster lalius,FALSE,NA,NA,NA,NA,NA,NA,NA,NA,NA,NA,NA,NA,Trichogaster lalius,Fish
7623402,"Trichopodus leerii (Bleeker, 1852)",Trichopodus leerii,"(Bleeker, 1852)",SPECIES,ZOOLOGICAL,ACCEPTED,Trichopodus,leerii,SCIENTIFIC,"<i>Trichopodus</i> <i>leerii</i> (Bleeker, 1852)",EXACT,99,10,Animalia,Chordata,Perciformes,Osphronemidae,Trichopodus,Trichopodus leerii,1,44,587,8553,2394147,7623402,FALSE,Trichopodus leerii,FALSE,NA,NA,NA,NA,NA,NA,NA,NA,NA,NA,NA,NA,Trichopodus leerii,Fish
5211179,"Trichopodus microlepis (Günther, 1861)",Trichopodus microlepis,"(Günther, 1861)",SPECIES,ZOOLOGICAL,ACCEPTED,Trichopodus,microlepis,SCIENTIFIC,"<i>Trichopodus</i> <i>microlepis</i> (Günther, 1861)",EXACT,99,12,Animalia,Chordata,Perciformes,Osphronemidae,Trichopodus,Trichopodus microlepis,1,44,587,8553,2394147,5211179,FALSE,Trichopodus microlepis,FALSE,NA,NA,NA,NA,NA,NA,NA,NA,NA,NA,NA,NA,Trichopodus microlepis,Fish
5211177,"Trichopodus pectoralis Regan, 1910",Trichopodus pectoralis,"Regan, 1910",SPECIES,ZOOLOGICAL,ACCEPTED,Trichopodus,pectoralis,SCIENTIFIC,"<i>Trichopodus</i> <i>pectoralis</i> Regan, 1910",EXACT,99,13,Animalia,Chordata,Perciformes,Osphronemidae,Trichopodus,Trichopodus pectoralis,1,44,587,8553,2394147,5211177,FALSE,Trichopodus pectoralis,FALSE,NA,NA,NA,NA,NA,NA,NA,NA,NA,NA,NA,NA,Trichopodus pectoralis,Fish
5211169,"Trichopodus trichopterus (Pallas, 1770)",Trichopodus trichopterus,"(Pallas, 1770)",SPECIES,ZOOLOGICAL,ACCEPTED,Trichopodus,trichopterus,SCIENTIFIC,"<i>Trichopodus</i> <i>trichopterus</i> (Pallas, 1770)",EXACT,99,14,Animalia,Chordata,Perciformes,Osphronemidae,Trichopodus,Trichopodus trichopterus,1,44,587,8553,2394147,5211169,FALSE,Trichopodus trichopterus,FALSE,NA,NA,NA,NA,NA,NA,NA,NA,NA,NA,NA,NA,Trichopodus trichopterus,Fish
5211203,"Trichopsis schalleri Ladiges, 1962",Trichopsis schalleri,"Ladiges, 1962",SPECIES,ZOOLOGICAL,ACCEPTED,Trichopsis,schalleri,SCIENTIFIC,"<i>Trichopsis</i> <i>schalleri</i> Ladiges, 1962",EXACT,99,11,Animalia,Chordata,Perciformes,Osphronemidae,Trichopsis,Trichopsis schalleri,1,44,587,8553,2394137,5211203,FALSE,Trichopsis schalleri,FALSE,NA,NA,NA,NA,NA,NA,NA,NA,NA,NA,NA,NA,Trichopsis schalleri,Fish
5211201,"Trichopsis vittata (Cuvier, 1831)",Trichopsis vittata,"(Cuvier, 1831)",SPECIES,ZOOLOGICAL,ACCEPTED,Trichopsis,vittata,SCIENTIFIC,"<i>Trichopsis</i> <i>vittata</i> (Cuvier, 1831)",EXACT,99,9,Animalia,Chordata,Perciformes,Osphronemidae,Trichopsis,Trichopsis vittata,1,44,587,8553,2394137,5211201,FALSE,Trichopsis vittata,FALSE,NA,NA,NA,NA,NA,NA,NA,NA,NA,NA,NA,NA,Trichopsis vittata,Fish
9321404,"Trichromis salvini (Günther, 1862)",Trichromis salvini,"(Günther, 1862)",SPECIES,ZOOLOGICAL,ACCEPTED,Trichromis,salvini,SCIENTIFIC,"<i>Trichromis</i> <i>salvini</i> (Günther, 1862)",EXACT,99,10,Animalia,Chordata,Perciformes,Cichlidae,Trichromis,Trichromis salvini,1,44,587,8522,8594419,9321404,FALSE,Trichromis salvini,FALSE,NA,NA,NA,NA,NA,NA,NA,NA,NA,NA,NA,NA,Trichromis salvini,Fish
2376461,"Tridentiger bifasciatus Steindachner, 1881",Tridentiger bifasciatus,"Steindachner, 1881",SPECIES,ZOOLOGICAL,ACCEPTED,Tridentiger,bifasciatus,SCIENTIFIC,"<i>Tridentiger</i> <i>bifasciatus</i> Steindachner, 1881",EXACT,99,11,Animalia,Chordata,Perciformes,Gobiidae,Tridentiger,Tridentiger bifasciatus,1,44,587,4274,2376455,2376461,FALSE,Tridentiger bifasciatus,FALSE,NA,NA,NA,NA,NA,NA,NA,NA,NA,NA,NA,NA,Tridentiger bifasciatus,Fish
2376456,"Tridentiger brevispinis Katsuyama, Arai & Nakamura, 1972",Tridentiger brevispinis,"Katsuyama, Arai & Nakamura, 1972",SPECIES,ZOOLOGICAL,ACCEPTED,Tridentiger,brevispinis,SCIENTIFIC,"<i>Tridentiger</i> <i>brevispinis</i> Katsuyama, Arai & Nakamura, 1972",EXACT,99,13,Animalia,Chordata,Perciformes,Gobiidae,Tridentiger,Tridentiger brevispinis,1,44,587,4274,2376455,2376456,FALSE,Tridentiger brevispinis,FALSE,NA,NA,NA,NA,NA,NA,NA,NA,NA,NA,NA,NA,Tridentiger brevispinis,Fish
2376462,"Tridentiger trigonocephalus (Gill, 1859)",Tridentiger trigonocephalus,"(Gill, 1859)",SPECIES,ZOOLOGICAL,ACCEPTED,Tridentiger,trigonocephalus,SCIENTIFIC,"<i>Tridentiger</i> <i>trigonocephalus</i> (Gill, 1859)",EXACT,99,14,Animalia,Chordata,Perciformes,Gobiidae,Tridentiger,Tridentiger trigonocephalus,1,44,587,4274,2376455,2376462,FALSE,Tridentiger trigonocephalus,FALSE,NA,NA,NA,NA,NA,NA,NA,NA,NA,NA,NA,NA,Tridentiger trigonocephalus,Fish
2865355,Triglochin bulbosa L.,Triglochin bulbosa,L.,SPECIES,NA,ACCEPTED,Triglochin,bulbosa,SCIENTIFIC,<i>Triglochin</i> <i>bulbosa</i> L.,EXACT,99,4,Plantae,Tracheophyta,Alismatales,Juncaginaceae,Triglochin,Triglochin bulbosa,6,7707728,551,7679,2777072,2865355,FALSE,Triglochin bulbosa,FALSE,Liliopsida,196,NA,NA,NA,NA,NA,NA,NA,NA,NA,NA,Triglochin bulbosa,Plant (strict freshwater habitat tag only)
8010297,Triglochin scilloides (Poir.) Mering & Kadereit,Triglochin scilloides,(Poir.) Mering & Kadereit,SPECIES,BOTANICAL,ACCEPTED,Triglochin,scilloides,SCIENTIFIC,<i>Triglochin</i> <i>scilloides</i> (Poir.) Mering & Kadereit,EXACT,99,11,Plantae,Tracheophyta,Alismatales,Juncaginaceae,Triglochin,Triglochin scilloides,6,7707728,551,7679,2777072,8010297,FALSE,Triglochin scilloides,FALSE,Liliopsida,196,NA,NA,NA,NA,NA,NA,NA,NA,NA,NA,Triglochin scilloides,Plant (strict freshwater habitat tag only)
2865321,Triglochin striata Ruiz & Pav.,Triglochin striata,Ruiz & Pav.,SPECIES,NA,ACCEPTED,Triglochin,striata,SCIENTIFIC,<i>Triglochin</i> <i>striata</i> Ruiz & Pav.,EXACT,99,10,Plantae,Tracheophyta,Alismatales,Juncaginaceae,Triglochin,Triglochin striata,6,7707728,551,7679,2777072,2865321,FALSE,Triglochin striata,FALSE,Liliopsida,196,NA,NA,NA,NA,NA,NA,NA,NA,NA,NA,Triglochin striata,Plant (strict freshwater habitat tag only)
2367610,"Trigonostigma heteromorpha (Duncker, 1904)",Trigonostigma heteromorpha,"(Duncker, 1904)",SPECIES,ZOOLOGICAL,ACCEPTED,Trigonostigma,heteromorpha,SCIENTIFIC,"<i>Trigonostigma</i> <i>heteromorpha</i> (Duncker, 1904)",EXACT,99,13,Animalia,Chordata,Cypriniformes,Cyprinidae,Trigonostigma,Trigonostigma heteromorpha,1,44,1153,7336,2367609,2367610,FALSE,Trigonostigma heteromorpha,FALSE,NA,NA,NA,NA,NA,NA,NA,NA,NA,NA,NA,NA,Trigonostigma heteromorpha,Fish
5788192,"Tropheops tropheops (Regan, 1922)",Tropheops tropheops,"(Regan, 1922)",SPECIES,ZOOLOGICAL,ACCEPTED,Tropheops,tropheops,SCIENTIFIC,"<i>Tropheops</i> <i>tropheops</i> (Regan, 1922)",EXACT,99,9,Animalia,Chordata,Perciformes,Cichlidae,Tropheops,Tropheops tropheops,1,44,587,8522,2370547,5788192,FALSE,Tropheops tropheops,FALSE,NA,NA,NA,NA,NA,NA,NA,NA,NA,NA,NA,NA,Tropheops tropheops,Fish
6462129,"Turcogammarus aralensis (Uljanin, 1875)",Turcogammarus aralensis,"(Uljanin, 1875)",SPECIES,ZOOLOGICAL,ACCEPTED,Turcogammarus,aralensis,SCIENTIFIC,"<i>Turcogammarus</i> <i>aralensis</i> (Uljanin, 1875)",EXACT,99,12,Animalia,Arthropoda,Amphipoda,Pontogammaridae,Turcogammarus,Turcogammarus aralensis,1,54,1231,3254579,4642635,6462129,FALSE,Turcogammarus aralensis,FALSE,Malacostraca,229,NA,NA,NA,NA,NA,NA,NA,NA,NA,NA,Turcogammarus aralensis,Crayfish/crab (Malacostraca)
2401721,"Typhlichthys subterraneus Girard, 1859",Typhlichthys subterraneus,"Girard, 1859",SPECIES,ZOOLOGICAL,ACCEPTED,Typhlichthys,subterraneus,SCIENTIFIC,"<i>Typhlichthys</i> <i>subterraneus</i> Girard, 1859",EXACT,99,12,Animalia,Chordata,Percopsiformes,Amblyopsidae,Typhlichthys,Typhlichthys subterraneus,1,44,1310,5080,2401720,2401721,FALSE,Typhlichthys subterraneus,FALSE,NA,NA,NA,NA,NA,NA,NA,NA,NA,NA,NA,NA,Typhlichthys subterraneus,Fish
5203115,"Umbra krameri Walbaum, 1792",Umbra krameri,"Walbaum, 1792",SPECIES,ZOOLOGICAL,ACCEPTED,Umbra,krameri,SCIENTIFIC,"<i>Umbra</i> <i>krameri</i> Walbaum, 1792",EXACT,97,7,Animalia,Chordata,Esociformes,Umbridae,Umbra,Umbra krameri,1,44,548,7663,5203109,5203115,FALSE,Umbra krameri,FALSE,NA,NA,NA,NA,NA,NA,NA,NA,NA,NA,NA,NA,Umbra krameri,Fish
5203110,"Umbra limi (Kirtland, 1840)",Umbra limi,"(Kirtland, 1840)",SPECIES,ZOOLOGICAL,ACCEPTED,Umbra,limi,SCIENTIFIC,"<i>Umbra</i> <i>limi</i> (Kirtland, 1840)",EXACT,99,2,Animalia,Chordata,Esociformes,Umbridae,Umbra,Umbra limi,1,44,548,7663,5203109,5203110,FALSE,Umbra limi,FALSE,NA,NA,NA,NA,NA,NA,NA,NA,NA,NA,NA,NA,Umbra limi,Fish
5203111,"Umbra pygmaea (DeKay, 1842)",Umbra pygmaea,"(DeKay, 1842)",SPECIES,ZOOLOGICAL,ACCEPTED,Umbra,pygmaea,SCIENTIFIC,"<i>Umbra</i> <i>pygmaea</i> (DeKay, 1842)",EXACT,99,7,Animalia,Chordata,Esociformes,Umbridae,Umbra,Umbra pygmaea,1,44,548,7663,5203109,5203111,FALSE,Umbra pygmaea,FALSE,NA,NA,NA,NA,NA,NA,NA,NA,NA,NA,NA,NA,Umbra pygmaea,Fish
4374771,"Unio mancus Lamarck, 1819",Unio mancus,"Lamarck, 1819",SPECIES,ZOOLOGICAL,ACCEPTED,Unio,mancus,SCIENTIFIC,"<i>Unio</i> <i>mancus</i> Lamarck, 1819",EXACT,99,2,Animalia,Mollusca,Unionida,Unionidae,Unio,Unio mancus,1,52,9301143,3461,4374770,4374771,FALSE,Unio mancus,FALSE,Bivalvia,137,NA,NA,NA,NA,NA,NA,NA,NA,NA,NA,Unio mancus,Bivalve
4416910,"Uroniphargoides spinicaudatus (Carausu, 1943)",Uroniphargoides spinicaudatus,"(Carausu, 1943)",SPECIES,ZOOLOGICAL,ACCEPTED,Uroniphargoides,spinicaudatus,SCIENTIFIC,"<i>Uroniphargoides</i> <i>spinicaudatus</i> (Carausu, 1943)",EXACT,99,16,Animalia,Arthropoda,Amphipoda,Pontogammaridae,Uroniphargoides,Uroniphargoides spinicaudatus,1,54,1231,3254579,4406414,4416910,FALSE,Uroniphargoides spinicaudatus,FALSE,Malacostraca,229,NA,NA,NA,NA,NA,NA,NA,NA,NA,NA,Uroniphargoides spinicaudatus,Crayfish/crab (Malacostraca)
8001590,Utricularia aurea Lour.,Utricularia aurea,Lour.,SPECIES,NA,ACCEPTED,Utricularia,aurea,SCIENTIFIC,<i>Utricularia</i> <i>aurea</i> Lour.,EXACT,97,14,Plantae,Tracheophyta,Lamiales,Lentibulariaceae,Utricularia,Utricularia aurea,6,7707728,408,2391,3172398,8001590,FALSE,Utricularia aurea,FALSE,Magnoliopsida,220,NA,NA,NA,NA,NA,NA,NA,NA,NA,NA,Utricularia aurea,Plant (strict freshwater habitat tag only)
3172442,Utricularia inflata Walter,Utricularia inflata,Walter,SPECIES,NA,ACCEPTED,Utricularia,inflata,SCIENTIFIC,<i>Utricularia</i> <i>inflata</i> Walter,EXACT,97,15,Plantae,Tracheophyta,Lamiales,Lentibulariaceae,Utricularia,Utricularia inflata,6,7707728,408,2391,3172398,3172442,FALSE,Utricularia inflata,FALSE,Magnoliopsida,220,NA,NA,NA,NA,NA,NA,NA,NA,NA,NA,Utricularia inflata,Plant (strict freshwater habitat tag only)
2865501,Vallisneria americana Michx.,Vallisneria americana,Michx.,SPECIES,NA,ACCEPTED,Vallisneria,americana,SCIENTIFIC,<i>Vallisneria</i> <i>americana</i> Michx.,EXACT,99,13,Plantae,Tracheophyta,Alismatales,Hydrocharitaceae,Vallisneria,Vallisneria americana,6,7707728,551,3721,2865241,2865501,FALSE,Vallisneria americana,FALSE,Liliopsida,196,NA,NA,NA,NA,NA,NA,NA,NA,NA,NA,Vallisneria americana,Plant (strict freshwater habitat tag only)
2865496,Vallisneria nana R.Br.,Vallisneria nana,R.Br.,SPECIES,NA,ACCEPTED,Vallisneria,nana,SCIENTIFIC,<i>Vallisneria</i> <i>nana</i> R.Br.,EXACT,99,9,Plantae,Tracheophyta,Alismatales,Hydrocharitaceae,Vallisneria,Vallisneria nana,6,7707728,551,3721,2865241,2865496,FALSE,Vallisneria nana,FALSE,Liliopsida,196,NA,NA,NA,NA,NA,NA,NA,NA,NA,NA,Vallisneria nana,Plant (strict freshwater habitat tag only)
2865526,Vallisneria spiralis L.,Vallisneria spiralis,L.,SPECIES,NA,ACCEPTED,Vallisneria,spiralis,SCIENTIFIC,<i>Vallisneria</i> <i>spiralis</i> L.,EXACT,99,12,Plantae,Tracheophyta,Alismatales,Hydrocharitaceae,Vallisneria,Vallisneria spiralis,6,7707728,551,3721,2865241,2865526,FALSE,Vallisneria spiralis,FALSE,Liliopsida,196,NA,NA,NA,NA,NA,NA,NA,NA,NA,NA,Vallisneria spiralis,Plant (strict freshwater habitat tag only)
2298076,"Valvata piscinalis (O.F.Müller, 1774)",Valvata piscinalis,"(O.F.Müller, 1774)",SPECIES,ZOOLOGICAL,ACCEPTED,Valvata,piscinalis,SCIENTIFIC,"<i>Valvata</i> <i>piscinalis</i> (O.F.Müller, 1774)",EXACT,99,10,Animalia,Mollusca,NA,Valvatidae,Valvata,Valvata piscinalis,1,52,NA,2699,1434828,2298076,FALSE,Valvata piscinalis,FALSE,Gastropoda,225,NA,NA,NA,NA,NA,NA,NA,NA,NA,NA,Valvata piscinalis,Gastropod
5202901,"Vandellia beccarii Di Caporiacco, 1935",Vandellia beccarii,"Di Caporiacco, 1935",SPECIES,ZOOLOGICAL,ACCEPTED,Vandellia,beccarii,SCIENTIFIC,"<i>Vandellia</i> <i>beccarii</i> Di Caporiacco, 1935",EXACT,99,7,Animalia,Chordata,Siluriformes,Trichomycteridae,Vandellia,Vandellia beccarii,1,44,708,9230,2343272,5202901,FALSE,Vandellia beccarii,FALSE,NA,NA,NA,NA,NA,NA,NA,NA,NA,NA,NA,NA,Vandellia beccarii,Fish
5202897,"Vandellia cirrhosa Valenciennes, 1846",Vandellia cirrhosa,"Valenciennes, 1846",SPECIES,ZOOLOGICAL,ACCEPTED,Vandellia,cirrhosa,SCIENTIFIC,"<i>Vandellia</i> <i>cirrhosa</i> Valenciennes, 1846",EXACT,99,9,Animalia,Chordata,Siluriformes,Trichomycteridae,Vandellia,Vandellia cirrhosa,1,44,708,9230,2343272,5202897,FALSE,Vandellia cirrhosa,FALSE,NA,NA,NA,NA,NA,NA,NA,NA,NA,NA,NA,NA,Vandellia cirrhosa,Fish
5202902,"Vandellia sanguinea Eigenmann, 1917",Vandellia sanguinea,"Eigenmann, 1917",SPECIES,ZOOLOGICAL,ACCEPTED,Vandellia,sanguinea,SCIENTIFIC,"<i>Vandellia</i> <i>sanguinea</i> Eigenmann, 1917",EXACT,99,10,Animalia,Chordata,Siluriformes,Trichomycteridae,Vandellia,Vandellia sanguinea,1,44,708,9230,2343272,5202902,FALSE,Vandellia sanguinea,FALSE,NA,NA,NA,NA,NA,NA,NA,NA,NA,NA,NA,NA,Vandellia sanguinea,Fish
5553148,Victoria amazonica (Poepp.) Sowerby,Victoria amazonica,(Poepp.) Sowerby,SPECIES,BOTANICAL,ACCEPTED,Victoria,amazonica,SCIENTIFIC,<i>Victoria</i> <i>amazonica</i> (Poepp.) Sowerby,EXACT,97,11,Plantae,Tracheophyta,Nymphaeales,Nymphaeaceae,Victoria,Victoria amazonica,6,7707728,636,2423,7486634,5553148,FALSE,Victoria amazonica,FALSE,Magnoliopsida,220,NA,NA,NA,NA,NA,NA,NA,NA,NA,NA,Victoria amazonica,Plant (strict freshwater habitat tag only)
7166688,Victoria cruziana A.D.Orb.,Victoria cruziana,A.D.Orb.,SPECIES,NA,ACCEPTED,Victoria,cruziana,SCIENTIFIC,<i>Victoria</i> <i>cruziana</i> A.D.Orb.,EXACT,98,9,Plantae,Tracheophyta,Nymphaeales,Nymphaeaceae,Victoria,Victoria cruziana,6,7707728,636,2423,7486634,7166688,FALSE,Victoria cruziana,FALSE,Magnoliopsida,220,NA,NA,NA,NA,NA,NA,NA,NA,NA,NA,Victoria cruziana,Plant (strict freshwater habitat tag only)
2372015,"Vieja melanura (Günther, 1862)",Vieja melanura,"(Günther, 1862)",SPECIES,ZOOLOGICAL,ACCEPTED,Vieja,melanura,SCIENTIFIC,"<i>Vieja</i> <i>melanura</i> (Günther, 1862)",EXACT,99,7,Animalia,Chordata,Perciformes,Cichlidae,Vieja,Vieja melanura,1,44,587,8522,2372014,2372015,FALSE,Vieja melanura,FALSE,NA,NA,NA,NA,NA,NA,NA,NA,NA,NA,NA,NA,Vieja melanura,Fish
2360504,"Vimba vimba (Linnaeus, 1758)",Vimba vimba,"(Linnaeus, 1758)",SPECIES,ZOOLOGICAL,ACCEPTED,Vimba,vimba,SCIENTIFIC,"<i>Vimba</i> <i>vimba</i> (Linnaeus, 1758)",EXACT,99,2,Animalia,Chordata,Cypriniformes,Cyprinidae,Vimba,Vimba vimba,1,44,1153,7336,2360501,2360504,FALSE,Vimba vimba,FALSE,NA,NA,NA,NA,NA,NA,NA,NA,NA,NA,NA,NA,Vimba vimba,Fish
5190145,"Viviparus Montfort, 1810",Viviparus,"Montfort, 1810",GENUS,ZOOLOGICAL,ACCEPTED,NA,NA,SCIENTIFIC,"<i>Viviparus</i> Montfort, 1810",EXACT,92,33,Animalia,Mollusca,Architaenioglossa,Viviparidae,Viviparus,NA,1,52,455,2855,5190145,NA,FALSE,Viviparus,FALSE,Gastropoda,225,NA,NA,NA,NA,NA,NA,NA,NA,NA,NA,Viviparus,Gastropod
5778081,"Viviparus acerosus Bourguignat, 1862",Viviparus acerosus,"Bourguignat, 1862",SPECIES,ZOOLOGICAL,ACCEPTED,Viviparus,acerosus,SCIENTIFIC,"<i>Viviparus</i> <i>acerosus</i> Bourguignat, 1862",EXACT,99,10,Animalia,Mollusca,Architaenioglossa,Viviparidae,Viviparus,Viviparus acerosus,1,52,455,2855,5190145,5778081,FALSE,Viviparus acerosus,FALSE,Gastropoda,225,NA,NA,NA,NA,NA,NA,NA,NA,NA,NA,Viviparus acerosus,Gastropod
5778077,"Viviparus ater (De Cristofori & Jan, 1832)",Viviparus ater,"(De Cristofori & Jan, 1832)",SPECIES,ZOOLOGICAL,ACCEPTED,Viviparus,ater,SCIENTIFIC,"<i>Viviparus</i> <i>ater</i> (De Cristofori & Jan, 1832)",EXACT,99,11,Animalia,Mollusca,Architaenioglossa,Viviparidae,Viviparus,Viviparus ater,1,52,455,2855,5190145,5778077,FALSE,Viviparus ater,FALSE,Gastropoda,225,NA,NA,NA,NA,NA,NA,NA,NA,NA,NA,Viviparus ater,Gastropod
7344362,"Viviparus ater ater (De Cristofori & Jan, 1832)",Viviparus ater ater,"(De Cristofori & Jan, 1832)",SUBSPECIES,NA,ACCEPTED,Viviparus,ater,SCIENTIFIC,"<i>Viviparus</i> <i>ater</i> <i>ater</i> (De Cristofori & Jan, 1832)",EXACT,98,9,Animalia,Mollusca,Architaenioglossa,Viviparidae,Viviparus,Viviparus ater,1,52,455,2855,5190145,5778077,FALSE,Viviparus ater ater,FALSE,Gastropoda,225,NA,ater,Viviparus ater ater,7344362,NA,NA,NA,NA,NA,NA,Viviparus ater ater,Gastropod
5725685,"Viviparus viviparus (Linnaeus, 1758)",Viviparus viviparus,"(Linnaeus, 1758)",SPECIES,ZOOLOGICAL,ACCEPTED,Viviparus,viviparus,SCIENTIFIC,"<i>Viviparus</i> <i>viviparus</i> (Linnaeus, 1758)",EXACT,99,8,Animalia,Mollusca,Architaenioglossa,Viviparidae,Viviparus,Viviparus viviparus,1,52,455,2855,5190145,5725685,FALSE,Viviparus viviparus,FALSE,Gastropoda,225,NA,NA,NA,NA,NA,NA,NA,NA,NA,NA,Viviparus viviparus,Gastropod
5330092,Wolffia arrhiza (L.) Horkel ex Wimm.,Wolffia arrhiza,(L.) Horkel ex Wimm.,SPECIES,BOTANICAL,ACCEPTED,Wolffia,arrhiza,SCIENTIFIC,<i>Wolffia</i> <i>arrhiza</i> (L.) Horkel ex Wimm.,EXACT,97,6,Plantae,Tracheophyta,Alismatales,Araceae,Wolffia,Wolffia arrhiza,6,7707728,551,6979,5330077,5330092,FALSE,Wolffia arrhiza,FALSE,Liliopsida,196,NA,NA,NA,NA,NA,NA,NA,NA,NA,NA,Wolffia arrhiza,Plant (strict freshwater habitat tag only)
5330078,Wolffia australiana (Benth.) Hartog & Plas,Wolffia australiana,(Benth.) Hartog & Plas,SPECIES,BOTANICAL,ACCEPTED,Wolffia,australiana,SCIENTIFIC,<i>Wolffia</i> <i>australiana</i> (Benth.) Hartog & Plas,EXACT,99,9,Plantae,Tracheophyta,Alismatales,Araceae,Wolffia,Wolffia australiana,6,7707728,551,6979,5330077,5330078,FALSE,Wolffia australiana,FALSE,Liliopsida,196,NA,NA,NA,NA,NA,NA,NA,NA,NA,NA,Wolffia australiana,Plant (strict freshwater habitat tag only)
5330085,Wolffia columbiana H.Karst.,Wolffia columbiana,H.Karst.,SPECIES,NA,ACCEPTED,Wolffia,columbiana,SCIENTIFIC,<i>Wolffia</i> <i>columbiana</i> H.Karst.,EXACT,99,8,Plantae,Tracheophyta,Alismatales,Araceae,Wolffia,Wolffia columbiana,6,7707728,551,6979,5330077,5330085,FALSE,Wolffia columbiana,FALSE,Liliopsida,196,NA,NA,NA,NA,NA,NA,NA,NA,NA,NA,Wolffia columbiana,Plant (strict freshwater habitat tag only)
5330098,Wolffia globosa (Roxb.) Hartog & Plas,Wolffia globosa,(Roxb.) Hartog & Plas,SPECIES,BOTANICAL,ACCEPTED,Wolffia,globosa,SCIENTIFIC,<i>Wolffia</i> <i>globosa</i> (Roxb.) Hartog & Plas,EXACT,99,7,Plantae,Tracheophyta,Alismatales,Araceae,Wolffia,Wolffia globosa,6,7707728,551,6979,5330077,5330098,FALSE,Wolffia globosa,FALSE,Liliopsida,196,NA,NA,NA,NA,NA,NA,NA,NA,NA,NA,Wolffia globosa,Plant (strict freshwater habitat tag only)
2369064,"Xenentodon cancila (Hamilton, 1822)",Xenentodon cancila,"(Hamilton, 1822)",SPECIES,ZOOLOGICAL,ACCEPTED,Xenentodon,cancila,SCIENTIFIC,"<i>Xenentodon</i> <i>cancila</i> (Hamilton, 1822)",EXACT,99,9,Animalia,Chordata,Beloniformes,Belonidae,Xenentodon,Xenentodon cancila,1,44,498,7190,2369063,2369064,FALSE,Xenentodon cancila,FALSE,NA,NA,NA,NA,NA,NA,NA,NA,NA,NA,NA,NA,Xenentodon cancila,Fish
2369816,"Xenotilapia longispinis Poll, 1951",Xenotilapia longispinis,"Poll, 1951",SPECIES,ZOOLOGICAL,ACCEPTED,Xenotilapia,longispinis,SCIENTIFIC,"<i>Xenotilapia</i> <i>longispinis</i> Poll, 1951",EXACT,99,11,Animalia,Chordata,Perciformes,Cichlidae,Xenotilapia,Xenotilapia longispinis,1,44,587,8522,2369801,2369816,FALSE,Xenotilapia longispinis,FALSE,NA,NA,NA,NA,NA,NA,NA,NA,NA,NA,NA,NA,Xenotilapia longispinis,Fish
8246728,"Xiphophorus hellerii Heckel, 1848",Xiphophorus hellerii,"Heckel, 1848",SPECIES,ZOOLOGICAL,ACCEPTED,Xiphophorus,hellerii,SCIENTIFIC,"<i>Xiphophorus</i> <i>hellerii</i> Heckel, 1848",EXACT,99,12,Animalia,Chordata,Cyprinodontiformes,Poeciliidae,Xiphophorus,Xiphophorus hellerii,1,44,547,7659,2350152,8246728,FALSE,Xiphophorus hellerii,FALSE,NA,NA,NA,NA,NA,NA,NA,NA,NA,NA,NA,NA,Xiphophorus hellerii,Fish
2350164,"Xiphophorus maculatus (Günther, 1866)",Xiphophorus maculatus,"(Günther, 1866)",SPECIES,ZOOLOGICAL,ACCEPTED,Xiphophorus,maculatus,SCIENTIFIC,"<i>Xiphophorus</i> <i>maculatus</i> (Günther, 1866)",EXACT,99,17,Animalia,Chordata,Cyprinodontiformes,Poeciliidae,Xiphophorus,Xiphophorus maculatus,1,44,547,7659,2350152,2350164,FALSE,Xiphophorus maculatus,FALSE,NA,NA,NA,NA,NA,NA,NA,NA,NA,NA,NA,NA,Xiphophorus maculatus,Fish
2350220,"Xiphophorus variatus (Meek, 1904)",Xiphophorus variatus,"(Meek, 1904)",SPECIES,ZOOLOGICAL,ACCEPTED,Xiphophorus,variatus,SCIENTIFIC,"<i>Xiphophorus</i> <i>variatus</i> (Meek, 1904)",EXACT,99,8,Animalia,Chordata,Cyprinodontiformes,Poeciliidae,Xiphophorus,Xiphophorus variatus,1,44,547,7659,2350152,2350220,FALSE,Xiphophorus variatus,FALSE,NA,NA,NA,NA,NA,NA,NA,NA,NA,NA,NA,NA,Xiphophorus variatus,Fish
2350182,"Xiphophorus xiphidium (Gordon, 1932)",Xiphophorus xiphidium,"(Gordon, 1932)",SPECIES,ZOOLOGICAL,ACCEPTED,Xiphophorus,xiphidium,SCIENTIFIC,"<i>Xiphophorus</i> <i>xiphidium</i> (Gordon, 1932)",EXACT,99,14,Animalia,Chordata,Cyprinodontiformes,Poeciliidae,Xiphophorus,Xiphophorus xiphidium,1,44,547,7659,2350152,2350182,FALSE,Xiphophorus xiphidium,FALSE,NA,NA,NA,NA,NA,NA,NA,NA,NA,NA,NA,NA,Xiphophorus xiphidium,Fish
2367782,"Yasuhikotakia morleti (Tirant, 1885)",Yasuhikotakia morleti,"(Tirant, 1885)",SPECIES,ZOOLOGICAL,ACCEPTED,Yasuhikotakia,morleti,SCIENTIFIC,"<i>Yasuhikotakia</i> <i>morleti</i> (Tirant, 1885)",EXACT,99,9,Animalia,Chordata,Cypriniformes,Cobitidae,Yasuhikotakia,Yasuhikotakia morleti,1,44,1153,3385,2367772,2367782,FALSE,Yasuhikotakia morleti,FALSE,NA,NA,NA,NA,NA,NA,NA,NA,NA,NA,NA,NA,Yasuhikotakia morleti,Fish
4417163,"Yogmelina limana Karaman & Barnard, 1979",Yogmelina limana,"Karaman & Barnard, 1979",SPECIES,ZOOLOGICAL,ACCEPTED,Yogmelina,limana,SCIENTIFIC,"<i>Yogmelina</i> <i>limana</i> Karaman & Barnard, 1979",EXACT,99,7,Animalia,Arthropoda,Amphipoda,Gammaridae,Yogmelina,Yogmelina limana,1,54,1231,4434,4404743,4417163,FALSE,Yogmelina limana,FALSE,Malacostraca,229,NA,NA,NA,NA,NA,NA,NA,NA,NA,NA,Yogmelina limana,Crayfish/crab (Malacostraca)
2365787,"Zacco platypus (Temminck & Schlegel, 1846)",Zacco platypus,"(Temminck & Schlegel, 1846)",SPECIES,ZOOLOGICAL,ACCEPTED,Zacco,platypus,SCIENTIFIC,"<i>Zacco</i> <i>platypus</i> (Temminck & Schlegel, 1846)",EXACT,99,7,Animalia,Chordata,Cypriniformes,Cyprinidae,Zacco,Zacco platypus,1,44,1153,7336,2365782,2365787,FALSE,Zacco platypus,FALSE,NA,NA,NA,NA,NA,NA,NA,NA,NA,NA,NA,NA,Zacco platypus,Fish
